/* Generated by runtime/scripts/build-js.sh from runtime/js/node/. Do not edit. */

#include "t2.h"


const uint32_t t2__core_assert_size = 7348;

const uint8_t t2__core_assert[7348] = {
 0x1b, 0x82, 0xfa, 0xc0, 0xf9, 0x64, 0x01, 0x0e,
 0x65, 0x78, 0x70, 0x6f, 0x72, 0x74, 0x73, 0x01,
 0x0e, 0x72, 0x65, 0x71, 0x75, 0x69, 0x72, 0x65,
 0x01, 0x0c, 0x6d, 0x6f, 0x64, 0x75, 0x6c, 0x65,
 0x01, 0x14, 0x5f, 0x5f, 0x66, 0x69, 0x6c, 0x65,
 0x6e, 0x61, 0x6d, 0x65, 0x01, 0x12, 0x5f, 0x5f,
 0x64, 0x69, 0x72, 0x6e, 0x61, 0x6d, 0x65, 0x01,
 0x10, 0x5f, 0x5f, 0x6e, 0x61, 0x74, 0x69, 0x76,
 0x65, 0x01, 0x0e, 0x69, 0x6e, 0x73, 0x70, 0x65,
 0x63, 0x74, 0x01, 0x1c, 0x41, 0x73, 0x73, 0x65,
 0x72, 0x74, 0x69, 0x6f, 0x6e, 0x45, 0x72, 0x72,
 0x6f, 0x72, 0x01, 0x12, 0x69, 0x6e, 0x6e, 0x65,
 0x72, 0x46, 0x61, 0x69, 0x6c, 0x01, 0x20, 0x69,
 0x73, 0x50, 0x72, 0x69, 0x6d, 0x69, 0x74, 0x69,
 0x76, 0x65, 0x45, 0x71, 0x75, 0x61, 0x6c, 0x01,
 0x22, 0x64, 0x65, 0x65, 0x70, 0x45, 0x71, 0x75,
 0x61, 0x6c, 0x49, 0x6e, 0x74, 0x65, 0x72, 0x6e,
 0x61, 0x6c, 0x01, 0x1c, 0x63, 0x6f, 0x6d, 0x70,
 0x61, 0x72, 0x65, 0x4f, 0x62, 0x6a, 0x65, 0x63,
 0x74, 0x73, 0x01, 0x0c, 0x61, 0x73, 0x73, 0x65,
 0x72, 0x74, 0x01, 0x1e, 0x65, 0x78, 0x70, 0x65,
 0x63, 0x74, 0x65, 0x64, 0x4d, 0x61, 0x74, 0x63,
 0x68, 0x65, 0x73, 0x01, 0x26, 0x6e, 0x6f, 0x72,
 0x6d, 0x61, 0x6c, 0x69, 0x7a, 0x65, 0x54, 0x68,
 0x72, 0x6f, 0x77, 0x73, 0x41, 0x72, 0x67, 0x73,
 0x01, 0x0c, 0x73, 0x74, 0x72, 0x69, 0x63, 0x74,
 0x01, 0x0e, 0x6f, 0x70, 0x74, 0x69, 0x6f, 0x6e,
 0x73, 0x01, 0x0c, 0x61, 0x63, 0x74, 0x75, 0x61,
 0x6c, 0x01, 0x10, 0x65, 0x78, 0x70, 0x65, 0x63,
 0x74, 0x65, 0x64, 0x01, 0x10, 0x6f, 0x70, 0x65,
 0x72, 0x61, 0x74, 0x6f, 0x72, 0x01, 0x18, 0x73,
 0x74, 0x61, 0x63, 0x6b, 0x53, 0x74, 0x61, 0x72,
 0x74, 0x46, 0x6e, 0x01, 0x0a, 0x64, 0x65, 0x70,
 0x74, 0x68, 0x01, 0x02, 0x20, 0x01, 0x1a, 0x45,
 0x52, 0x52, 0x5f, 0x41, 0x53, 0x53, 0x45, 0x52,
 0x54, 0x49, 0x4f, 0x4e, 0x01, 0x08, 0x63, 0x6f,
 0x64, 0x65, 0x01, 0x20, 0x67, 0x65, 0x6e, 0x65,
 0x72, 0x61, 0x74, 0x65, 0x64, 0x4d, 0x65, 0x73,
 0x73, 0x61, 0x67, 0x65, 0x01, 0x22, 0x63, 0x61,
 0x70, 0x74, 0x75, 0x72, 0x65, 0x53, 0x74, 0x61,
 0x63, 0x6b, 0x54, 0x72, 0x61, 0x63, 0x65, 0x01,
 0x12, 0x3c, 0x75, 0x6e, 0x6e, 0x61, 0x6d, 0x65,
 0x64, 0x3e, 0x01, 0x02, 0x61, 0x01, 0x02, 0x62,
 0x01, 0x04, 0x69, 0x73, 0x01, 0x08, 0x6d, 0x65,
 0x6d, 0x6f, 0x01, 0x0a, 0x73, 0x65, 0x65, 0x6e,
 0x41, 0x01, 0x0a, 0x73, 0x65, 0x65, 0x6e, 0x42,
 0x01, 0x08, 0x70, 0x75, 0x73, 0x68, 0x01, 0x06,
 0x70, 0x6f, 0x70, 0x01, 0x0a, 0x76, 0x69, 0x65,
 0x77, 0x41, 0x01, 0x0a, 0x76, 0x69, 0x65, 0x77,
 0x42, 0x01, 0x02, 0x69, 0x01, 0x06, 0x6b, 0x65,
 0x79, 0x01, 0x0e, 0x6d, 0x61, 0x74, 0x63, 0x68,
 0x65, 0x64, 0x01, 0x10, 0x6f, 0x74, 0x68, 0x65,
 0x72, 0x4b, 0x65, 0x79, 0x01, 0x14, 0x6f, 0x74,
 0x68, 0x65, 0x72, 0x56, 0x61, 0x6c, 0x75, 0x65,
 0x01, 0x0a, 0x6f, 0x74, 0x68, 0x65, 0x72, 0x01,
 0x0a, 0x6b, 0x65, 0x79, 0x73, 0x41, 0x01, 0x0a,
 0x6b, 0x65, 0x79, 0x73, 0x42, 0x01, 0x10, 0x73,
 0x79, 0x6d, 0x62, 0x6f, 0x6c, 0x73, 0x41, 0x01,
 0x10, 0x73, 0x79, 0x6d, 0x62, 0x6f, 0x6c, 0x73,
 0x42, 0x01, 0x02, 0x73, 0x01, 0x28, 0x70, 0x72,
 0x6f, 0x70, 0x65, 0x72, 0x74, 0x79, 0x49, 0x73,
 0x45, 0x6e, 0x75, 0x6d, 0x65, 0x72, 0x61, 0x62,
 0x6c, 0x65, 0x01, 0x08, 0x63, 0x61, 0x6c, 0x6c,
 0x01, 0x0e, 0x67, 0x65, 0x74, 0x54, 0x69, 0x6d,
 0x65, 0x01, 0x0c, 0x69, 0x73, 0x56, 0x69, 0x65,
 0x77, 0x01, 0x14, 0x62, 0x79, 0x74, 0x65, 0x4c,
 0x65, 0x6e, 0x67, 0x74, 0x68, 0x01, 0x0c, 0x62,
 0x75, 0x66, 0x66, 0x65, 0x72, 0x01, 0x14, 0x62,
 0x79, 0x74, 0x65, 0x4f, 0x66, 0x66, 0x73, 0x65,
 0x74, 0x01, 0x0e, 0x69, 0x73, 0x41, 0x72, 0x72,
 0x61, 0x79, 0x01, 0x1c, 0x68, 0x61, 0x73, 0x4f,
 0x77, 0x6e, 0x50, 0x72, 0x6f, 0x70, 0x65, 0x72,
 0x74, 0x79, 0x01, 0x2a, 0x67, 0x65, 0x74, 0x4f,
 0x77, 0x6e, 0x50, 0x72, 0x6f, 0x70, 0x65, 0x72,
 0x74, 0x79, 0x53, 0x79, 0x6d, 0x62, 0x6f, 0x6c,
 0x73, 0x01, 0x0c, 0x66, 0x69, 0x6c, 0x74, 0x65,
 0x72, 0x01, 0x04, 0x3d, 0x3d, 0x01, 0x08, 0x66,
 0x61, 0x69, 0x6c, 0x01, 0x0c, 0x46, 0x61, 0x69,
 0x6c, 0x65, 0x64, 0x01, 0x0a, 0x65, 0x71, 0x75,
 0x61, 0x6c, 0x01, 0x10, 0x6e, 0x6f, 0x74, 0x45,
 0x71, 0x75, 0x61, 0x6c, 0x01, 0x04, 0x21, 0x3d,
 0x01, 0x16, 0x73, 0x74, 0x72, 0x69, 0x63, 0x74,
 0x45, 0x71, 0x75, 0x61, 0x6c, 0x01, 0x1c, 0x6e,
 0x6f, 0x74, 0x53, 0x74, 0x72, 0x69, 0x63, 0x74,
 0x45, 0x71, 0x75, 0x61, 0x6c, 0x01, 0x12, 0x64,
 0x65, 0x65, 0x70, 0x45, 0x71, 0x75, 0x61, 0x6c,
 0x01, 0x18, 0x6e, 0x6f, 0x74, 0x44, 0x65, 0x65,
 0x70, 0x45, 0x71, 0x75, 0x61, 0x6c, 0x01, 0x1e,
 0x64, 0x65, 0x65, 0x70, 0x53, 0x74, 0x72, 0x69,
 0x63, 0x74, 0x45, 0x71, 0x75, 0x61, 0x6c, 0x01,
 0x24, 0x6e, 0x6f, 0x74, 0x44, 0x65, 0x65, 0x70,
 0x53, 0x74, 0x72, 0x69, 0x63, 0x74, 0x45, 0x71,
 0x75, 0x61, 0x6c, 0x01, 0x06, 0x65, 0x72, 0x72,
 0x01, 0x08, 0x74, 0x65, 0x73, 0x74, 0x01, 0x0a,
 0x65, 0x76, 0x65, 0x72, 0x79, 0x01, 0x0c, 0x74,
 0x68, 0x72, 0x6f, 0x77, 0x73, 0x01, 0x04, 0x66,
 0x6e, 0x01, 0x16, 0x65, 0x78, 0x70, 0x65, 0x63,
 0x74, 0x65, 0x64, 0x41, 0x72, 0x67, 0x01, 0x14,
 0x6d, 0x65, 0x73, 0x73, 0x61, 0x67, 0x65, 0x41,
 0x72, 0x67, 0x01, 0x0a, 0x74, 0x68, 0x72, 0x65,
 0x77, 0x01, 0x0c, 0x63, 0x61, 0x75, 0x67, 0x68,
 0x74, 0x01, 0x36, 0x4d, 0x69, 0x73, 0x73, 0x69,
 0x6e, 0x67, 0x20, 0x65, 0x78, 0x70, 0x65, 0x63,
 0x74, 0x65, 0x64, 0x20, 0x65, 0x78, 0x63, 0x65,
 0x70, 0x74, 0x69, 0x6f, 0x6e, 0x2e, 0x01, 0x18,
 0x64, 0x6f, 0x65, 0x73, 0x4e, 0x6f, 0x74, 0x54,
 0x68, 0x72, 0x6f, 0x77, 0x01, 0x30, 0x47, 0x6f,
 0x74, 0x20, 0x75, 0x6e, 0x77, 0x61, 0x6e, 0x74,
 0x65, 0x64, 0x20, 0x65, 0x78, 0x63, 0x65, 0x70,
 0x74, 0x69, 0x6f, 0x6e, 0x2e, 0x0a, 0x01, 0x0e,
 0x72, 0x65, 0x6a, 0x65, 0x63, 0x74, 0x73, 0x01,
 0x16, 0x70, 0x72, 0x6f, 0x6d, 0x69, 0x73, 0x65,
 0x4f, 0x72, 0x46, 0x6e, 0x01, 0x36, 0x4d, 0x69,
 0x73, 0x73, 0x69, 0x6e, 0x67, 0x20, 0x65, 0x78,
 0x70, 0x65, 0x63, 0x74, 0x65, 0x64, 0x20, 0x72,
 0x65, 0x6a, 0x65, 0x63, 0x74, 0x69, 0x6f, 0x6e,
 0x2e, 0x01, 0x1a, 0x64, 0x6f, 0x65, 0x73, 0x4e,
 0x6f, 0x74, 0x52, 0x65, 0x6a, 0x65, 0x63, 0x74,
 0x01, 0x30, 0x47, 0x6f, 0x74, 0x20, 0x75, 0x6e,
 0x77, 0x61, 0x6e, 0x74, 0x65, 0x64, 0x20, 0x72,
 0x65, 0x6a, 0x65, 0x63, 0x74, 0x69, 0x6f, 0x6e,
 0x2e, 0x0a, 0x01, 0x0e, 0x69, 0x66, 0x45, 0x72,
 0x72, 0x6f, 0x72, 0x01, 0x40, 0x69, 0x66, 0x45,
 0x72, 0x72, 0x6f, 0x72, 0x20, 0x67, 0x6f, 0x74,
 0x20, 0x75, 0x6e, 0x77, 0x61, 0x6e, 0x74, 0x65,
 0x64, 0x20, 0x65, 0x78, 0x63, 0x65, 0x70, 0x74,
 0x69, 0x6f, 0x6e, 0x3a, 0x20, 0x01, 0x0a, 0x6d,
 0x61, 0x74, 0x63, 0x68, 0x01, 0x0c, 0x72, 0x65,
 0x67, 0x65, 0x78, 0x70, 0x01, 0x5e, 0x54, 0x68,
 0x65, 0x20, 0x69, 0x6e, 0x70, 0x75, 0x74, 0x20,
 0x64, 0x69, 0x64, 0x20, 0x6e, 0x6f, 0x74, 0x20,
 0x6d, 0x61, 0x74, 0x63, 0x68, 0x20, 0x74, 0x68,
 0x65, 0x20, 0x72, 0x65, 0x67, 0x75, 0x6c, 0x61,
 0x72, 0x20, 0x65, 0x78, 0x70, 0x72, 0x65, 0x73,
 0x73, 0x69, 0x6f, 0x6e, 0x20, 0x01, 0x02, 0x2e,
 0x01, 0x18, 0x64, 0x6f, 0x65, 0x73, 0x4e, 0x6f,
 0x74, 0x4d, 0x61, 0x74, 0x63, 0x68, 0x01, 0x76,
 0x54, 0x68, 0x65, 0x20, 0x69, 0x6e, 0x70, 0x75,
 0x74, 0x20, 0x77, 0x61, 0x73, 0x20, 0x65, 0x78,
 0x70, 0x65, 0x63, 0x74, 0x65, 0x64, 0x20, 0x74,
 0x6f, 0x20, 0x6e, 0x6f, 0x74, 0x20, 0x6d, 0x61,
 0x74, 0x63, 0x68, 0x20, 0x74, 0x68, 0x65, 0x20,
 0x72, 0x65, 0x67, 0x75, 0x6c, 0x61, 0x72, 0x20,
 0x65, 0x78, 0x70, 0x72, 0x65, 0x73, 0x73, 0x69,
 0x6f, 0x6e, 0x20, 0x01, 0x18, 0x73, 0x74, 0x72,
 0x69, 0x63, 0x74, 0x41, 0x73, 0x73, 0x65, 0x72,
 0x74, 0x01, 0x08, 0x75, 0x74, 0x69, 0x6c, 0x01,
 0x0c, 0x61, 0x73, 0x73, 0x69, 0x67, 0x6e, 0x0c,
 0x00, 0x0a, 0x00, 0xa8, 0x01, 0x00, 0x01, 0x00,
 0x01, 0x00, 0x00, 0x01, 0x04, 0x01, 0xaa, 0x01,
 0x00, 0x00, 0x00, 0x0c, 0x43, 0x0a, 0x01, 0x00,
 0x06, 0x0d, 0x06, 0x06, 0x0b, 0x00, 0x19, 0x81,
 0x03, 0x13, 0xe4, 0x03, 0x00, 0x01, 0x00, 0xe6,
 0x03, 0x00, 0x01, 0x00, 0xe8, 0x03, 0x00, 0x01,
 0x00, 0xea, 0x03, 0x00, 0x01, 0x00, 0xec, 0x03,
 0x00, 0x01, 0x00, 0xee, 0x03, 0x00, 0x01, 0x00,
 0xf0, 0x03, 0x01, 0x00, 0x70, 0x00, 0xf2, 0x03,
 0x02, 0x0d, 0x70, 0x02, 0xfe, 0x01, 0x03, 0x02,
 0x70, 0x01, 0xf2, 0x03, 0x01, 0x01, 0x60, 0x03,
 0xf4, 0x03, 0x00, 0x00, 0x40, 0x07, 0xf6, 0x03,
 0x00, 0x05, 0x40, 0x04, 0xf8, 0x03, 0x00, 0x06,
 0x40, 0x06, 0xfa, 0x03, 0x00, 0x07, 0x40, 0x05,
 0xb2, 0x02, 0x00, 0x08, 0x40, 0x08, 0xfc, 0x03,
 0x01, 0x04, 0x30, 0xfe, 0x03, 0x00, 0x09, 0x40,
 0x0a, 0x80, 0x04, 0x00, 0x0b, 0x40, 0x09, 0x82,
 0x04, 0x01, 0x0a, 0x30, 0x0c, 0xc6, 0x0b, 0x01,
 0x00, 0x01, 0x08, 0x01, 0x0a, 0x00, 0x03, 0x00,
 0x91, 0x02, 0x09, 0x84, 0x04, 0x00, 0x01, 0x00,
 0x86, 0x04, 0x01, 0x00, 0x30, 0x88, 0x04, 0x01,
 0x01, 0x30, 0x8a, 0x04, 0x01, 0x02, 0x30, 0x8c,
 0x04, 0x01, 0x03, 0x30, 0x68, 0x01, 0x04, 0x30,
 0xf6, 0x01, 0x00, 0x01, 0x00, 0xf4, 0x01, 0x00,
 0x01, 0x00, 0x10, 0x00, 0x01, 0x20, 0xf0, 0x03,
 0x00, 0x18, 0xfe, 0x01, 0x02, 0x18, 0xf2, 0x03,
 0x01, 0x18, 0x0c, 0x02, 0xc8, 0x05, 0x0c, 0x03,
 0xc8, 0x06, 0x60, 0x07, 0x00, 0x2b, 0x60, 0x04,
 0x00, 0x60, 0x03, 0x00, 0x60, 0x02, 0x00, 0x60,
 0x01, 0x00, 0x60, 0x00, 0x00, 0x06, 0x11, 0xf8,
 0xf1, 0x1d, 0x70, 0x41, 0x03, 0x01, 0x00, 0x00,
 0xcf, 0x41, 0x04, 0x01, 0x00, 0x00, 0xd0, 0x41,
 0x05, 0x01, 0x00, 0x00, 0xd1, 0x41, 0x06, 0x01,
 0x00, 0x00, 0xd2, 0x0e, 0xf2, 0x05, 0x0e, 0xd7,
 0xf2, 0xe1, 0xd7, 0x40, 0x34, 0x00, 0x00, 0x00,
 0x11, 0xf1, 0x34, 0x0e, 0xc6, 0x41, 0x64, 0x00,
 0x00, 0x00, 0x64, 0x00, 0x00, 0x61, 0x00, 0x00,
 0x0b, 0xbc, 0x4b, 0x07, 0x01, 0x00, 0x00, 0xf6,
 0x04, 0x08, 0x01, 0x00, 0x00, 0x61, 0x02, 0x00,
 0x04, 0x08, 0x01, 0x00, 0x00, 0x64, 0x00, 0x00,
 0x61, 0x01, 0x00, 0x0b, 0xbc, 0x4b, 0x07, 0x01,
 0x00, 0x00, 0xf6, 0x24, 0x05, 0x00, 0xc8, 0x04,
 0xc7, 0x05, 0x35, 0xc7, 0x06, 0x61, 0x04, 0x00,
 0x21, 0x01, 0x00, 0x11, 0x63, 0x07, 0x00, 0x64,
 0x01, 0x00, 0x11, 0xf0, 0x08, 0x61, 0x07, 0x00,
 0x1b, 0x24, 0x00, 0x00, 0x0e, 0x0e, 0x61, 0x07,
 0x00, 0x04, 0xf9, 0x00, 0x00, 0x00, 0x42, 0x3a,
 0x00, 0x00, 0x00, 0x61, 0x07, 0x00, 0x04, 0x09,
 0x01, 0x00, 0x00, 0x42, 0x0a, 0x01, 0x00, 0x00,
 0x61, 0x07, 0x00, 0x61, 0x00, 0x00, 0x42, 0x03,
 0x01, 0x00, 0x00, 0x61, 0x07, 0x00, 0x61, 0x01,
 0x00, 0x42, 0x04, 0x01, 0x00, 0x00, 0x61, 0x07,
 0x00, 0x61, 0x02, 0x00, 0x42, 0x05, 0x01, 0x00,
 0x00, 0x61, 0x07, 0x00, 0xd7, 0x40, 0x34, 0x00,
 0x00, 0x00, 0x95, 0x42, 0x0b, 0x01, 0x00, 0x00,
 0x38, 0xa0, 0x00, 0x00, 0x00, 0x40, 0x0c, 0x01,
 0x00, 0x00, 0xf0, 0x1c, 0x38, 0xa0, 0x00, 0x00,
 0x00, 0x41, 0x0c, 0x01, 0x00, 0x00, 0x61, 0x07,
 0x00, 0x61, 0x03, 0x00, 0x11, 0xf1, 0x05, 0x0e,
 0x64, 0x02, 0x00, 0x24, 0x02, 0x00, 0x0e, 0x61,
 0x07, 0x00, 0x28, 0x9a, 0x04, 0x0e, 0x05, 0x32,
 0x00, 0x3d, 0x02, 0x72, 0x12, 0x49, 0x53, 0x11,
 0x11, 0x10, 0x52, 0x32, 0x2a, 0x18, 0x11, 0x10,
 0x54, 0x77, 0x1b, 0x0c, 0x81, 0x0b, 0x44, 0x00,
 0x44, 0x00, 0x11, 0x1c, 0x2b, 0x1b, 0x11, 0x20,
 0x2b, 0x1f, 0x11, 0x20, 0x2b, 0x1f, 0x11, 0x32,
 0x41, 0x29, 0x3f, 0x00, 0x34, 0x30, 0x11, 0x0c,
 0x25, 0x20, 0x00, 0x0c, 0x43, 0x0a, 0x01, 0xf4,
 0x03, 0x01, 0x00, 0x01, 0x03, 0x00, 0x01, 0x00,
 0x09, 0x01, 0x84, 0x04, 0x00, 0x01, 0x00, 0xf2,
 0x03, 0x03, 0x10, 0x64, 0x00, 0x00, 0x11, 0xd7,
 0x21, 0x01, 0x00, 0x30, 0x9a, 0x04, 0x23, 0x01,
 0x04, 0x03, 0x1c, 0x16, 0x1e, 0x00, 0x0c, 0x43,
 0x0a, 0x01, 0xf6, 0x03, 0x03, 0x00, 0x03, 0x04,
 0x00, 0x00, 0x00, 0x17, 0x03, 0x9c, 0x04, 0x00,
 0x01, 0x00, 0x9e, 0x04, 0x00, 0x01, 0x00, 0x82,
 0x04, 0x00, 0x01, 0x00, 0xd9, 0xf0, 0x11, 0x38,
 0x9e, 0x00, 0x00, 0x00, 0x41, 0x10, 0x01, 0x00,
 0x00, 0xd7, 0xd8, 0x24, 0x02, 0x00, 0x28, 0xd7,
 0xd8, 0xab, 0x28, 0x9a, 0x04, 0x29, 0x01, 0x0c,
 0x03, 0x16, 0x11, 0x12, 0x34, 0x14, 0x07, 0x06,
 0x1b, 0x0a, 0x07, 0x0a, 0x00, 0x0c, 0x43, 0x0a,
 0x01, 0xf8, 0x03, 0x04, 0x02, 0x04, 0x08, 0x00,
 0x02, 0x00, 0xca, 0x01, 0x06, 0x9c, 0x04, 0x00,
 0x01, 0x00, 0x9e, 0x04, 0x00, 0x01, 0x00, 0x82,
 0x04, 0x00, 0x01, 0x00, 0xa2, 0x04, 0x00, 0x01,
 0x00, 0xa4, 0x04, 0x08, 0x00, 0x30, 0xa6, 0x04,
 0x08, 0x01, 0x30, 0xf6, 0x03, 0x05, 0x00, 0xfa,
 0x03, 0x07, 0x00, 0xd9, 0xf0, 0x12, 0x38, 0x9e,
 0x00, 0x00, 0x00, 0x41, 0x10, 0x01, 0x00, 0x00,
 0xd7, 0xd8, 0x24, 0x02, 0x00, 0xf2, 0x04, 0xd7,
 0xd8, 0xad, 0xf0, 0x03, 0x0a, 0x28, 0xd7, 0xf9,
 0x11, 0xf1, 0x1c, 0x0e, 0xd8, 0xf9, 0x11, 0xf1,
 0x16, 0x0e, 0xd7, 0x96, 0x04, 0x4d, 0x00, 0x00,
 0x00, 0xae, 0x11, 0xf1, 0x0a, 0x0e, 0xd8, 0x96,
 0x04, 0x4d, 0x00, 0x00, 0x00, 0xae, 0xf0, 0x08,
 0xe3, 0xd7, 0xd8, 0xd9, 0x23, 0x03, 0x00, 0xd9,
 0xf0, 0x22, 0x38, 0x9e, 0x00, 0x00, 0x00, 0x41,
 0x67, 0x00, 0x00, 0x00, 0xd7, 0x24, 0x01, 0x00,
 0x38, 0x9e, 0x00, 0x00, 0x00, 0x41, 0x67, 0x00,
 0x00, 0x00, 0xd8, 0x24, 0x01, 0x00, 0xae, 0xf0,
 0x03, 0x09, 0x28, 0x60, 0x01, 0x00, 0x60, 0x00,
 0x00, 0xda, 0x7e, 0xf2, 0x1f, 0x7e, 0x81, 0x00,
 0x0e, 0xcf, 0x81, 0x00, 0x0e, 0xd0, 0x83, 0x61,
 0x00, 0x00, 0xd7, 0xad, 0xf0, 0x0e, 0x61, 0x01,
 0x00, 0xd8, 0xad, 0xf0, 0x07, 0x0a, 0x6e, 0x1e,
 0x06, 0x83, 0x28, 0x81, 0x00, 0xf0, 0xdf, 0x0e,
 0x83, 0xda, 0x41, 0x14, 0x01, 0x00, 0x00, 0xd7,
 0xd8, 0x26, 0x02, 0x00, 0x24, 0x01, 0x00, 0x0e,
 0x6b, 0x13, 0x00, 0x00, 0x00, 0xe4, 0xd7, 0xd8,
 0xd9, 0xda, 0x22, 0x04, 0x00, 0x6e, 0x6c, 0x0b,
 0x00, 0x00, 0x00, 0x28, 0x6c, 0x05, 0x00, 0x00,
 0x00, 0x30, 0xda, 0x41, 0x15, 0x01, 0x00, 0x00,
 0x24, 0x00, 0x00, 0x0e, 0x6d, 0x9a, 0x04, 0x2d,
 0x01, 0x56, 0x03, 0x10, 0x11, 0x12, 0x34, 0x14,
 0x07, 0x06, 0x20, 0x0a, 0x07, 0x0c, 0x00, 0x06,
 0x0c, 0x41, 0x07, 0x0c, 0x1b, 0x10, 0x07, 0x0c,
 0x1b, 0x1e, 0x07, 0x0c, 0x39, 0x26, 0x07, 0x0c,
 0x30, 0x75, 0x07, 0x22, 0x07, 0x06, 0x07, 0x06,
 0x19, 0x3b, 0x11, 0x14, 0x34, 0x2c, 0x16, 0x0e,
 0x34, 0x2c, 0x00, 0x0f, 0x0c, 0x47, 0x43, 0x23,
 0x08, 0x05, 0x11, 0x14, 0x16, 0x0a, 0x11, 0x14,
 0x4c, 0x41, 0x00, 0x01, 0x0c, 0x00, 0x20, 0x16,
 0x07, 0x06, 0x46, 0x05, 0x07, 0x1e, 0x07, 0x06,
 0x07, 0x06, 0x07, 0x10, 0x59, 0x47, 0x20, 0x0a,
 0x00, 0x0c, 0x43, 0x0a, 0x01, 0xfa, 0x03, 0x04,
 0x11, 0x04, 0x0b, 0x02, 0x01, 0x02, 0xbf, 0x08,
 0x15, 0x9c, 0x04, 0x00, 0x01, 0x40, 0x00, 0x9e,
 0x04, 0x00, 0x01, 0x40, 0x01, 0x82, 0x04, 0x00,
 0x01, 0x00, 0xa2, 0x04, 0x00, 0x01, 0x00, 0xac,
 0x04, 0x0d, 0x10, 0x30, 0xae, 0x04, 0x0d, 0x01,
 0x30, 0xb0, 0x04, 0x10, 0x02, 0x20, 0xb2, 0x04,
 0x18, 0x10, 0x30, 0x88, 0x01, 0x18, 0x04, 0x30,
 0xb4, 0x04, 0x19, 0x05, 0x20, 0xb6, 0x04, 0x1a,
 0x06, 0x30, 0xb8, 0x04, 0x1a, 0x07, 0x30, 0x88,
 0x01, 0x24, 0x10, 0x30, 0xb4, 0x04, 0x25, 0x09,
 0x20, 0xba, 0x04, 0x26, 0x0a, 0x30, 0xbc, 0x04,
 0x01, 0x00, 0x30, 0xbe, 0x04, 0x01, 0x0c, 0x30,
 0xb2, 0x04, 0x32, 0x10, 0x30, 0xc0, 0x04, 0x01,
 0x0d, 0x30, 0xc2, 0x04, 0x01, 0x0f, 0x30, 0x9c,
 0x01, 0x3a, 0x10, 0x30, 0xf8, 0x03, 0x06, 0x00,
 0x0c, 0x42, 0x0a, 0x01, 0x00, 0x01, 0x00, 0x01,
 0x04, 0x00, 0x01, 0x00, 0x19, 0x01, 0xc4, 0x04,
 0x00, 0x01, 0x00, 0x9c, 0x04, 0x00, 0x01, 0x38,
 0x9e, 0x00, 0x00, 0x00, 0x40, 0x3f, 0x00, 0x00,
 0x00, 0x40, 0x23, 0x01, 0x00, 0x00, 0x41, 0x24,
 0x01, 0x00, 0x00, 0xe3, 0xd7, 0x25, 0x02, 0x00,
 0x9a, 0x04, 0xb9, 0x01, 0x3d, 0x06, 0x02, 0x0a,
 0x66, 0x56, 0x07, 0x06, 0x00, 0x0c, 0x42, 0x0a,
 0x01, 0x00, 0x01, 0x00, 0x01, 0x04, 0x00, 0x01,
 0x00, 0x19, 0x01, 0xc4, 0x04, 0x00, 0x01, 0x00,
 0x9e, 0x04, 0x01, 0x01, 0x38, 0x9e, 0x00, 0x00,
 0x00, 0x40, 0x3f, 0x00, 0x00, 0x00, 0x40, 0x23,
 0x01, 0x00, 0x00, 0x41, 0x24, 0x01, 0x00, 0x00,
 0xe3, 0xd7, 0x25, 0x02, 0x00, 0x9a, 0x04, 0xba,
 0x01, 0x3d, 0x06, 0x02, 0x0a, 0x66, 0x56, 0x07,
 0x06, 0x00, 0x60, 0x0f, 0x00, 0x60, 0x0e, 0x00,
 0x60, 0x0c, 0x00, 0x60, 0x0b, 0x00, 0xd7, 0x38,
 0xa8, 0x00, 0x00, 0x00, 0xa9, 0x11, 0xf1, 0x09,
 0x0e, 0xd8, 0x38, 0xa8, 0x00, 0x00, 0x00, 0xa9,
 0xf0, 0x37, 0xd7, 0x38, 0xa8, 0x00, 0x00, 0x00,
 0xa9, 0x11, 0xf0, 0x2c, 0x0e, 0xd8, 0x38, 0xa8,
 0x00, 0x00, 0x00, 0xa9, 0x11, 0xf0, 0x21, 0x0e,
 0x38, 0x9e, 0x00, 0x00, 0x00, 0x41, 0x10, 0x01,
 0x00, 0x00, 0xd7, 0x41, 0x25, 0x01, 0x00, 0x00,
 0x24, 0x00, 0x00, 0xd8, 0x41, 0x25, 0x01, 0x00,
 0x00, 0x24, 0x00, 0x00, 0x24, 0x02, 0x00, 0x28,
 0xd7, 0x38, 0xac, 0x00, 0x00, 0x00, 0xa9, 0x11,
 0xf1, 0x09, 0x0e, 0xd8, 0x38, 0xac, 0x00, 0x00,
 0x00, 0xa9, 0xf0, 0x36, 0xd7, 0x38, 0xac, 0x00,
 0x00, 0x00, 0xa9, 0x11, 0xf0, 0x2b, 0x0e, 0xd8,
 0x38, 0xac, 0x00, 0x00, 0x00, 0xa9, 0x11, 0xf0,
 0x20, 0x0e, 0xd7, 0x40, 0x74, 0x00, 0x00, 0x00,
 0xd8, 0x40, 0x74, 0x00, 0x00, 0x00, 0xad, 0x11,
 0xf0, 0x0f, 0x0e, 0xd7, 0x40, 0x75, 0x00, 0x00,
 0x00, 0xd8, 0x40, 0x75, 0x00, 0x00, 0x00, 0xad,
 0x28, 0xd7, 0x38, 0xa0, 0x00, 0x00, 0x00, 0xa9,
 0x11, 0xf1, 0x09, 0x0e, 0xd8, 0x38, 0xa0, 0x00,
 0x00, 0x00, 0xa9, 0xf0, 0x3a, 0xd7, 0x38, 0xa0,
 0x00, 0x00, 0x00, 0xa9, 0x11, 0xf0, 0x09, 0x0e,
 0xd8, 0x38, 0xa0, 0x00, 0x00, 0x00, 0xa9, 0x95,
 0xf0, 0x03, 0x09, 0x28, 0xd7, 0x40, 0x3a, 0x00,
 0x00, 0x00, 0xd8, 0x40, 0x3a, 0x00, 0x00, 0x00,
 0xae, 0x11, 0xf1, 0x0f, 0x0e, 0xd7, 0x40, 0x34,
 0x00, 0x00, 0x00, 0xd8, 0x40, 0x34, 0x00, 0x00,
 0x00, 0xae, 0xf0, 0x03, 0x09, 0x28, 0x38, 0xad,
 0x00, 0x00, 0x00, 0x41, 0x26, 0x01, 0x00, 0x00,
 0xd7, 0x24, 0x01, 0x00, 0x11, 0xf1, 0x10, 0x0e,
 0x38, 0xad, 0x00, 0x00, 0x00, 0x41, 0x26, 0x01,
 0x00, 0x00, 0xd8, 0x24, 0x01, 0x00, 0x68, 0xa7,
 0x00, 0x00, 0x00, 0x60, 0x01, 0x00, 0x60, 0x00,
 0x00, 0x38, 0xad, 0x00, 0x00, 0x00, 0x41, 0x26,
 0x01, 0x00, 0x00, 0xd7, 0x24, 0x01, 0x00, 0x95,
 0x11, 0xf1, 0x22, 0x0e, 0x38, 0xad, 0x00, 0x00,
 0x00, 0x41, 0x26, 0x01, 0x00, 0x00, 0xd8, 0x24,
 0x01, 0x00, 0x95, 0x11, 0xf1, 0x0f, 0x0e, 0xd7,
 0x40, 0x27, 0x01, 0x00, 0x00, 0xd8, 0x40, 0x27,
 0x01, 0x00, 0x00, 0xae, 0xf0, 0x03, 0x09, 0x28,
 0x38, 0xb1, 0x00, 0x00, 0x00, 0x11, 0xd7, 0x40,
 0x28, 0x01, 0x00, 0x00, 0xd7, 0x40, 0x29, 0x01,
 0x00, 0x00, 0xd7, 0x40, 0x27, 0x01, 0x00, 0x00,
 0x21, 0x03, 0x00, 0xcf, 0x38, 0xb1, 0x00, 0x00,
 0x00, 0x11, 0xd8, 0x40, 0x28, 0x01, 0x00, 0x00,
 0xd8, 0x40, 0x29, 0x01, 0x00, 0x00, 0xd8, 0x40,
 0x27, 0x01, 0x00, 0x00, 0x21, 0x03, 0x00, 0xd0,
 0x60, 0x02, 0x00, 0xba, 0xd1, 0x61, 0x02, 0x00,
 0x61, 0x00, 0x00, 0xef, 0xa5, 0xf0, 0x1e, 0x61,
 0x00, 0x00, 0x61, 0x02, 0x00, 0x46, 0x61, 0x01,
 0x00, 0x61, 0x02, 0x00, 0x46, 0xae, 0xf0, 0x03,
 0x09, 0x28, 0x61, 0x02, 0x00, 0x90, 0x62, 0x02,
 0x00, 0x0e, 0xf2, 0xda, 0x0a, 0x28, 0xd7, 0x38,
 0xbf, 0x00, 0x00, 0x00, 0xa9, 0x11, 0xf1, 0x09,
 0x0e, 0xd8, 0x38, 0xbf, 0x00, 0x00, 0x00, 0xa9,
 0x68, 0x9b, 0x00, 0x00, 0x00, 0xd7, 0x38, 0xbf,
 0x00, 0x00, 0x00, 0xa9, 0x11, 0xf0, 0x09, 0x0e,
 0xd8, 0x38, 0xbf, 0x00, 0x00, 0x00, 0xa9, 0x95,
 0x11, 0xf1, 0x0f, 0x0e, 0xd7, 0x40, 0x32, 0x00,
 0x00, 0x00, 0xd8, 0x40, 0x32, 0x00, 0x00, 0x00,
 0xae, 0xf0, 0x03, 0x09, 0x28, 0x60, 0x04, 0x00,
 0x60, 0x03, 0x00, 0xd7, 0x7e, 0xf2, 0x5e, 0x7e,
 0x81, 0x00, 0x0e, 0xd2, 0x81, 0x00, 0x0e, 0xc8,
 0x04, 0x83, 0x60, 0x05, 0x00, 0x09, 0xc8, 0x05,
 0x60, 0x07, 0x00, 0x60, 0x06, 0x00, 0xd8, 0x7e,
 0xf2, 0x31, 0x7e, 0x81, 0x00, 0x0e, 0xc8, 0x06,
 0x81, 0x00, 0x0e, 0xc8, 0x07, 0x83, 0xe3, 0x61,
 0x03, 0x00, 0x61, 0x06, 0x00, 0xd9, 0xda, 0x22,
 0x04, 0x00, 0xf0, 0x17, 0xe3, 0x61, 0x04, 0x00,
 0x61, 0x07, 0x00, 0xd9, 0xda, 0x22, 0x04, 0x00,
 0xf0, 0x09, 0x0a, 0x11, 0x62, 0x05, 0x00, 0x0e,
 0xf2, 0x06, 0x81, 0x00, 0xf0, 0xcd, 0x0e, 0x83,
 0x61, 0x05, 0x00, 0x95, 0xf0, 0x07, 0x09, 0x6e,
 0x1e, 0x06, 0x83, 0x28, 0x81, 0x00, 0xf0, 0xa0,
 0x0e, 0x83, 0x0a, 0x28, 0xd7, 0x38, 0xc0, 0x00,
 0x00, 0x00, 0xa9, 0x11, 0xf1, 0x09, 0x0e, 0xd8,
 0x38, 0xc0, 0x00, 0x00, 0x00, 0xa9, 0xf0, 0x71,
 0xd7, 0x38, 0xc0, 0x00, 0x00, 0x00, 0xa9, 0x11,
 0xf0, 0x09, 0x0e, 0xd8, 0x38, 0xc0, 0x00, 0x00,
 0x00, 0xa9, 0x95, 0x11, 0xf1, 0x0f, 0x0e, 0xd7,
 0x40, 0x32, 0x00, 0x00, 0x00, 0xd8, 0x40, 0x32,
 0x00, 0x00, 0x00, 0xae, 0xf0, 0x03, 0x09, 0x28,
 0x60, 0x08, 0x00, 0xd7, 0x7e, 0xf2, 0x3a, 0xc8,
 0x08, 0x60, 0x09, 0x00, 0x09, 0xc8, 0x09, 0x60,
 0x0a, 0x00, 0xd8, 0x7e, 0xf2, 0x19, 0xc8, 0x0a,
 0xe3, 0x61, 0x08, 0x00, 0x61, 0x0a, 0x00, 0xd9,
 0xda, 0x22, 0x04, 0x00, 0xf0, 0x09, 0x0a, 0x11,
 0x62, 0x09, 0x00, 0x0e, 0xf2, 0x06, 0x81, 0x00,
 0xf0, 0xe5, 0x0e, 0x83, 0x61, 0x09, 0x00, 0x95,
 0xf0, 0x07, 0x09, 0x6e, 0x1e, 0x06, 0x83, 0x28,
 0x81, 0x00, 0xf0, 0xc4, 0x0e, 0x83, 0x0a, 0x28,
 0x38, 0x9f, 0x00, 0x00, 0x00, 0x41, 0x2a, 0x01,
 0x00, 0x00, 0xd7, 0x24, 0x01, 0x00, 0x11, 0xf1,
 0x10, 0x0e, 0x38, 0x9f, 0x00, 0x00, 0x00, 0x41,
 0x2a, 0x01, 0x00, 0x00, 0xd8, 0x24, 0x01, 0x00,
 0xf0, 0x30, 0x38, 0x9f, 0x00, 0x00, 0x00, 0x41,
 0x2a, 0x01, 0x00, 0x00, 0xd7, 0x24, 0x01, 0x00,
 0x95, 0x11, 0xf1, 0x1a, 0x0e, 0x38, 0x9f, 0x00,
 0x00, 0x00, 0x41, 0x2a, 0x01, 0x00, 0x00, 0xd8,
 0x24, 0x01, 0x00, 0x95, 0x11, 0xf1, 0x07, 0x0e,
 0xd7, 0xef, 0xd8, 0xef, 0xae, 0xf0, 0x03, 0x09,
 0x28, 0x38, 0x9e, 0x00, 0x00, 0x00, 0x41, 0x31,
 0x00, 0x00, 0x00, 0xd7, 0x24, 0x01, 0x00, 0xc8,
 0x0b, 0x38, 0x9e, 0x00, 0x00, 0x00, 0x41, 0x31,
 0x00, 0x00, 0x00, 0xd8, 0x24, 0x01, 0x00, 0xc8,
 0x0c, 0x61, 0x0b, 0x00, 0xef, 0x61, 0x0c, 0x00,
 0xef, 0xae, 0xf0, 0x03, 0x09, 0x28, 0x60, 0x0d,
 0x00, 0x61, 0x0b, 0x00, 0x7e, 0xf2, 0x40, 0xc8,
 0x0d, 0x38, 0x9e, 0x00, 0x00, 0x00, 0x40, 0x3f,
 0x00, 0x00, 0x00, 0x40, 0x2b, 0x01, 0x00, 0x00,
 0x41, 0x24, 0x01, 0x00, 0x00, 0xd8, 0x61, 0x0d,
 0x00, 0x24, 0x02, 0x00, 0x95, 0xf0, 0x07, 0x09,
 0x6e, 0x1e, 0x06, 0x83, 0x28, 0xe3, 0xd7, 0x61,
 0x0d, 0x00, 0x46, 0xd8, 0x61, 0x0d, 0x00, 0x46,
 0xd9, 0xda, 0x22, 0x04, 0x00, 0x95, 0xf0, 0x07,
 0x09, 0x6e, 0x1e, 0x06, 0x83, 0x28, 0x81, 0x00,
 0xf0, 0xbe, 0x0e, 0x83, 0x38, 0x9e, 0x00, 0x00,
 0x00, 0x41, 0x2c, 0x01, 0x00, 0x00, 0xd7, 0x24,
 0x01, 0x00, 0x41, 0x2d, 0x01, 0x00, 0x00, 0xc5,
 0x00, 0x24, 0x01, 0x00, 0xc8, 0x0e, 0x38, 0x9e,
 0x00, 0x00, 0x00, 0x41, 0x2c, 0x01, 0x00, 0x00,
 0xd8, 0x24, 0x01, 0x00, 0x41, 0x2d, 0x01, 0x00,
 0x00, 0xc5, 0x01, 0x24, 0x01, 0x00, 0xc8, 0x0f,
 0x61, 0x0e, 0x00, 0xef, 0x61, 0x0f, 0x00, 0xef,
 0xae, 0xf0, 0x03, 0x09, 0x28, 0x60, 0x10, 0x00,
 0x61, 0x0e, 0x00, 0x7e, 0xf2, 0x3c, 0xc8, 0x10,
 0x38, 0x9e, 0x00, 0x00, 0x00, 0x40, 0x3f, 0x00,
 0x00, 0x00, 0x40, 0x23, 0x01, 0x00, 0x00, 0x41,
 0x24, 0x01, 0x00, 0x00, 0xd8, 0x61, 0x10, 0x00,
 0x24, 0x02, 0x00, 0x95, 0x11, 0xf1, 0x13, 0x0e,
 0xe3, 0xd7, 0x61, 0x10, 0x00, 0x46, 0xd8, 0x61,
 0x10, 0x00, 0x46, 0xd9, 0xda, 0x22, 0x04, 0x00,
 0x95, 0xf0, 0x07, 0x09, 0x6e, 0x1e, 0x06, 0x83,
 0x28, 0x81, 0x00, 0xf0, 0xc2, 0x0e, 0x83, 0x0a,
 0x28, 0x9a, 0x04, 0x4d, 0x01, 0xeb, 0x02, 0x3f,
 0x10, 0x07, 0x1a, 0x34, 0x10, 0x07, 0x1a, 0x2b,
 0x35, 0x07, 0x1a, 0x34, 0x10, 0x07, 0x1a, 0x34,
 0x10, 0x34, 0x14, 0x20, 0x04, 0x11, 0x16, 0x20,
 0x04, 0x28, 0x93, 0x01, 0x07, 0x1a, 0x34, 0x14,
 0x07, 0x1a, 0x2b, 0x39, 0x07, 0x1a, 0x34, 0x14,
 0x07, 0x1a, 0x35, 0x4d, 0x20, 0x1a, 0x39, 0x18,
 0x20, 0x18, 0x2d, 0x51, 0x07, 0x1a, 0x34, 0x12,
 0x07, 0x1a, 0x2b, 0x39, 0x07, 0x1a, 0x34, 0x12,
 0x07, 0x1a, 0x00, 0x0b, 0x08, 0x49, 0x20, 0x16,
 0x39, 0x14, 0x20, 0x1c, 0x00, 0x0b, 0x0a, 0x4d,
 0x34, 0x26, 0x2a, 0x0c, 0x34, 0x26, 0x4e, 0x4d,
 0x34, 0x26, 0x2f, 0x0e, 0x34, 0x26, 0x2f, 0x0c,
 0x20, 0x22, 0x00, 0x0b, 0x08, 0x6d, 0x20, 0x16,
 0x20, 0x14, 0x20, 0x1c, 0x35, 0x45, 0x20, 0x16,
 0x20, 0x14, 0x20, 0x1c, 0x4f, 0x49, 0x11, 0x08,
 0x26, 0x17, 0x11, 0x0c, 0x16, 0x0e, 0x11, 0x0c,
 0x2e, 0x0e, 0x00, 0x0c, 0x12, 0x43, 0x07, 0x1a,
 0x34, 0x0e, 0x07, 0x1a, 0x3a, 0x35, 0x07, 0x1a,
 0x34, 0x0e, 0x07, 0x1a, 0x39, 0x10, 0x20, 0x16,
 0x00, 0x11, 0x08, 0x3d, 0x48, 0x1f, 0x00, 0x0d,
 0x08, 0x3c, 0x4d, 0x33, 0x08, 0x05, 0x07, 0x24,
 0x11, 0x0a, 0x11, 0x14, 0x07, 0x10, 0x21, 0x51,
 0x07, 0x24, 0x11, 0x0e, 0x11, 0x18, 0x07, 0x10,
 0x21, 0x59, 0x00, 0x0d, 0x05, 0x0f, 0x00, 0x01,
 0x10, 0x0a, 0x00, 0x11, 0x17, 0x11, 0x00, 0x03,
 0x28, 0x00, 0x07, 0x1a, 0x34, 0x0e, 0x07, 0x1a,
 0x2b, 0x35, 0x07, 0x1a, 0x34, 0x0e, 0x07, 0x1a,
 0x39, 0x10, 0x20, 0x16, 0x00, 0x0e, 0x08, 0x4b,
 0x50, 0x08, 0x21, 0x17, 0x07, 0x24, 0x11, 0x0e,
 0x11, 0x0e, 0x07, 0x10, 0x21, 0x4f, 0x00, 0x0d,
 0x03, 0x0f, 0x00, 0x01, 0x0e, 0x0a, 0x00, 0x11,
 0x13, 0x11, 0x00, 0x03, 0x24, 0x00, 0x34, 0x1c,
 0x2a, 0x0c, 0x34, 0x1c, 0x21, 0x39, 0x34, 0x1c,
 0x2f, 0x0e, 0x34, 0x1c, 0x2f, 0x0c, 0x0c, 0x1a,
 0x00, 0x07, 0x0a, 0x61, 0x34, 0x18, 0x21, 0x17,
 0x34, 0x18, 0x22, 0x2b, 0x16, 0x22, 0x00, 0x0c,
 0x08, 0x05, 0x2b, 0x11, 0x66, 0x4a, 0x07, 0x06,
 0x00, 0x0f, 0x08, 0x4f, 0x07, 0x24, 0x07, 0x04,
 0x16, 0x0c, 0x07, 0x04, 0x16, 0x0c, 0x07, 0x10,
 0x00, 0x12, 0x09, 0x65, 0x00, 0x01, 0x14, 0x22,
 0x34, 0x3a, 0x2f, 0x14, 0x26, 0x4d, 0x34, 0x3a,
 0x2f, 0x14, 0x27, 0x67, 0x16, 0x28, 0x00, 0x0c,
 0x08, 0x05, 0x2b, 0x17, 0x66, 0x56, 0x07, 0x06,
 0x3a, 0x5b, 0x07, 0x24, 0x07, 0x04, 0x16, 0x12,
 0x07, 0x04, 0x16, 0x12, 0x07, 0x10, 0x00, 0x12,
 0x03, 0x71, 0x00, 0x0c, 0x43, 0x0a, 0x01, 0xb2,
 0x02, 0x02, 0x00, 0x02, 0x03, 0x00, 0x02, 0x00,
 0x2b, 0x02, 0x88, 0x01, 0x00, 0x01, 0x00, 0x68,
 0x00, 0x01, 0x00, 0xf4, 0x03, 0x04, 0x00, 0xb2,
 0x02, 0x08, 0x00, 0xd7, 0x95, 0xf0, 0x27, 0xe3,
 0x0b, 0xd7, 0x4b, 0x03, 0x01, 0x00, 0x00, 0x0a,
 0x4b, 0x04, 0x01, 0x00, 0x00, 0xd8, 0x4b, 0x34,
 0x00, 0x00, 0x00, 0x04, 0x2e, 0x01, 0x00, 0x00,
 0x4b, 0x05, 0x01, 0x00, 0x00, 0xe4, 0x4b, 0x06,
 0x01, 0x00, 0x00, 0xf5, 0x0e, 0x29, 0x9a, 0x04,
 0xcc, 0x01, 0x01, 0x0a, 0x03, 0x12, 0x17, 0x01,
 0x0d, 0x18, 0x00, 0x1c, 0x08, 0x0c, 0x00, 0x0c,
 0x43, 0x0a, 0x01, 0xde, 0x04, 0x01, 0x01, 0x01,
 0x04, 0x00, 0x01, 0x00, 0x41, 0x02, 0x68, 0x00,
 0x01, 0x00, 0xde, 0x04, 0x00, 0x01, 0x14, 0xf4,
 0x03, 0x04, 0x00, 0x0c, 0x02, 0xcf, 0xe3, 0x0b,
 0x38, 0x49, 0x00, 0x00, 0x00, 0x4b, 0x03, 0x01,
 0x00, 0x00, 0x38, 0x49, 0x00, 0x00, 0x00, 0x4b,
 0x04, 0x01, 0x00, 0x00, 0xd7, 0x38, 0x49, 0x00,
 0x00, 0x00, 0xad, 0xf0, 0x08, 0x04, 0x30, 0x01,
 0x00, 0x00, 0xf2, 0x02, 0xd7, 0x4b, 0x34, 0x00,
 0x00, 0x00, 0x04, 0x2f, 0x01, 0x00, 0x00, 0x4b,
 0x05, 0x01, 0x00, 0x00, 0xcb, 0x4b, 0x06, 0x01,
 0x00, 0x00, 0xf5, 0x29, 0x9a, 0x04, 0xdd, 0x01,
 0x0f, 0x0e, 0x12, 0x13, 0x0d, 0x18, 0x35, 0x04,
 0x35, 0x01, 0x07, 0x18, 0x4d, 0x2e, 0x54, 0x3b,
 0x00, 0x0c, 0x43, 0x0a, 0x01, 0xe2, 0x04, 0x03,
 0x01, 0x03, 0x03, 0x00, 0x01, 0x00, 0x2f, 0x04,
 0x86, 0x04, 0x00, 0x01, 0x00, 0x88, 0x04, 0x00,
 0x01, 0x00, 0x68, 0x00, 0x01, 0x00, 0xe2, 0x04,
 0x00, 0x01, 0x14, 0xf4, 0x03, 0x04, 0x00, 0x0c,
 0x02, 0xcf, 0xd7, 0xd8, 0xac, 0xf0, 0x27, 0xe3,
 0x0b, 0xd7, 0x4b, 0x03, 0x01, 0x00, 0x00, 0xd8,
 0x4b, 0x04, 0x01, 0x00, 0x00, 0xd9, 0x4b, 0x34,
 0x00, 0x00, 0x00, 0x04, 0x2e, 0x01, 0x00, 0x00,
 0x4b, 0x05, 0x01, 0x00, 0x00, 0xcb, 0x4b, 0x06,
 0x01, 0x00, 0x00, 0xf5, 0x0e, 0x29, 0x9a, 0x04,
 0xe7, 0x01, 0x10, 0x09, 0x13, 0x0d, 0x07, 0x14,
 0x17, 0x13, 0x98, 0x8a, 0x01, 0x00, 0x0c, 0x43,
 0x0a, 0x01, 0xe4, 0x04, 0x03, 0x01, 0x03, 0x03,
 0x00, 0x01, 0x00, 0x2f, 0x04, 0x86, 0x04, 0x00,
 0x01, 0x00, 0x88, 0x04, 0x00, 0x01, 0x00, 0x68,
 0x00, 0x01, 0x00, 0xe4, 0x04, 0x00, 0x01, 0x14,
 0xf4, 0x03, 0x04, 0x00, 0x0c, 0x02, 0xcf, 0xd7,
 0xd8, 0xab, 0xf0, 0x27, 0xe3, 0x0b, 0xd7, 0x4b,
 0x03, 0x01, 0x00, 0x00, 0xd8, 0x4b, 0x04, 0x01,
 0x00, 0x00, 0xd9, 0x4b, 0x34, 0x00, 0x00, 0x00,
 0x04, 0x33, 0x01, 0x00, 0x00, 0x4b, 0x05, 0x01,
 0x00, 0x00, 0xcb, 0x4b, 0x06, 0x01, 0x00, 0x00,
 0xf5, 0x0e, 0x29, 0x9a, 0x04, 0xee, 0x01, 0x13,
 0x09, 0x13, 0x13, 0x07, 0x14, 0x17, 0x13, 0x98,
 0x8a, 0x01, 0x00, 0x0c, 0x43, 0x0a, 0x01, 0xe8,
 0x04, 0x03, 0x01, 0x03, 0x04, 0x00, 0x01, 0x00,
 0x3c, 0x04, 0x86, 0x04, 0x00, 0x01, 0x00, 0x88,
 0x04, 0x00, 0x01, 0x00, 0x68, 0x00, 0x01, 0x00,
 0xe8, 0x04, 0x00, 0x01, 0x14, 0xf4, 0x03, 0x04,
 0x00, 0x0c, 0x02, 0xcf, 0x38, 0x9e, 0x00, 0x00,
 0x00, 0x41, 0x10, 0x01, 0x00, 0x00, 0xd7, 0xd8,
 0x24, 0x02, 0x00, 0x95, 0xf0, 0x27, 0xe3, 0x0b,
 0xd7, 0x4b, 0x03, 0x01, 0x00, 0x00, 0xd8, 0x4b,
 0x04, 0x01, 0x00, 0x00, 0xd9, 0x4b, 0x34, 0x00,
 0x00, 0x00, 0x04, 0x34, 0x01, 0x00, 0x00, 0x4b,
 0x05, 0x01, 0x00, 0x00, 0xcb, 0x4b, 0x06, 0x01,
 0x00, 0x00, 0xf5, 0x0e, 0x29, 0x9a, 0x04, 0xf5,
 0x01, 0x16, 0x0b, 0x12, 0x17, 0x34, 0x14, 0x07,
 0x10, 0x26, 0x25, 0x98, 0x9c, 0x01, 0x00, 0x0c,
 0x43, 0x0a, 0x01, 0xea, 0x04, 0x03, 0x01, 0x03,
 0x04, 0x00, 0x01, 0x00, 0x3b, 0x04, 0x86, 0x04,
 0x00, 0x01, 0x00, 0x88, 0x04, 0x00, 0x01, 0x00,
 0x68, 0x00, 0x01, 0x00, 0xea, 0x04, 0x00, 0x01,
 0x14, 0xf4, 0x03, 0x04, 0x00, 0x0c, 0x02, 0xcf,
 0x38, 0x9e, 0x00, 0x00, 0x00, 0x41, 0x10, 0x01,
 0x00, 0x00, 0xd7, 0xd8, 0x24, 0x02, 0x00, 0xf0,
 0x27, 0xe3, 0x0b, 0xd7, 0x4b, 0x03, 0x01, 0x00,
 0x00, 0xd8, 0x4b, 0x04, 0x01, 0x00, 0x00, 0xd9,
 0x4b, 0x34, 0x00, 0x00, 0x00, 0x04, 0x35, 0x01,
 0x00, 0x00, 0x4b, 0x05, 0x01, 0x00, 0x00, 0xcb,
 0x4b, 0x06, 0x01, 0x00, 0x00, 0xf5, 0x0e, 0x29,
 0x9a, 0x04, 0xfb, 0x01, 0x19, 0x0b, 0x12, 0x1f,
 0x34, 0x14, 0x07, 0x10, 0x21, 0x23, 0x98, 0xa2,
 0x01, 0x00, 0x0c, 0x43, 0x0a, 0x01, 0xec, 0x04,
 0x03, 0x01, 0x03, 0x05, 0x00, 0x02, 0x00, 0x37,
 0x04, 0x86, 0x04, 0x00, 0x01, 0x00, 0x88, 0x04,
 0x00, 0x01, 0x00, 0x68, 0x00, 0x01, 0x00, 0xec,
 0x04, 0x00, 0x01, 0x14, 0xf8, 0x03, 0x06, 0x00,
 0xf4, 0x03, 0x04, 0x00, 0x0c, 0x02, 0xcf, 0xe3,
 0xd7, 0xd8, 0x09, 0x26, 0x00, 0x00, 0x22, 0x04,
 0x00, 0x95, 0xf0, 0x27, 0xe4, 0x0b, 0xd7, 0x4b,
 0x03, 0x01, 0x00, 0x00, 0xd8, 0x4b, 0x04, 0x01,
 0x00, 0x00, 0xd9, 0x4b, 0x34, 0x00, 0x00, 0x00,
 0x04, 0x36, 0x01, 0x00, 0x00, 0x4b, 0x05, 0x01,
 0x00, 0x00, 0xcb, 0x4b, 0x06, 0x01, 0x00, 0x00,
 0xf5, 0x0e, 0x29, 0x9a, 0x04, 0x81, 0x02, 0x14,
 0x0b, 0x12, 0x13, 0x07, 0x24, 0x07, 0x10, 0x3a,
 0x35, 0x98, 0x98, 0x01, 0x00, 0x0c, 0x43, 0x0a,
 0x01, 0xee, 0x04, 0x03, 0x01, 0x03, 0x05, 0x00,
 0x02, 0x00, 0x36, 0x04, 0x86, 0x04, 0x00, 0x01,
 0x00, 0x88, 0x04, 0x00, 0x01, 0x00, 0x68, 0x00,
 0x01, 0x00, 0xee, 0x04, 0x00, 0x01, 0x14, 0xf8,
 0x03, 0x06, 0x00, 0xf4, 0x03, 0x04, 0x00, 0x0c,
 0x02, 0xcf, 0xe3, 0xd7, 0xd8, 0x09, 0x26, 0x00,
 0x00, 0x22, 0x04, 0x00, 0xf0, 0x27, 0xe4, 0x0b,
 0xd7, 0x4b, 0x03, 0x01, 0x00, 0x00, 0xd8, 0x4b,
 0x04, 0x01, 0x00, 0x00, 0xd9, 0x4b, 0x34, 0x00,
 0x00, 0x00, 0x04, 0x37, 0x01, 0x00, 0x00, 0x4b,
 0x05, 0x01, 0x00, 0x00, 0xcb, 0x4b, 0x06, 0x01,
 0x00, 0x00, 0xf5, 0x0e, 0x29, 0x9a, 0x04, 0x87,
 0x02, 0x17, 0x0b, 0x12, 0x1b, 0x07, 0x24, 0x07,
 0x10, 0x35, 0x33, 0x98, 0x9e, 0x01, 0x00, 0x0c,
 0x43, 0x0a, 0x01, 0xf0, 0x04, 0x03, 0x01, 0x03,
 0x05, 0x00, 0x02, 0x00, 0x37, 0x04, 0x86, 0x04,
 0x00, 0x01, 0x00, 0x88, 0x04, 0x00, 0x01, 0x00,
 0x68, 0x00, 0x01, 0x00, 0xf0, 0x04, 0x00, 0x01,
 0x14, 0xf8, 0x03, 0x06, 0x00, 0xf4, 0x03, 0x04,
 0x00, 0x0c, 0x02, 0xcf, 0xe3, 0xd7, 0xd8, 0x0a,
 0x26, 0x00, 0x00, 0x22, 0x04, 0x00, 0x95, 0xf0,
 0x27, 0xe4, 0x0b, 0xd7, 0x4b, 0x03, 0x01, 0x00,
 0x00, 0xd8, 0x4b, 0x04, 0x01, 0x00, 0x00, 0xd9,
 0x4b, 0x34, 0x00, 0x00, 0x00, 0x04, 0x38, 0x01,
 0x00, 0x00, 0x4b, 0x05, 0x01, 0x00, 0x00, 0xcb,
 0x4b, 0x06, 0x01, 0x00, 0x00, 0xf5, 0x0e, 0x29,
 0x9a, 0x04, 0x8d, 0x02, 0x1a, 0x0b, 0x12, 0x1f,
 0x07, 0x24, 0x07, 0x10, 0x3a, 0x35, 0x98, 0xa4,
 0x01, 0x00, 0x0c, 0x43, 0x0a, 0x01, 0xf2, 0x04,
 0x03, 0x01, 0x03, 0x05, 0x00, 0x02, 0x00, 0x36,
 0x04, 0x86, 0x04, 0x00, 0x01, 0x00, 0x88, 0x04,
 0x00, 0x01, 0x00, 0x68, 0x00, 0x01, 0x00, 0xf2,
 0x04, 0x00, 0x01, 0x14, 0xf8, 0x03, 0x06, 0x00,
 0xf4, 0x03, 0x04, 0x00, 0x0c, 0x02, 0xcf, 0xe3,
 0xd7, 0xd8, 0x0a, 0x26, 0x00, 0x00, 0x22, 0x04,
 0x00, 0xf0, 0x27, 0xe4, 0x0b, 0xd7, 0x4b, 0x03,
 0x01, 0x00, 0x00, 0xd8, 0x4b, 0x04, 0x01, 0x00,
 0x00, 0xd9, 0x4b, 0x34, 0x00, 0x00, 0x00, 0x04,
 0x39, 0x01, 0x00, 0x00, 0x4b, 0x05, 0x01, 0x00,
 0x00, 0xcb, 0x4b, 0x06, 0x01, 0x00, 0x00, 0xf5,
 0x0e, 0x29, 0x9a, 0x04, 0x93, 0x02, 0x1d, 0x0b,
 0x12, 0x27, 0x07, 0x24, 0x07, 0x10, 0x35, 0x33,
 0x98, 0xaa, 0x01, 0x00, 0x0c, 0x43, 0x0a, 0x01,
 0xfe, 0x03, 0x02, 0x00, 0x02, 0x04, 0x02, 0x01,
 0x01, 0x6c, 0x02, 0xf4, 0x04, 0x00, 0x01, 0x40,
 0x00, 0x88, 0x04, 0x00, 0x01, 0x40, 0x01, 0xf8,
 0x03, 0x06, 0x00, 0x0c, 0x42, 0x0a, 0x01, 0x00,
 0x01, 0x00, 0x01, 0x05, 0x00, 0x03, 0x00, 0x0e,
 0x01, 0xb2, 0x04, 0x00, 0x01, 0x00, 0xf8, 0x03,
 0x00, 0x02, 0xf4, 0x04, 0x00, 0x01, 0x88, 0x04,
 0x01, 0x01, 0xe3, 0xe4, 0xd7, 0x46, 0xe5, 0xd7,
 0x46, 0x0a, 0x26, 0x00, 0x00, 0x23, 0x04, 0x00,
 0x9a, 0x04, 0xac, 0x02, 0x2c, 0x0a, 0x03, 0x3d,
 0x07, 0x24, 0x07, 0x08, 0x0c, 0x0c, 0x07, 0x12,
 0x00, 0xd8, 0x38, 0x49, 0x00, 0x00, 0x00, 0xad,
 0xf0, 0x03, 0x0a, 0x28, 0xd8, 0xfb, 0xf0, 0x1c,
 0xd8, 0x40, 0x3f, 0x00, 0x00, 0x00, 0x38, 0x49,
 0x00, 0x00, 0x00, 0xae, 0xf0, 0x08, 0xd7, 0xd8,
 0xa9, 0xf0, 0x03, 0x0a, 0x28, 0xd8, 0xd7, 0xf5,
 0x0a, 0xad, 0x28, 0xd8, 0x38, 0xac, 0x00, 0x00,
 0x00, 0xa9, 0xf0, 0x11, 0xd8, 0x41, 0x3b, 0x01,
 0x00, 0x00, 0x38, 0xa2, 0x00, 0x00, 0x00, 0xd7,
 0xf5, 0x25, 0x01, 0x00, 0xd8, 0x96, 0x04, 0x4d,
 0x00, 0x00, 0x00, 0xad, 0xf0, 0x1e, 0xd8, 0x07,
 0xae, 0xf0, 0x19, 0x38, 0x9e, 0x00, 0x00, 0x00,
 0x41, 0x31, 0x00, 0x00, 0x00, 0xd8, 0x24, 0x01,
 0x00, 0x41, 0x3c, 0x01, 0x00, 0x00, 0xc5, 0x00,
 0x25, 0x01, 0x00, 0x09, 0x28, 0x9a, 0x04, 0x99,
 0x02, 0x01, 0x32, 0x03, 0x10, 0x07, 0x1a, 0x00,
 0x0a, 0x08, 0x0b, 0x07, 0x1a, 0x13, 0x1f, 0x20,
 0x2e, 0x2a, 0x1a, 0x07, 0x1e, 0x00, 0x06, 0x08,
 0x5f, 0x07, 0x12, 0x0c, 0x12, 0x14, 0x31, 0x07,
 0x28, 0x2b, 0x19, 0x20, 0x1c, 0x1b, 0x0e, 0x1e,
 0x29, 0x07, 0x1a, 0x2f, 0x18, 0x07, 0x1a, 0x17,
 0x4b, 0x34, 0x18, 0x2f, 0x20, 0x00, 0x0c, 0x43,
 0x0a, 0x01, 0x80, 0x04, 0x02, 0x00, 0x02, 0x02,
 0x00, 0x00, 0x00, 0x33, 0x02, 0x88, 0x04, 0x00,
 0x01, 0x00, 0x68, 0x00, 0x01, 0x00, 0xd7, 0x96,
 0x04, 0x4c, 0x00, 0x00, 0x00, 0xad, 0xf0, 0x1c,
 0xd8, 0x38, 0x49, 0x00, 0x00, 0x00, 0xad, 0xf0,
 0x13, 0x0b, 0x38, 0x49, 0x00, 0x00, 0x00, 0x4b,
 0x04, 0x01, 0x00, 0x00, 0xd7, 0x4b, 0x34, 0x00,
 0x00, 0x00, 0x28, 0x0b, 0xd7, 0x4b, 0x04, 0x01,
 0x00, 0x00, 0xd8, 0x4b, 0x34, 0x00, 0x00, 0x00,
 0x28, 0x9a, 0x04, 0xb8, 0x02, 0x01, 0x0c, 0x03,
 0x1e, 0x07, 0x1a, 0x2f, 0x18, 0x07, 0x18, 0x30,
 0x31, 0x34, 0x28, 0x00, 0x0c, 0x43, 0x0a, 0x01,
 0xfa, 0x04, 0x03, 0x06, 0x03, 0x04, 0x00, 0x03,
 0x00, 0xa1, 0x01, 0x09, 0xfc, 0x04, 0x00, 0x01,
 0x00, 0xfe, 0x04, 0x00, 0x01, 0x00, 0x80, 0x05,
 0x00, 0x01, 0x00, 0x88, 0x04, 0x01, 0x00, 0x30,
 0x68, 0x01, 0x01, 0x30, 0x82, 0x05, 0x01, 0x02,
 0x20, 0x84, 0x05, 0x01, 0x03, 0x20, 0xf4, 0x04,
 0x03, 0x04, 0x03, 0xfa, 0x04, 0x00, 0x01, 0x14,
 0x80, 0x04, 0x0b, 0x00, 0xf4, 0x03, 0x04, 0x00,
 0xfe, 0x03, 0x0a, 0x00, 0x0c, 0x02, 0xc8, 0x05,
 0x60, 0x03, 0x00, 0x60, 0x02, 0x00, 0x60, 0x01,
 0x00, 0x60, 0x00, 0x00, 0x06, 0x11, 0xf8, 0xf1,
 0x11, 0x70, 0x41, 0x04, 0x01, 0x00, 0x00, 0xcf,
 0x41, 0x34, 0x00, 0x00, 0x00, 0xd0, 0x0e, 0xf2,
 0x08, 0x0e, 0xe3, 0xd8, 0xd9, 0xf6, 0xf2, 0xea,
 0x09, 0xd1, 0x06, 0xd2, 0x6b, 0x0a, 0x00, 0x00,
 0x00, 0xd7, 0xf4, 0x0e, 0x0e, 0xf2, 0x19, 0xc8,
 0x04, 0x6b, 0x14, 0x00, 0x00, 0x00, 0x0a, 0x11,
 0x62, 0x02, 0x00, 0x0e, 0xc7, 0x04, 0x11, 0x62,
 0x03, 0x00, 0x0e, 0x0e, 0xf2, 0x02, 0x30, 0x61,
 0x02, 0x00, 0x95, 0xf0, 0x39, 0xe4, 0x0b, 0x38,
 0x49, 0x00, 0x00, 0x00, 0x4b, 0x03, 0x01, 0x00,
 0x00, 0x61, 0x00, 0x00, 0x4b, 0x04, 0x01, 0x00,
 0x00, 0x61, 0x01, 0x00, 0x11, 0xf1, 0x07, 0x0e,
 0x04, 0x43, 0x01, 0x00, 0x00, 0x4b, 0x34, 0x00,
 0x00, 0x00, 0x04, 0x3d, 0x01, 0x00, 0x00, 0x4b,
 0x05, 0x01, 0x00, 0x00, 0xc7, 0x05, 0x4b, 0x06,
 0x01, 0x00, 0x00, 0xf5, 0x0e, 0xe5, 0x61, 0x03,
 0x00, 0x61, 0x00, 0x00, 0xf6, 0x95, 0xf0, 0x05,
 0x61, 0x03, 0x00, 0x30, 0x29, 0x9a, 0x04, 0xc0,
 0x02, 0x11, 0x22, 0xc1, 0x24, 0x07, 0x28, 0x07,
 0x1a, 0x00, 0x0d, 0x0a, 0x75, 0x45, 0x00, 0x21,
 0x12, 0x3c, 0x0f, 0x21, 0x01, 0x0d, 0x18, 0x5e,
 0x02, 0x8b, 0x0a, 0x00, 0x09, 0x08, 0x21, 0x07,
 0x20, 0x11, 0x10, 0x26, 0x25, 0x00, 0x0c, 0x43,
 0x0a, 0x01, 0x88, 0x05, 0x03, 0x04, 0x03, 0x07,
 0x00, 0x03, 0x00, 0x86, 0x01, 0x07, 0xfc, 0x04,
 0x00, 0x01, 0x00, 0xfe, 0x04, 0x00, 0x01, 0x00,
 0x80, 0x05, 0x00, 0x01, 0x00, 0x88, 0x04, 0x01,
 0x00, 0x30, 0x68, 0x01, 0x01, 0x30, 0xf4, 0x04,
 0x03, 0x02, 0x03, 0x88, 0x05, 0x00, 0x01, 0x14,
 0x80, 0x04, 0x0b, 0x00, 0xfe, 0x03, 0x0a, 0x00,
 0xf4, 0x03, 0x04, 0x00, 0x0c, 0x02, 0xd2, 0x60,
 0x01, 0x00, 0x60, 0x00, 0x00, 0x06, 0x11, 0xf8,
 0xf1, 0x11, 0x70, 0x41, 0x04, 0x01, 0x00, 0x00,
 0xcf, 0x41, 0x34, 0x00, 0x00, 0x00, 0xd0, 0x0e,
 0xf2, 0x08, 0x0e, 0xe3, 0xd8, 0xd9, 0xf6, 0xf2,
 0xea, 0x6b, 0x09, 0x00, 0x00, 0x00, 0xd7, 0xf4,
 0x0e, 0x0e, 0x29, 0xd1, 0x6b, 0x54, 0x00, 0x00,
 0x00, 0xe4, 0xcd, 0x61, 0x00, 0x00, 0xf6, 0xf0,
 0x47, 0xe5, 0x0b, 0xcd, 0x4b, 0x03, 0x01, 0x00,
 0x00, 0x61, 0x00, 0x00, 0x4b, 0x04, 0x01, 0x00,
 0x00, 0x61, 0x01, 0x00, 0x11, 0xf1, 0x1a, 0x0e,
 0x04, 0x45, 0x01, 0x00, 0x00, 0x41, 0x64, 0x00,
 0x00, 0x00, 0xcd, 0x11, 0xf0, 0x08, 0x0e, 0xcd,
 0x40, 0x34, 0x00, 0x00, 0x00, 0x24, 0x01, 0x00,
 0x4b, 0x34, 0x00, 0x00, 0x00, 0x04, 0x44, 0x01,
 0x00, 0x00, 0x4b, 0x05, 0x01, 0x00, 0x00, 0xce,
 0x4b, 0x06, 0x01, 0x00, 0x00, 0xf5, 0x0e, 0xcd,
 0x30, 0x30, 0x9a, 0x04, 0xdb, 0x02, 0x17, 0x1e,
 0x9e, 0x18, 0x07, 0x28, 0x07, 0x1a, 0x32, 0x75,
 0x3b, 0x08, 0x07, 0x20, 0x07, 0x0a, 0x21, 0x29,
 0x0d, 0x18, 0x4a, 0x02, 0x57, 0x4e, 0x1b, 0x0e,
 0x7c, 0x51, 0x00, 0x08, 0x08, 0x1f, 0x00, 0x0c,
 0x62, 0x0a, 0x01, 0x8c, 0x05, 0x03, 0x06, 0x03,
 0x04, 0x00, 0x03, 0x00, 0xaa, 0x01, 0x09, 0x8e,
 0x05, 0x00, 0x01, 0x00, 0xfe, 0x04, 0x00, 0x01,
 0x00, 0x80, 0x05, 0x00, 0x01, 0x00, 0x88, 0x04,
 0x01, 0x00, 0x30, 0x68, 0x01, 0x01, 0x30, 0x82,
 0x05, 0x01, 0x02, 0x20, 0x84, 0x05, 0x01, 0x03,
 0x20, 0xf4, 0x04, 0x03, 0x04, 0x03, 0x8c, 0x05,
 0x00, 0x01, 0x14, 0x80, 0x04, 0x0b, 0x00, 0xf4,
 0x03, 0x04, 0x00, 0xfe, 0x03, 0x0a, 0x00, 0x0c,
 0x02, 0xc8, 0x05, 0x60, 0x03, 0x00, 0x60, 0x02,
 0x00, 0x60, 0x01, 0x00, 0x60, 0x00, 0x00, 0x06,
 0x11, 0xf8, 0xf1, 0x11, 0x70, 0x41, 0x04, 0x01,
 0x00, 0x00, 0xcf, 0x41, 0x34, 0x00, 0x00, 0x00,
 0xd0, 0x0e, 0xf2, 0x08, 0x0e, 0xe3, 0xd8, 0xd9,
 0xf6, 0xf2, 0xea, 0x09, 0xd1, 0x06, 0xd2, 0x6b,
 0x12, 0x00, 0x00, 0x00, 0xd7, 0xfb, 0xf0, 0x05,
 0xd7, 0xf4, 0xf2, 0x02, 0xd7, 0x8a, 0x0e, 0x0e,
 0xf2, 0x19, 0xc8, 0x04, 0x6b, 0x14, 0x00, 0x00,
 0x00, 0x0a, 0x11, 0x62, 0x02, 0x00, 0x0e, 0xc7,
 0x04, 0x11, 0x62, 0x03, 0x00, 0x0e, 0x0e, 0xf2,
 0x02, 0x30, 0x61, 0x02, 0x00, 0x95, 0xf0, 0x39,
 0xe4, 0x0b, 0x38, 0x49, 0x00, 0x00, 0x00, 0x4b,
 0x03, 0x01, 0x00, 0x00, 0x61, 0x00, 0x00, 0x4b,
 0x04, 0x01, 0x00, 0x00, 0x61, 0x01, 0x00, 0x11,
 0xf1, 0x07, 0x0e, 0x04, 0x48, 0x01, 0x00, 0x00,
 0x4b, 0x34, 0x00, 0x00, 0x00, 0x04, 0x46, 0x01,
 0x00, 0x00, 0x4b, 0x05, 0x01, 0x00, 0x00, 0xc7,
 0x05, 0x4b, 0x06, 0x01, 0x00, 0x00, 0xf5, 0x0e,
 0xe5, 0x61, 0x03, 0x00, 0x61, 0x00, 0x00, 0xf6,
 0x95, 0xf0, 0x05, 0x61, 0x03, 0x00, 0x30, 0x06,
 0x2f, 0x9a, 0x04, 0xef, 0x02, 0x12, 0x28, 0xc1,
 0x22, 0x07, 0x28, 0x07, 0x1a, 0x00, 0x0d, 0x0a,
 0x59, 0x07, 0x20, 0x11, 0x1a, 0x16, 0x20, 0x45,
 0x75, 0x21, 0x12, 0x3c, 0x0f, 0x21, 0x01, 0x0d,
 0x18, 0x5e, 0x02, 0x8b, 0x0a, 0x00, 0x09, 0x08,
 0x21, 0x07, 0x20, 0x11, 0x10, 0x26, 0x25, 0x00,
 0x0c, 0x62, 0x0a, 0x01, 0x92, 0x05, 0x03, 0x04,
 0x03, 0x07, 0x00, 0x02, 0x00, 0x8a, 0x01, 0x07,
 0x8e, 0x05, 0x00, 0x01, 0x00, 0xfe, 0x04, 0x00,
 0x01, 0x00, 0x80, 0x05, 0x00, 0x01, 0x00, 0x88,
 0x04, 0x01, 0x00, 0x30, 0x68, 0x01, 0x01, 0x30,
 0xf4, 0x04, 0x03, 0x02, 0x03, 0x92, 0x05, 0x00,
 0x01, 0x14, 0x80, 0x04, 0x0b, 0x00, 0xf4, 0x03,
 0x04, 0x00, 0x0c, 0x02, 0xd2, 0x60, 0x01, 0x00,
 0x60, 0x00, 0x00, 0x06, 0x11, 0xf8, 0xf1, 0x11,
 0x70, 0x41, 0x04, 0x01, 0x00, 0x00, 0xcf, 0x41,
 0x34, 0x00, 0x00, 0x00, 0xd0, 0x0e, 0xf2, 0x08,
 0x0e, 0xe3, 0xd8, 0xd9, 0xf6, 0xf2, 0xea, 0x6b,
 0x12, 0x00, 0x00, 0x00, 0xd7, 0xfb, 0xf0, 0x05,
 0xd7, 0xf4, 0xf2, 0x02, 0xd7, 0x8a, 0x0e, 0x0e,
 0xf2, 0x51, 0xd1, 0x6b, 0x4d, 0x00, 0x00, 0x00,
 0xe4, 0x0b, 0xcd, 0x4b, 0x03, 0x01, 0x00, 0x00,
 0x61, 0x00, 0x00, 0x4b, 0x04, 0x01, 0x00, 0x00,
 0x61, 0x01, 0x00, 0x11, 0xf1, 0x1a, 0x0e, 0x04,
 0x4a, 0x01, 0x00, 0x00, 0x41, 0x64, 0x00, 0x00,
 0x00, 0xcd, 0x11, 0xf0, 0x08, 0x0e, 0xcd, 0x40,
 0x34, 0x00, 0x00, 0x00, 0x24, 0x01, 0x00, 0x4b,
 0x34, 0x00, 0x00, 0x00, 0x04, 0x49, 0x01, 0x00,
 0x00, 0x4b, 0x05, 0x01, 0x00, 0x00, 0xce, 0x4b,
 0x06, 0x01, 0x00, 0x00, 0xf5, 0x0e, 0x0e, 0xf2,
 0x02, 0x30, 0x06, 0x2f, 0x9a, 0x04, 0x8a, 0x03,
 0x18, 0x1a, 0x9e, 0x16, 0x07, 0x28, 0x07, 0x1a,
 0x32, 0x59, 0x07, 0x20, 0x11, 0x1a, 0x16, 0x20,
 0x40, 0x75, 0x0d, 0x18, 0x4a, 0x02, 0x57, 0x4e,
 0x1b, 0x0e, 0x7c, 0x51, 0x00, 0x0c, 0x43, 0x0a,
 0x01, 0x96, 0x05, 0x01, 0x01, 0x01, 0x05, 0x00,
 0x01, 0x00, 0x57, 0x02, 0x88, 0x01, 0x00, 0x01,
 0x00, 0x96, 0x05, 0x00, 0x01, 0x14, 0xf4, 0x03,
 0x04, 0x00, 0x0c, 0x02, 0xcf, 0xd7, 0xf9, 0xf1,
 0x50, 0xd7, 0x38, 0x49, 0x00, 0x00, 0x00, 0xae,
 0xf0, 0x47, 0xe3, 0x0b, 0xd7, 0x4b, 0x03, 0x01,
 0x00, 0x00, 0x07, 0x4b, 0x04, 0x01, 0x00, 0x00,
 0x04, 0x4c, 0x01, 0x00, 0x00, 0x41, 0x64, 0x00,
 0x00, 0x00, 0xd7, 0xf0, 0x11, 0xd7, 0x40, 0x34,
 0x00, 0x00, 0x00, 0xf0, 0x09, 0xd7, 0x40, 0x34,
 0x00, 0x00, 0x00, 0xf2, 0x02, 0xd7, 0x24, 0x01,
 0x00, 0x4b, 0x34, 0x00, 0x00, 0x00, 0x04, 0x4b,
 0x01, 0x00, 0x00, 0x4b, 0x05, 0x01, 0x00, 0x00,
 0xcb, 0x4b, 0x06, 0x01, 0x00, 0x00, 0xf5, 0x0e,
 0x29, 0x9a, 0x04, 0x9a, 0x03, 0x12, 0x17, 0x12,
 0x11, 0x07, 0x14, 0x11, 0x10, 0x07, 0x14, 0x2b,
 0x37, 0x0d, 0x18, 0x72, 0x48, 0x11, 0x12, 0x2a,
 0x20, 0x2a, 0x20, 0x63, 0x8d, 0x01, 0x00, 0x0c,
 0x43, 0x0a, 0x01, 0x9a, 0x05, 0x03, 0x01, 0x03,
 0x06, 0x00, 0x01, 0x00, 0x4e, 0x04, 0x98, 0x01,
 0x00, 0x01, 0x00, 0x9c, 0x05, 0x00, 0x01, 0x00,
 0x68, 0x00, 0x01, 0x00, 0x9a, 0x05, 0x00, 0x01,
 0x14, 0xf4, 0x03, 0x04, 0x00, 0x0c, 0x02, 0xcf,
 0xd8, 0x41, 0x3b, 0x01, 0x00, 0x00, 0xd7, 0x24,
 0x01, 0x00, 0x95, 0xf0, 0x3e, 0xe3, 0x0b, 0xd7,
 0x4b, 0x03, 0x01, 0x00, 0x00, 0xd8, 0x4b, 0x04,
 0x01, 0x00, 0x00, 0xd9, 0x11, 0xf1, 0x15, 0x0e,
 0x04, 0x4f, 0x01, 0x00, 0x00, 0x41, 0x64, 0x00,
 0x00, 0x00, 0xd8, 0x04, 0x50, 0x01, 0x00, 0x00,
 0x24, 0x02, 0x00, 0x4b, 0x34, 0x00, 0x00, 0x00,
 0x04, 0x4d, 0x01, 0x00, 0x00, 0x4b, 0x05, 0x01,
 0x00, 0x00, 0xcb, 0x4b, 0x06, 0x01, 0x00, 0x00,
 0xf5, 0x0e, 0x29, 0x9a, 0x04, 0xa6, 0x03, 0x10,
 0x10, 0x12, 0x0b, 0x20, 0x18, 0x26, 0x19, 0x0d,
 0x18, 0x21, 0x04, 0x21, 0x01, 0x4d, 0x7a, 0x7c,
 0x6f, 0x00, 0x0c, 0x43, 0x0a, 0x01, 0xa2, 0x05,
 0x03, 0x01, 0x03, 0x06, 0x00, 0x01, 0x00, 0x4d,
 0x04, 0x98, 0x01, 0x00, 0x01, 0x00, 0x9c, 0x05,
 0x00, 0x01, 0x00, 0x68, 0x00, 0x01, 0x00, 0xa2,
 0x05, 0x00, 0x01, 0x14, 0xf4, 0x03, 0x04, 0x00,
 0x0c, 0x02, 0xcf, 0xd8, 0x41, 0x3b, 0x01, 0x00,
 0x00, 0xd7, 0x24, 0x01, 0x00, 0xf0, 0x3e, 0xe3,
 0x0b, 0xd7, 0x4b, 0x03, 0x01, 0x00, 0x00, 0xd8,
 0x4b, 0x04, 0x01, 0x00, 0x00, 0xd9, 0x11, 0xf1,
 0x15, 0x0e, 0x04, 0x52, 0x01, 0x00, 0x00, 0x41,
 0x64, 0x00, 0x00, 0x00, 0xd8, 0x04, 0x50, 0x01,
 0x00, 0x00, 0x24, 0x02, 0x00, 0x4b, 0x34, 0x00,
 0x00, 0x00, 0x04, 0x51, 0x01, 0x00, 0x00, 0x4b,
 0x05, 0x01, 0x00, 0x00, 0xcb, 0x4b, 0x06, 0x01,
 0x00, 0x00, 0xf5, 0x0e, 0x29, 0x9a, 0x04, 0xb2,
 0x03, 0x17, 0x12, 0x12, 0x1b, 0x20, 0x18, 0x21,
 0x17, 0x0d, 0x18, 0x21, 0x04, 0x21, 0x01, 0x4d,
 0x92, 0x01, 0x7c, 0x87, 0x01, 0x00, 0x0c, 0x43,
 0x0a, 0x01, 0xa6, 0x05, 0x02, 0x00, 0x02, 0x03,
 0x00, 0x01, 0x00, 0x05, 0x02, 0x88, 0x01, 0x00,
 0x01, 0x00, 0x68, 0x00, 0x01, 0x00, 0xb2, 0x02,
 0x08, 0x00, 0xe3, 0xd7, 0xd8, 0xf6, 0x29, 0x9a,
 0x04, 0xc0, 0x03, 0x1e, 0x06, 0x03, 0x31, 0x07,
 0x06, 0x07, 0x0e, 0x00, 0xc5, 0x01, 0xc8, 0x04,
 0xc5, 0x02, 0xc8, 0x05, 0xc5, 0x03, 0xc8, 0x06,
 0xc5, 0x04, 0xc8, 0x07, 0xc5, 0x05, 0xc8, 0x08,
 0xc5, 0x0f, 0xc8, 0x0a, 0xc5, 0x10, 0xc8, 0x0b,
 0x60, 0x0c, 0x00, 0x60, 0x09, 0x00, 0x60, 0x03,
 0x00, 0x60, 0x00, 0x00, 0x06, 0x11, 0xf8, 0xf1,
 0x0b, 0x70, 0x41, 0xf8, 0x00, 0x00, 0x00, 0xcf,
 0x0e, 0xf2, 0x0b, 0x0e, 0xd8, 0x04, 0x54, 0x01,
 0x00, 0x00, 0xf5, 0xf2, 0xed, 0x60, 0x01, 0x00,
 0x38, 0xa0, 0x00, 0x00, 0x00, 0x60, 0x02, 0x00,
 0xc4, 0x00, 0x55, 0xf9, 0x00, 0x00, 0x00, 0x01,
 0x06, 0xd1, 0x0e, 0xd4, 0x67, 0x02, 0x00, 0x67,
 0x01, 0x00, 0xd2, 0xc7, 0x08, 0xc8, 0x09, 0x61,
 0x09, 0x00, 0x61, 0x03, 0x00, 0x42, 0xf9, 0x00,
 0x00, 0x00, 0x61, 0x09, 0x00, 0xc7, 0x08, 0x42,
 0x99, 0x00, 0x00, 0x00, 0x61, 0x09, 0x00, 0xc5,
 0x06, 0x42, 0x2f, 0x01, 0x00, 0x00, 0x61, 0x09,
 0x00, 0xc5, 0x07, 0x42, 0x31, 0x01, 0x00, 0x00,
 0x61, 0x09, 0x00, 0xc5, 0x08, 0x42, 0x32, 0x01,
 0x00, 0x00, 0x61, 0x09, 0x00, 0xc5, 0x09, 0x42,
 0x34, 0x01, 0x00, 0x00, 0x61, 0x09, 0x00, 0xc5,
 0x0a, 0x42, 0x35, 0x01, 0x00, 0x00, 0x61, 0x09,
 0x00, 0xc5, 0x0b, 0x42, 0x36, 0x01, 0x00, 0x00,
 0x61, 0x09, 0x00, 0xc5, 0x0c, 0x42, 0x37, 0x01,
 0x00, 0x00, 0x61, 0x09, 0x00, 0xc5, 0x0d, 0x42,
 0x38, 0x01, 0x00, 0x00, 0x61, 0x09, 0x00, 0xc5,
 0x0e, 0x42, 0x39, 0x01, 0x00, 0x00, 0x61, 0x09,
 0x00, 0xc5, 0x11, 0x42, 0x3d, 0x01, 0x00, 0x00,
 0x61, 0x09, 0x00, 0xc5, 0x12, 0x42, 0x44, 0x01,
 0x00, 0x00, 0x61, 0x09, 0x00, 0xc5, 0x13, 0x42,
 0x46, 0x01, 0x00, 0x00, 0x61, 0x09, 0x00, 0xc5,
 0x14, 0x42, 0x49, 0x01, 0x00, 0x00, 0x61, 0x09,
 0x00, 0xc5, 0x15, 0x42, 0x4b, 0x01, 0x00, 0x00,
 0x61, 0x09, 0x00, 0xc5, 0x16, 0x42, 0x4d, 0x01,
 0x00, 0x00, 0x61, 0x09, 0x00, 0xc5, 0x17, 0x42,
 0x51, 0x01, 0x00, 0x00, 0x38, 0x9e, 0x00, 0x00,
 0x00, 0x41, 0x55, 0x01, 0x00, 0x00, 0xc5, 0x18,
 0x61, 0x09, 0x00, 0x0b, 0x61, 0x09, 0x00, 0x40,
 0x34, 0x01, 0x00, 0x00, 0x4b, 0x31, 0x01, 0x00,
 0x00, 0x61, 0x09, 0x00, 0x40, 0x35, 0x01, 0x00,
 0x00, 0x4b, 0x32, 0x01, 0x00, 0x00, 0x61, 0x09,
 0x00, 0x40, 0x38, 0x01, 0x00, 0x00, 0x4b, 0x36,
 0x01, 0x00, 0x00, 0x61, 0x09, 0x00, 0x40, 0x39,
 0x01, 0x00, 0x00, 0x4b, 0x37, 0x01, 0x00, 0x00,
 0x24, 0x03, 0x00, 0xc8, 0x0c, 0x61, 0x0c, 0x00,
 0x61, 0x0c, 0x00, 0x42, 0x01, 0x01, 0x00, 0x00,
 0x61, 0x09, 0x00, 0x61, 0x0c, 0x00, 0x42, 0x01,
 0x01, 0x00, 0x00, 0xd9, 0x61, 0x09, 0x00, 0x42,
 0xf2, 0x00, 0x00, 0x00, 0x29, 0x9a, 0x04, 0x01,
 0x01, 0x6f, 0x00, 0x28, 0x10, 0x00, 0x54, 0x28,
 0x40, 0x12, 0x00, 0x1b, 0x96, 0x03, 0x1b, 0x18,
 0x1d, 0x11, 0x30, 0x2b, 0x2f, 0x11, 0x18, 0x27,
 0x17, 0x00, 0x0a, 0x14, 0x00, 0x00, 0x0a, 0x0e,
 0x00, 0x00, 0x0a, 0x0e, 0x00, 0x00, 0x0a, 0x0c,
 0x00, 0x00, 0x0a, 0x0c, 0x00, 0x00, 0x0a, 0x0c,
 0x00, 0x00, 0x0a, 0x0c, 0x00, 0x00, 0x0a, 0x0c,
 0x00, 0x00, 0x0a, 0x5a, 0x00, 0x00, 0x0a, 0x36,
 0x00, 0x00, 0x0a, 0x28, 0x00, 0x00, 0x0a, 0x36,
 0x00, 0x00, 0x0a, 0x20, 0x00, 0x00, 0x0a, 0x18,
 0x00, 0x00, 0x0a, 0x18, 0x00, 0x00, 0x0a, 0x1c,
 0x1e, 0x34, 0x1c, 0x0e, 0x33, 0x17, 0x10, 0x44,
 0x06, 0x44, 0x02, 0x44, 0x06, 0x5f, 0x23, 0x11,
 0x20, 0x2b, 0x1f, 0x11, 0x20, 0x2c, 0x1f, 0x07,
 0x22, 0x00, 0xc5, 0x00, 0xd3, 0x28, 0x9a, 0x04,
 0x01, 0x01, 0x00, 0x00,
};



const uint32_t t2__core_constants_size = 188;

const uint8_t t2__core_constants[188] = {
 0x1b, 0xf2, 0xe3, 0x06, 0x27, 0x08, 0x01, 0x0e,
 0x65, 0x78, 0x70, 0x6f, 0x72, 0x74, 0x73, 0x01,
 0x0e, 0x72, 0x65, 0x71, 0x75, 0x69, 0x72, 0x65,
 0x01, 0x0c, 0x6d, 0x6f, 0x64, 0x75, 0x6c, 0x65,
 0x01, 0x14, 0x5f, 0x5f, 0x66, 0x69, 0x6c, 0x65,
 0x6e, 0x61, 0x6d, 0x65, 0x01, 0x12, 0x5f, 0x5f,
 0x64, 0x69, 0x72, 0x6e, 0x61, 0x6d, 0x65, 0x01,
 0x10, 0x5f, 0x5f, 0x6e, 0x61, 0x74, 0x69, 0x76,
 0x65, 0x01, 0x12, 0x63, 0x6f, 0x6e, 0x73, 0x74,
 0x61, 0x6e, 0x74, 0x73, 0x01, 0x12, 0x3c, 0x75,
 0x6e, 0x6e, 0x61, 0x6d, 0x65, 0x64, 0x3e, 0x0c,
 0x00, 0x0a, 0x00, 0xa8, 0x01, 0x00, 0x01, 0x00,
 0x01, 0x00, 0x00, 0x01, 0x04, 0x01, 0xaa, 0x01,
 0x00, 0x00, 0x00, 0x0c, 0x43, 0x0a, 0x01, 0x00,
 0x06, 0x00, 0x06, 0x02, 0x00, 0x00, 0x00, 0x0f,
 0x06, 0xe4, 0x03, 0x00, 0x01, 0x00, 0xe6, 0x03,
 0x00, 0x01, 0x00, 0xe8, 0x03, 0x00, 0x01, 0x00,
 0xea, 0x03, 0x00, 0x01, 0x00, 0xec, 0x03, 0x00,
 0x01, 0x00, 0xee, 0x03, 0x00, 0x01, 0x00, 0xd9,
 0x5a, 0x05, 0x00, 0x40, 0xf8, 0x00, 0x00, 0x00,
 0x42, 0xf2, 0x00, 0x00, 0x00, 0x29, 0xf2, 0x03,
 0x01, 0x01, 0x06, 0x00, 0x00, 0x14, 0x00, 0x07,
 0x22, 0x00, 0xc5, 0x00, 0xd3, 0x28, 0xf2, 0x03,
 0x01, 0x01, 0x00, 0x00,
};



const uint32_t t2__core_events_size = 7353;

const uint8_t t2__core_events[7353] = {
 0x1b, 0x7c, 0x0b, 0x53, 0x88, 0x72, 0x01, 0x0e,
 0x65, 0x78, 0x70, 0x6f, 0x72, 0x74, 0x73, 0x01,
 0x0e, 0x72, 0x65, 0x71, 0x75, 0x69, 0x72, 0x65,
 0x01, 0x0c, 0x6d, 0x6f, 0x64, 0x75, 0x6c, 0x65,
 0x01, 0x14, 0x5f, 0x5f, 0x66, 0x69, 0x6c, 0x65,
 0x6e, 0x61, 0x6d, 0x65, 0x01, 0x12, 0x5f, 0x5f,
 0x64, 0x69, 0x72, 0x6e, 0x61, 0x6d, 0x65, 0x01,
 0x10, 0x5f, 0x5f, 0x6e, 0x61, 0x74, 0x69, 0x76,
 0x65, 0x01, 0x02, 0x52, 0x01, 0x18, 0x52, 0x65,
 0x66, 0x6c, 0x65, 0x63, 0x74, 0x41, 0x70, 0x70,
 0x6c, 0x79, 0x01, 0x1c, 0x52, 0x65, 0x66, 0x6c,
 0x65, 0x63, 0x74, 0x4f, 0x77, 0x6e, 0x4b, 0x65,
 0x79, 0x73, 0x01, 0x24, 0x50, 0x72, 0x6f, 0x63,
 0x65, 0x73, 0x73, 0x45, 0x6d, 0x69, 0x74, 0x57,
 0x61, 0x72, 0x6e, 0x69, 0x6e, 0x67, 0x01, 0x16,
 0x4e, 0x75, 0x6d, 0x62, 0x65, 0x72, 0x49, 0x73,
 0x4e, 0x61, 0x4e, 0x01, 0x18, 0x45, 0x76, 0x65,
 0x6e, 0x74, 0x45, 0x6d, 0x69, 0x74, 0x74, 0x65,
 0x72, 0x01, 0x26, 0x64, 0x65, 0x66, 0x61, 0x75,
 0x6c, 0x74, 0x4d, 0x61, 0x78, 0x4c, 0x69, 0x73,
 0x74, 0x65, 0x6e, 0x65, 0x72, 0x73, 0x01, 0x1a,
 0x63, 0x68, 0x65, 0x63, 0x6b, 0x4c, 0x69, 0x73,
 0x74, 0x65, 0x6e, 0x65, 0x72, 0x01, 0x20, 0x5f,
 0x67, 0x65, 0x74, 0x4d, 0x61, 0x78, 0x4c, 0x69,
 0x73, 0x74, 0x65, 0x6e, 0x65, 0x72, 0x73, 0x01,
 0x18, 0x5f, 0x61, 0x64, 0x64, 0x4c, 0x69, 0x73,
 0x74, 0x65, 0x6e, 0x65, 0x72, 0x01, 0x16, 0x6f,
 0x6e, 0x63, 0x65, 0x57, 0x72, 0x61, 0x70, 0x70,
 0x65, 0x72, 0x01, 0x12, 0x5f, 0x6f, 0x6e, 0x63,
 0x65, 0x57, 0x72, 0x61, 0x70, 0x01, 0x14, 0x5f,
 0x6c, 0x69, 0x73, 0x74, 0x65, 0x6e, 0x65, 0x72,
 0x73, 0x01, 0x1a, 0x6c, 0x69, 0x73, 0x74, 0x65,
 0x6e, 0x65, 0x72, 0x43, 0x6f, 0x75, 0x6e, 0x74,
 0x01, 0x14, 0x61, 0x72, 0x72, 0x61, 0x79, 0x43,
 0x6c, 0x6f, 0x6e, 0x65, 0x01, 0x12, 0x73, 0x70,
 0x6c, 0x69, 0x63, 0x65, 0x4f, 0x6e, 0x65, 0x01,
 0x1e, 0x75, 0x6e, 0x77, 0x72, 0x61, 0x70, 0x4c,
 0x69, 0x73, 0x74, 0x65, 0x6e, 0x65, 0x72, 0x73,
 0x01, 0x08, 0x6f, 0x6e, 0x63, 0x65, 0x01, 0x3a,
 0x61, 0x64, 0x64, 0x45, 0x72, 0x72, 0x6f, 0x72,
 0x48, 0x61, 0x6e, 0x64, 0x6c, 0x65, 0x72, 0x49,
 0x66, 0x45, 0x76, 0x65, 0x6e, 0x74, 0x45, 0x6d,
 0x69, 0x74, 0x74, 0x65, 0x72, 0x01, 0x3c, 0x65,
 0x76, 0x65, 0x6e, 0x74, 0x54, 0x61, 0x72, 0x67,
 0x65, 0x74, 0x41, 0x67, 0x6e, 0x6f, 0x73, 0x74,
 0x69, 0x63, 0x41, 0x64, 0x64, 0x4c, 0x69, 0x73,
 0x74, 0x65, 0x6e, 0x65, 0x72, 0x01, 0x10, 0x72,
 0x65, 0x63, 0x65, 0x69, 0x76, 0x65, 0x72, 0x01,
 0x08, 0x61, 0x72, 0x67, 0x73, 0x01, 0x08, 0x63,
 0x61, 0x6c, 0x6c, 0x01, 0x12, 0x3c, 0x75, 0x6e,
 0x6e, 0x61, 0x6d, 0x65, 0x64, 0x3e, 0x01, 0x26,
 0x67, 0x65, 0x74, 0x4f, 0x77, 0x6e, 0x50, 0x72,
 0x6f, 0x70, 0x65, 0x72, 0x74, 0x79, 0x4e, 0x61,
 0x6d, 0x65, 0x73, 0x01, 0x2a, 0x67, 0x65, 0x74,
 0x4f, 0x77, 0x6e, 0x50, 0x72, 0x6f, 0x70, 0x65,
 0x72, 0x74, 0x79, 0x53, 0x79, 0x6d, 0x62, 0x6f,
 0x6c, 0x73, 0x01, 0x0e, 0x77, 0x61, 0x72, 0x6e,
 0x69, 0x6e, 0x67, 0x01, 0x0e, 0x63, 0x6f, 0x6e,
 0x73, 0x6f, 0x6c, 0x65, 0x01, 0x08, 0x77, 0x61,
 0x72, 0x6e, 0x01, 0x08, 0x69, 0x6e, 0x69, 0x74,
 0x01, 0x10, 0x6c, 0x69, 0x73, 0x74, 0x65, 0x6e,
 0x65, 0x72, 0x01, 0x80, 0x01, 0x54, 0x68, 0x65,
 0x20, 0x22, 0x6c, 0x69, 0x73, 0x74, 0x65, 0x6e,
 0x65, 0x72, 0x22, 0x20, 0x61, 0x72, 0x67, 0x75,
 0x6d, 0x65, 0x6e, 0x74, 0x20, 0x6d, 0x75, 0x73,
 0x74, 0x20, 0x62, 0x65, 0x20, 0x6f, 0x66, 0x20,
 0x74, 0x79, 0x70, 0x65, 0x20, 0x46, 0x75, 0x6e,
 0x63, 0x74, 0x69, 0x6f, 0x6e, 0x2e, 0x20, 0x52,
 0x65, 0x63, 0x65, 0x69, 0x76, 0x65, 0x64, 0x20,
 0x74, 0x79, 0x70, 0x65, 0x20, 0x01, 0x06, 0x61,
 0x72, 0x67, 0x01, 0xbe, 0x01, 0x54, 0x68, 0x65,
 0x20, 0x76, 0x61, 0x6c, 0x75, 0x65, 0x20, 0x6f,
 0x66, 0x20, 0x22, 0x64, 0x65, 0x66, 0x61, 0x75,
 0x6c, 0x74, 0x4d, 0x61, 0x78, 0x4c, 0x69, 0x73,
 0x74, 0x65, 0x6e, 0x65, 0x72, 0x73, 0x22, 0x20,
 0x69, 0x73, 0x20, 0x6f, 0x75, 0x74, 0x20, 0x6f,
 0x66, 0x20, 0x72, 0x61, 0x6e, 0x67, 0x65, 0x2e,
 0x20, 0x49, 0x74, 0x20, 0x6d, 0x75, 0x73, 0x74,
 0x20, 0x62, 0x65, 0x20, 0x61, 0x20, 0x6e, 0x6f,
 0x6e, 0x2d, 0x6e, 0x65, 0x67, 0x61, 0x74, 0x69,
 0x76, 0x65, 0x20, 0x6e, 0x75, 0x6d, 0x62, 0x65,
 0x72, 0x2e, 0x20, 0x52, 0x65, 0x63, 0x65, 0x69,
 0x76, 0x65, 0x64, 0x20, 0x01, 0x02, 0x2e, 0x01,
 0x0e, 0x5f, 0x65, 0x76, 0x65, 0x6e, 0x74, 0x73,
 0x01, 0x0c, 0x63, 0x72, 0x65, 0x61, 0x74, 0x65,
 0x01, 0x18, 0x5f, 0x65, 0x76, 0x65, 0x6e, 0x74,
 0x73, 0x43, 0x6f, 0x75, 0x6e, 0x74, 0x01, 0x1a,
 0x5f, 0x6d, 0x61, 0x78, 0x4c, 0x69, 0x73, 0x74,
 0x65, 0x6e, 0x65, 0x72, 0x73, 0x01, 0x1e, 0x73,
 0x65, 0x74, 0x4d, 0x61, 0x78, 0x4c, 0x69, 0x73,
 0x74, 0x65, 0x6e, 0x65, 0x72, 0x73, 0x01, 0x02,
 0x6e, 0x01, 0x9a, 0x01, 0x54, 0x68, 0x65, 0x20,
 0x76, 0x61, 0x6c, 0x75, 0x65, 0x20, 0x6f, 0x66,
 0x20, 0x22, 0x6e, 0x22, 0x20, 0x69, 0x73, 0x20,
 0x6f, 0x75, 0x74, 0x20, 0x6f, 0x66, 0x20, 0x72,
 0x61, 0x6e, 0x67, 0x65, 0x2e, 0x20, 0x49, 0x74,
 0x20, 0x6d, 0x75, 0x73, 0x74, 0x20, 0x62, 0x65,
 0x20, 0x61, 0x20, 0x6e, 0x6f, 0x6e, 0x2d, 0x6e,
 0x65, 0x67, 0x61, 0x74, 0x69, 0x76, 0x65, 0x20,
 0x6e, 0x75, 0x6d, 0x62, 0x65, 0x72, 0x2e, 0x20,
 0x52, 0x65, 0x63, 0x65, 0x69, 0x76, 0x65, 0x64,
 0x20, 0x01, 0x08, 0x74, 0x68, 0x61, 0x74, 0x01,
 0x1e, 0x67, 0x65, 0x74, 0x4d, 0x61, 0x78, 0x4c,
 0x69, 0x73, 0x74, 0x65, 0x6e, 0x65, 0x72, 0x73,
 0x01, 0x08, 0x65, 0x6d, 0x69, 0x74, 0x01, 0x08,
 0x74, 0x79, 0x70, 0x65, 0x01, 0x02, 0x69, 0x01,
 0x0e, 0x64, 0x6f, 0x45, 0x72, 0x72, 0x6f, 0x72,
 0x01, 0x0c, 0x65, 0x76, 0x65, 0x6e, 0x74, 0x73,
 0x01, 0x04, 0x65, 0x72, 0x01, 0x06, 0x65, 0x72,
 0x72, 0x01, 0x0e, 0x68, 0x61, 0x6e, 0x64, 0x6c,
 0x65, 0x72, 0x01, 0x06, 0x6c, 0x65, 0x6e, 0x01,
 0x12, 0x6c, 0x69, 0x73, 0x74, 0x65, 0x6e, 0x65,
 0x72, 0x73, 0x01, 0x08, 0x70, 0x75, 0x73, 0x68,
 0x01, 0x20, 0x55, 0x6e, 0x68, 0x61, 0x6e, 0x64,
 0x6c, 0x65, 0x64, 0x20, 0x65, 0x72, 0x72, 0x6f,
 0x72, 0x2e, 0x01, 0x04, 0x20, 0x28, 0x01, 0x02,
 0x29, 0x01, 0x0e, 0x63, 0x6f, 0x6e, 0x74, 0x65,
 0x78, 0x74, 0x01, 0x0e, 0x70, 0x72, 0x65, 0x70,
 0x65, 0x6e, 0x64, 0x01, 0x02, 0x6d, 0x01, 0x10,
 0x65, 0x78, 0x69, 0x73, 0x74, 0x69, 0x6e, 0x67,
 0x01, 0x02, 0x77, 0x01, 0x16, 0x6e, 0x65, 0x77,
 0x4c, 0x69, 0x73, 0x74, 0x65, 0x6e, 0x65, 0x72,
 0x01, 0x0e, 0x75, 0x6e, 0x73, 0x68, 0x69, 0x66,
 0x74, 0x01, 0x0c, 0x77, 0x61, 0x72, 0x6e, 0x65,
 0x64, 0x01, 0x58, 0x50, 0x6f, 0x73, 0x73, 0x69,
 0x62, 0x6c, 0x65, 0x20, 0x45, 0x76, 0x65, 0x6e,
 0x74, 0x45, 0x6d, 0x69, 0x74, 0x74, 0x65, 0x72,
 0x20, 0x6d, 0x65, 0x6d, 0x6f, 0x72, 0x79, 0x20,
 0x6c, 0x65, 0x61, 0x6b, 0x20, 0x64, 0x65, 0x74,
 0x65, 0x63, 0x74, 0x65, 0x64, 0x2e, 0x20, 0x01,
 0x02, 0x20, 0x01, 0x16, 0x20, 0x6c, 0x69, 0x73,
 0x74, 0x65, 0x6e, 0x65, 0x72, 0x73, 0x20, 0x01,
 0x50, 0x61, 0x64, 0x64, 0x65, 0x64, 0x2e, 0x20,
 0x55, 0x73, 0x65, 0x20, 0x65, 0x6d, 0x69, 0x74,
 0x74, 0x65, 0x72, 0x2e, 0x73, 0x65, 0x74, 0x4d,
 0x61, 0x78, 0x4c, 0x69, 0x73, 0x74, 0x65, 0x6e,
 0x65, 0x72, 0x73, 0x28, 0x29, 0x20, 0x74, 0x6f,
 0x20, 0x01, 0x1c, 0x69, 0x6e, 0x63, 0x72, 0x65,
 0x61, 0x73, 0x65, 0x20, 0x6c, 0x69, 0x6d, 0x69,
 0x74, 0x01, 0x36, 0x4d, 0x61, 0x78, 0x4c, 0x69,
 0x73, 0x74, 0x65, 0x6e, 0x65, 0x72, 0x73, 0x45,
 0x78, 0x63, 0x65, 0x65, 0x64, 0x65, 0x64, 0x57,
 0x61, 0x72, 0x6e, 0x69, 0x6e, 0x67, 0x01, 0x0e,
 0x65, 0x6d, 0x69, 0x74, 0x74, 0x65, 0x72, 0x01,
 0x0a, 0x63, 0x6f, 0x75, 0x6e, 0x74, 0x01, 0x16,
 0x61, 0x64, 0x64, 0x4c, 0x69, 0x73, 0x74, 0x65,
 0x6e, 0x65, 0x72, 0x01, 0x1e, 0x70, 0x72, 0x65,
 0x70, 0x65, 0x6e, 0x64, 0x4c, 0x69, 0x73, 0x74,
 0x65, 0x6e, 0x65, 0x72, 0x01, 0x0a, 0x66, 0x69,
 0x72, 0x65, 0x64, 0x01, 0x1c, 0x72, 0x65, 0x6d,
 0x6f, 0x76, 0x65, 0x4c, 0x69, 0x73, 0x74, 0x65,
 0x6e, 0x65, 0x72, 0x01, 0x0c, 0x77, 0x72, 0x61,
 0x70, 0x46, 0x6e, 0x01, 0x0a, 0x73, 0x74, 0x61,
 0x74, 0x65, 0x01, 0x0e, 0x77, 0x72, 0x61, 0x70,
 0x70, 0x65, 0x64, 0x01, 0x08, 0x62, 0x69, 0x6e,
 0x64, 0x01, 0x04, 0x6f, 0x6e, 0x01, 0x26, 0x70,
 0x72, 0x65, 0x70, 0x65, 0x6e, 0x64, 0x4f, 0x6e,
 0x63, 0x65, 0x4c, 0x69, 0x73, 0x74, 0x65, 0x6e,
 0x65, 0x72, 0x01, 0x08, 0x6c, 0x69, 0x73, 0x74,
 0x01, 0x10, 0x70, 0x6f, 0x73, 0x69, 0x74, 0x69,
 0x6f, 0x6e, 0x01, 0x20, 0x6f, 0x72, 0x69, 0x67,
 0x69, 0x6e, 0x61, 0x6c, 0x4c, 0x69, 0x73, 0x74,
 0x65, 0x6e, 0x65, 0x72, 0x01, 0x0a, 0x73, 0x68,
 0x69, 0x66, 0x74, 0x01, 0x24, 0x72, 0x65, 0x6d,
 0x6f, 0x76, 0x65, 0x41, 0x6c, 0x6c, 0x4c, 0x69,
 0x73, 0x74, 0x65, 0x6e, 0x65, 0x72, 0x73, 0x01,
 0x06, 0x6b, 0x65, 0x79, 0x01, 0x0c, 0x75, 0x6e,
 0x77, 0x72, 0x61, 0x70, 0x01, 0x14, 0x65, 0x76,
 0x6c, 0x69, 0x73, 0x74, 0x65, 0x6e, 0x65, 0x72,
 0x01, 0x18, 0x72, 0x61, 0x77, 0x4c, 0x69, 0x73,
 0x74, 0x65, 0x6e, 0x65, 0x72, 0x73, 0x01, 0x14,
 0x65, 0x76, 0x65, 0x6e, 0x74, 0x4e, 0x61, 0x6d,
 0x65, 0x73, 0x01, 0x06, 0x61, 0x72, 0x72, 0x01,
 0x08, 0x63, 0x6f, 0x70, 0x79, 0x01, 0x06, 0x70,
 0x6f, 0x70, 0x01, 0x06, 0x72, 0x65, 0x74, 0x01,
 0x1a, 0x65, 0x72, 0x72, 0x6f, 0x72, 0x4c, 0x69,
 0x73, 0x74, 0x65, 0x6e, 0x65, 0x72, 0x01, 0x10,
 0x72, 0x65, 0x73, 0x6f, 0x6c, 0x76, 0x65, 0x72,
 0x01, 0x0a, 0x73, 0x6c, 0x69, 0x63, 0x65, 0x01,
 0x18, 0x77, 0x72, 0x61, 0x70, 0x4c, 0x69, 0x73,
 0x74, 0x65, 0x6e, 0x65, 0x72, 0x01, 0x26, 0x72,
 0x65, 0x6d, 0x6f, 0x76, 0x65, 0x45, 0x76, 0x65,
 0x6e, 0x74, 0x4c, 0x69, 0x73, 0x74, 0x65, 0x6e,
 0x65, 0x72, 0x01, 0x20, 0x61, 0x64, 0x64, 0x45,
 0x76, 0x65, 0x6e, 0x74, 0x4c, 0x69, 0x73, 0x74,
 0x65, 0x6e, 0x65, 0x72, 0x01, 0x86, 0x01, 0x54,
 0x68, 0x65, 0x20, 0x22, 0x65, 0x6d, 0x69, 0x74,
 0x74, 0x65, 0x72, 0x22, 0x20, 0x61, 0x72, 0x67,
 0x75, 0x6d, 0x65, 0x6e, 0x74, 0x20, 0x6d, 0x75,
 0x73, 0x74, 0x20, 0x62, 0x65, 0x20, 0x6f, 0x66,
 0x20, 0x74, 0x79, 0x70, 0x65, 0x20, 0x45, 0x76,
 0x65, 0x6e, 0x74, 0x45, 0x6d, 0x69, 0x74, 0x74,
 0x65, 0x72, 0x2e, 0x20, 0x52, 0x65, 0x63, 0x65,
 0x69, 0x76, 0x65, 0x64, 0x20, 0x74, 0x79, 0x70,
 0x65, 0x20, 0x01, 0x0e, 0x52, 0x65, 0x66, 0x6c,
 0x65, 0x63, 0x74, 0x01, 0x0a, 0x69, 0x73, 0x4e,
 0x61, 0x4e, 0x01, 0x06, 0x6f, 0x66, 0x66, 0x0c,
 0x00, 0x0a, 0x00, 0xa8, 0x01, 0x00, 0x01, 0x00,
 0x01, 0x00, 0x00, 0x01, 0x04, 0x01, 0xaa, 0x01,
 0x00, 0x00, 0x00, 0x0c, 0x43, 0x0a, 0x01, 0x00,
 0x06, 0x14, 0x06, 0x06, 0x12, 0x00, 0x23, 0xa1,
 0x04, 0x1a, 0xe4, 0x03, 0x00, 0x01, 0x00, 0xe6,
 0x03, 0x00, 0x01, 0x00, 0xe8, 0x03, 0x00, 0x01,
 0x00, 0xea, 0x03, 0x00, 0x01, 0x00, 0xec, 0x03,
 0x00, 0x01, 0x00, 0xee, 0x03, 0x00, 0x01, 0x00,
 0xf0, 0x03, 0x00, 0x00, 0x00, 0xf2, 0x03, 0x00,
 0x01, 0x40, 0x04, 0xf4, 0x03, 0x00, 0x02, 0x40,
 0x0f, 0xf6, 0x03, 0x00, 0x03, 0x40, 0x07, 0xf8,
 0x03, 0x00, 0x04, 0x40, 0x02, 0xfa, 0x03, 0x00,
 0x05, 0x40, 0x00, 0xfc, 0x03, 0x00, 0x06, 0x40,
 0x01, 0xfe, 0x03, 0x00, 0x07, 0x40, 0x06, 0x80,
 0x04, 0x00, 0x08, 0x40, 0x03, 0x82, 0x04, 0x00,
 0x09, 0x40, 0x08, 0x84, 0x04, 0x00, 0x0a, 0x40,
 0x09, 0x86, 0x04, 0x00, 0x0b, 0x40, 0x0a, 0x88,
 0x04, 0x00, 0x0c, 0x40, 0x0d, 0x8a, 0x04, 0x00,
 0x0d, 0x40, 0x0e, 0x8c, 0x04, 0x00, 0x0e, 0x40,
 0x05, 0x8e, 0x04, 0x00, 0x0f, 0x40, 0x0b, 0x90,
 0x04, 0x00, 0x10, 0x40, 0x0c, 0x92, 0x04, 0x00,
 0x11, 0x00, 0x94, 0x04, 0x00, 0x12, 0x40, 0x11,
 0x96, 0x04, 0x00, 0x13, 0x40, 0x10, 0x0c, 0x43,
 0x0a, 0x01, 0xf2, 0x03, 0x03, 0x00, 0x03, 0x05,
 0x00, 0x00, 0x00, 0x1a, 0x03, 0xbc, 0x01, 0x00,
 0x01, 0x00, 0x98, 0x04, 0x00, 0x01, 0x00, 0x9a,
 0x04, 0x00, 0x01, 0x00, 0x38, 0xa9, 0x00, 0x00,
 0x00, 0x40, 0x3f, 0x00, 0x00, 0x00, 0x40, 0x62,
 0x00, 0x00, 0x00, 0x41, 0x0e, 0x01, 0x00, 0x00,
 0xd7, 0xd8, 0xd9, 0x25, 0x03, 0x00, 0x9e, 0x04,
 0x25, 0x05, 0x08, 0x03, 0x0e, 0x66, 0x3c, 0x07,
 0x10, 0x07, 0x14, 0x00, 0x0c, 0x43, 0x0a, 0x01,
 0xf4, 0x03, 0x01, 0x00, 0x01, 0x05, 0x00, 0x00,
 0x00, 0x24, 0x01, 0xbc, 0x01, 0x00, 0x01, 0x00,
 0x38, 0x9e, 0x00, 0x00, 0x00, 0x41, 0x10, 0x01,
 0x00, 0x00, 0xd7, 0x24, 0x01, 0x00, 0x41, 0x64,
 0x00, 0x00, 0x00, 0x38, 0x9e, 0x00, 0x00, 0x00,
 0x41, 0x11, 0x01, 0x00, 0x00, 0xd7, 0x24, 0x01,
 0x00, 0x25, 0x01, 0x00, 0x9e, 0x04, 0x2d, 0x14,
 0x08, 0x03, 0x0f, 0x34, 0x36, 0x30, 0x2f, 0x34,
 0x3a, 0x00, 0x0c, 0x43, 0x0a, 0x01, 0xf4, 0x03,
 0x01, 0x00, 0x01, 0x03, 0x00, 0x00, 0x00, 0x0e,
 0x01, 0xbc, 0x01, 0x00, 0x01, 0x00, 0x38, 0x9e,
 0x00, 0x00, 0x00, 0x41, 0x10, 0x01, 0x00, 0x00,
 0xd7, 0x25, 0x01, 0x00, 0x9e, 0x04, 0x32, 0x14,
 0x04, 0x03, 0x0f, 0x34, 0x36, 0x00, 0x0c, 0x43,
 0x0a, 0x01, 0xf6, 0x03, 0x01, 0x00, 0x01, 0x03,
 0x00, 0x00, 0x00, 0x23, 0x01, 0xa4, 0x04, 0x00,
 0x01, 0x00, 0x38, 0x13, 0x01, 0x00, 0x00, 0xf0,
 0x1c, 0x38, 0x13, 0x01, 0x00, 0x00, 0x40, 0x14,
 0x01, 0x00, 0x00, 0xf0, 0x10, 0x38, 0x13, 0x01,
 0x00, 0x00, 0x41, 0x14, 0x01, 0x00, 0x00, 0xd7,
 0x24, 0x01, 0x00, 0x0e, 0x29, 0x9e, 0x04, 0x37,
 0x01, 0x08, 0x03, 0x0c, 0x25, 0x16, 0x3e, 0x1c,
 0x34, 0x1a, 0x00, 0x0c, 0x43, 0x0a, 0x01, 0xf8,
 0x03, 0x01, 0x00, 0x01, 0x02, 0x00, 0x00, 0x00,
 0x04, 0x01, 0x88, 0x01, 0x00, 0x01, 0x00, 0xd7,
 0xd7, 0xae, 0x28, 0x9e, 0x04, 0x3b, 0x23, 0x04,
 0x03, 0x31, 0x07, 0x14, 0x00, 0x0c, 0x43, 0x0a,
 0x01, 0xfa, 0x03, 0x00, 0x01, 0x00, 0x03, 0x00,
 0x01, 0x00, 0x12, 0x01, 0x10, 0x00, 0x01, 0x00,
 0xfa, 0x03, 0x05, 0x00, 0x08, 0xcf, 0xe3, 0x40,
 0x15, 0x01, 0x00, 0x00, 0x41, 0x0e, 0x01, 0x00,
 0x00, 0xcb, 0x24, 0x01, 0x00, 0x29, 0x9e, 0x04,
 0x3f, 0x01, 0x04, 0x0d, 0x04, 0x39, 0x2e, 0x00,
 0x0c, 0x43, 0x0a, 0x01, 0xfe, 0x03, 0x01, 0x00,
 0x01, 0x04, 0x00, 0x00, 0x00, 0x17, 0x01, 0xac,
 0x04, 0x00, 0x01, 0x00, 0xd7, 0xfb, 0xf1, 0x13,
 0x38, 0xda, 0x00, 0x00, 0x00, 0x11, 0x04, 0x17,
 0x01, 0x00, 0x00, 0xd7, 0x96, 0x9c, 0x21, 0x01,
 0x00, 0x30, 0x29, 0x9e, 0x04, 0x50, 0x01, 0x09,
 0x03, 0x1a, 0x07, 0x1a, 0x12, 0x17, 0x39, 0xac,
 0x01, 0x00, 0x0c, 0x43, 0x0a, 0x01, 0x00, 0x00,
 0x00, 0x00, 0x01, 0x00, 0x01, 0x00, 0x02, 0x00,
 0xfc, 0x03, 0x06, 0x00, 0xe3, 0x28, 0x9e, 0x04,
 0x58, 0x08, 0x02, 0x03, 0x08, 0x00, 0x0c, 0x43,
 0x0a, 0x01, 0x00, 0x01, 0x00, 0x01, 0x04, 0x00,
 0x02, 0x00, 0x32, 0x01, 0xb0, 0x04, 0x00, 0x01,
 0x00, 0xf8, 0x03, 0x04, 0x00, 0xfc, 0x03, 0x06,
 0x00, 0xd7, 0x96, 0x04, 0x4a, 0x00, 0x00, 0x00,
 0xae, 0x11, 0xf1, 0x0c, 0x0e, 0xd7, 0xba, 0xa5,
 0x11, 0xf1, 0x05, 0x0e, 0xe3, 0xd7, 0xf5, 0xf0,
 0x18, 0x38, 0xd7, 0x00, 0x00, 0x00, 0x11, 0x04,
 0x19, 0x01, 0x00, 0x00, 0xd7, 0x9c, 0x04, 0x1a,
 0x01, 0x00, 0x00, 0x9c, 0x21, 0x01, 0x00, 0x30,
 0xd7, 0xe8, 0x29, 0x9e, 0x04, 0x5b, 0x08, 0x16,
 0x03, 0x10, 0x07, 0x10, 0x39, 0x18, 0x07, 0x0c,
 0x20, 0x0a, 0x07, 0x18, 0x17, 0x53, 0x39, 0xde,
 0x01, 0x0c, 0x0c, 0x36, 0xd5, 0x01, 0x00, 0x0c,
 0x43, 0x0a, 0x01, 0x00, 0x00, 0x01, 0x00, 0x04,
 0x00, 0x00, 0x00, 0x5f, 0x01, 0x10, 0x00, 0x01,
 0x00, 0x08, 0xcf, 0xcb, 0x40, 0x1b, 0x01, 0x00,
 0x00, 0x38, 0x49, 0x00, 0x00, 0x00, 0xad, 0x11,
 0xf1, 0x1c, 0x0e, 0xcb, 0x40, 0x1b, 0x01, 0x00,
 0x00, 0x38, 0x9e, 0x00, 0x00, 0x00, 0x41, 0x67,
 0x00, 0x00, 0x00, 0xcb, 0x24, 0x01, 0x00, 0x40,
 0x1b, 0x01, 0x00, 0x00, 0xad, 0xf0, 0x1c, 0xcb,
 0x38, 0x9e, 0x00, 0x00, 0x00, 0x41, 0x1c, 0x01,
 0x00, 0x00, 0x07, 0x24, 0x01, 0x00, 0x42, 0x1b,
 0x01, 0x00, 0x00, 0xcb, 0xba, 0x42, 0x1d, 0x01,
 0x00, 0x00, 0xcb, 0xcb, 0x40, 0x1e, 0x01, 0x00,
 0x00, 0x11, 0xf1, 0x07, 0x0e, 0x38, 0x49, 0x00,
 0x00, 0x00, 0x42, 0x1e, 0x01, 0x00, 0x00, 0x29,
 0x9e, 0x04, 0x63, 0x15, 0x12, 0x2c, 0x06, 0x53,
 0x00, 0x34, 0x2c, 0x3f, 0x51, 0x07, 0x1e, 0x34,
 0x1c, 0x30, 0x39, 0x28, 0x03, 0x39, 0x56, 0x00,
 0x0c, 0x43, 0x0a, 0x01, 0xbe, 0x04, 0x01, 0x01,
 0x01, 0x04, 0x00, 0x01, 0x00, 0x3a, 0x02, 0xc0,
 0x04, 0x00, 0x01, 0x00, 0x10, 0x00, 0x01, 0x00,
 0xf8, 0x03, 0x04, 0x00, 0x08, 0xcf, 0xd7, 0x96,
 0x04, 0x4a, 0x00, 0x00, 0x00, 0xae, 0x11, 0xf1,
 0x0c, 0x0e, 0xd7, 0xba, 0xa5, 0x11, 0xf1, 0x05,
 0x0e, 0xe3, 0xd7, 0xf5, 0xf0, 0x18, 0x38, 0xd7,
 0x00, 0x00, 0x00, 0x11, 0x04, 0x21, 0x01, 0x00,
 0x00, 0xd7, 0x9c, 0x04, 0x1a, 0x01, 0x00, 0x00,
 0x9c, 0x21, 0x01, 0x00, 0x30, 0xcb, 0xd7, 0x42,
 0x1e, 0x01, 0x00, 0x00, 0xcb, 0x28, 0x9e, 0x04,
 0x70, 0x2a, 0x18, 0x0d, 0x37, 0x07, 0x0c, 0x39,
 0x18, 0x07, 0x08, 0x20, 0x0a, 0x07, 0x18, 0x17,
 0x4b, 0x39, 0xba, 0x01, 0x0c, 0x08, 0x36, 0xd9,
 0x01, 0x07, 0x2a, 0x00, 0x0c, 0x43, 0x0a, 0x01,
 0x80, 0x04, 0x01, 0x00, 0x01, 0x02, 0x00, 0x01,
 0x00, 0x1c, 0x01, 0xc4, 0x04, 0x00, 0x01, 0x00,
 0xfa, 0x03, 0x05, 0x00, 0xd7, 0x40, 0x1e, 0x01,
 0x00, 0x00, 0x38, 0x49, 0x00, 0x00, 0x00, 0xad,
 0xf0, 0x08, 0xe3, 0x40, 0xfe, 0x00, 0x00, 0x00,
 0x28, 0xd7, 0x40, 0x1e, 0x01, 0x00, 0x00, 0x28,
 0x9e, 0x04, 0x78, 0x01, 0x08, 0x03, 0x0c, 0x20,
 0x2e, 0x2b, 0x23, 0x26, 0x03, 0x00, 0x0c, 0x43,
 0x0a, 0x01, 0xc6, 0x04, 0x00, 0x01, 0x00, 0x02,
 0x00, 0x01, 0x00, 0x07, 0x01, 0x10, 0x00, 0x01,
 0x00, 0x80, 0x04, 0x08, 0x00, 0x08, 0xcf, 0xe3,
 0xcb, 0x23, 0x01, 0x00, 0x9e, 0x04, 0x7e, 0x2a,
 0x04, 0x0d, 0x3f, 0x07, 0x22, 0x00, 0x0c, 0x43,
 0x0a, 0x01, 0xc8, 0x04, 0x01, 0x0b, 0x01, 0x05,
 0x00, 0x02, 0x00, 0xeb, 0x01, 0x0c, 0xca, 0x04,
 0x00, 0x01, 0x00, 0x9a, 0x04, 0x00, 0x00, 0x00,
 0xcc, 0x04, 0x00, 0x01, 0x00, 0xce, 0x04, 0x00,
 0x02, 0x00, 0xd0, 0x04, 0x00, 0x03, 0x00, 0xd2,
 0x04, 0x00, 0x04, 0x00, 0xd4, 0x04, 0x00, 0x05,
 0x00, 0xd6, 0x04, 0x00, 0x06, 0x00, 0xd8, 0x04,
 0x00, 0x07, 0x00, 0xda, 0x04, 0x00, 0x08, 0x00,
 0xa2, 0x01, 0x00, 0x01, 0x00, 0x10, 0x00, 0x01,
 0x00, 0xf2, 0x03, 0x01, 0x00, 0x8c, 0x04, 0x0e,
 0x00, 0x08, 0xc8, 0x0a, 0x0c, 0x00, 0xc8, 0x09,
 0x26, 0x00, 0x00, 0xcf, 0xbb, 0xd0, 0xcc, 0xc7,
 0x09, 0xef, 0xa5, 0xf0, 0x13, 0xcb, 0x41, 0x2e,
 0x01, 0x00, 0x00, 0xc7, 0x09, 0xcc, 0x46, 0x24,
 0x01, 0x00, 0x0e, 0x92, 0x01, 0xf2, 0xe8, 0xd7,
 0x04, 0x37, 0x00, 0x00, 0x00, 0xad, 0xd1, 0xc7,
 0x0a, 0x40, 0x1b, 0x01, 0x00, 0x00, 0xd6, 0x38,
 0x49, 0x00, 0x00, 0x00, 0xae, 0xf0, 0x15, 0xcd,
 0x11, 0xf0, 0x0e, 0x0e, 0xce, 0x40, 0x37, 0x00,
 0x00, 0x00, 0x38, 0x49, 0x00, 0x00, 0x00, 0xad,
 0xd1, 0xf2, 0x07, 0xcd, 0x95, 0xf0, 0x03, 0x09,
 0x28, 0xcd, 0xf0, 0x4e, 0xcb, 0xef, 0xba, 0xa7,
 0xf0, 0x06, 0xcb, 0xba, 0x46, 0xc8, 0x04, 0xc7,
 0x04, 0x38, 0xa0, 0x00, 0x00, 0x00, 0xa9, 0xf0,
 0x04, 0xc7, 0x04, 0x30, 0x38, 0xa0, 0x00, 0x00,
 0x00, 0x11, 0x04, 0x2f, 0x01, 0x00, 0x00, 0xc7,
 0x04, 0xf0, 0x16, 0x04, 0x30, 0x01, 0x00, 0x00,
 0xc7, 0x04, 0x40, 0x34, 0x00, 0x00, 0x00, 0x9c,
 0x04, 0x31, 0x01, 0x00, 0x00, 0x9c, 0xf2, 0x02,
 0xc6, 0x9c, 0x21, 0x01, 0x00, 0xc9, 0x05, 0xc7,
 0x04, 0x42, 0x32, 0x01, 0x00, 0x00, 0xc7, 0x05,
 0x30, 0xce, 0xd7, 0x46, 0xc9, 0x06, 0x38, 0x49,
 0x00, 0x00, 0x00, 0xad, 0xf0, 0x03, 0x09, 0x28,
 0xc7, 0x06, 0xfb, 0xf0, 0x0b, 0xe3, 0xc7, 0x06,
 0xc7, 0x0a, 0xcb, 0xf7, 0x0e, 0xf2, 0x24, 0xc7,
 0x06, 0xef, 0xc8, 0x07, 0xe4, 0xc7, 0x06, 0xc7,
 0x07, 0xf6, 0xc8, 0x08, 0xba, 0xd0, 0xcc, 0xc7,
 0x07, 0xa5, 0xf0, 0x0f, 0xe3, 0xc7, 0x08, 0xcc,
 0x46, 0xc7, 0x0a, 0xcb, 0xf7, 0x0e, 0x92, 0x01,
 0xf2, 0xed, 0x0a, 0x28, 0x9e, 0x04, 0x82, 0x01,
 0x1f, 0x63, 0x45, 0x17, 0x07, 0x08, 0x20, 0x2e,
 0x20, 0x14, 0x0c, 0x14, 0x20, 0x31, 0x17, 0x2d,
 0x07, 0x12, 0x4b, 0x27, 0x07, 0x16, 0x2b, 0x03,
 0x1b, 0x16, 0x20, 0x22, 0x30, 0x3d, 0x00, 0x06,
 0x08, 0x0b, 0x13, 0x04, 0x0c, 0x1c, 0x17, 0x15,
 0x1c, 0x05, 0x0c, 0x1c, 0x2d, 0x13, 0x14, 0x0c,
 0x39, 0x38, 0x2f, 0x18, 0x2a, 0x1a, 0x44, 0x85,
 0x01, 0x0c, 0x1c, 0x26, 0x0f, 0x14, 0x0c, 0x07,
 0x0e, 0x0e, 0x21, 0x0c, 0x18, 0x37, 0x09, 0x0c,
 0x18, 0x12, 0x29, 0x07, 0x1a, 0x16, 0x1e, 0x1d,
 0x23, 0x1c, 0x0c, 0x07, 0x16, 0x0c, 0x12, 0x26,
 0x27, 0x07, 0x08, 0x1c, 0x23, 0x07, 0x1a, 0x0c,
 0x14, 0x16, 0x14, 0x10, 0x0f, 0x00, 0x0c, 0x43,
 0x0a, 0x01, 0x82, 0x04, 0x04, 0x04, 0x04, 0x05,
 0x00, 0x03, 0x00, 0xcd, 0x02, 0x08, 0xbc, 0x01,
 0x00, 0x01, 0x00, 0xca, 0x04, 0x00, 0x01, 0x00,
 0xac, 0x04, 0x00, 0x01, 0x00, 0xe6, 0x04, 0x00,
 0x01, 0x00, 0xe8, 0x04, 0x00, 0x00, 0x00, 0xd0,
 0x04, 0x00, 0x01, 0x00, 0xea, 0x04, 0x00, 0x02,
 0x00, 0xec, 0x04, 0x00, 0x03, 0x00, 0xfe, 0x03,
 0x07, 0x00, 0x80, 0x04, 0x08, 0x00, 0xf6, 0x03,
 0x03, 0x00, 0xe3, 0xd9, 0xf5, 0x0e, 0xd7, 0x40,
 0x1b, 0x01, 0x00, 0x00, 0xd4, 0x38, 0x49, 0x00,
 0x00, 0x00, 0xad, 0xf0, 0x20, 0xd7, 0x38, 0x9e,
 0x00, 0x00, 0x00, 0x41, 0x1c, 0x01, 0x00, 0x00,
 0x07, 0x24, 0x01, 0x00, 0x15, 0x42, 0x1b, 0x01,
 0x00, 0x00, 0xd0, 0xd7, 0xba, 0x42, 0x1d, 0x01,
 0x00, 0x00, 0xf2, 0x3b, 0xcc, 0x40, 0x37, 0x01,
 0x00, 0x00, 0x38, 0x49, 0x00, 0x00, 0x00, 0xae,
 0xf0, 0x29, 0xd7, 0x41, 0x24, 0x01, 0x00, 0x00,
 0x04, 0x37, 0x01, 0x00, 0x00, 0xd8, 0xd9, 0x40,
 0x16, 0x01, 0x00, 0x00, 0xf0, 0x09, 0xd9, 0x40,
 0x16, 0x01, 0x00, 0x00, 0xf2, 0x02, 0xd9, 0x24,
 0x03, 0x00, 0x0e, 0xd7, 0x40, 0x1b, 0x01, 0x00,
 0x00, 0xd0, 0xcc, 0xd8, 0x46, 0xd1, 0xcd, 0x38,
 0x49, 0x00, 0x00, 0x00, 0xad, 0xf0, 0x22, 0xcc,
 0xd8, 0x1b, 0x11, 0xaf, 0xf1, 0x04, 0x1b, 0x71,
 0x1b, 0x1b, 0xd9, 0x1b, 0x71, 0x1b, 0x16, 0x48,
 0xd1, 0xd7, 0x41, 0x1d, 0x01, 0x00, 0x00, 0x8e,
 0x42, 0x1d, 0x01, 0x00, 0x00, 0xf3, 0xb7, 0x00,
 0xcd, 0xfb, 0xf0, 0x23, 0xcc, 0xd8, 0x1b, 0x11,
 0xaf, 0xf1, 0x04, 0x1b, 0x71, 0x1b, 0x1b, 0xda,
 0xf0, 0x08, 0xd9, 0xcd, 0x26, 0x02, 0x00, 0xf2,
 0x06, 0xcd, 0xd9, 0x26, 0x02, 0x00, 0x1b, 0x71,
 0x1b, 0x16, 0x48, 0xd1, 0xf2, 0x1c, 0xda, 0xf0,
 0x0e, 0xcd, 0x41, 0x38, 0x01, 0x00, 0x00, 0xd9,
 0x24, 0x01, 0x00, 0x0e, 0xf2, 0x0c, 0xcd, 0x41,
 0x2e, 0x01, 0x00, 0x00, 0xd9, 0x24, 0x01, 0x00,
 0x0e, 0xe4, 0xd7, 0xf5, 0xd3, 0xba, 0xa7, 0xf0,
 0x6d, 0xcd, 0xef, 0xcb, 0xa7, 0xf0, 0x67, 0xcd,
 0x40, 0x39, 0x01, 0x00, 0x00, 0x95, 0xf0, 0x5e,
 0xcd, 0x0a, 0x42, 0x39, 0x01, 0x00, 0x00, 0x38,
 0xa0, 0x00, 0x00, 0x00, 0x11, 0x04, 0x3a, 0x01,
 0x00, 0x00, 0xcd, 0xef, 0x9c, 0x04, 0x3b, 0x01,
 0x00, 0x00, 0x9c, 0x38, 0xa2, 0x00, 0x00, 0x00,
 0xd8, 0xf5, 0x9c, 0x04, 0x3c, 0x01, 0x00, 0x00,
 0x9c, 0x04, 0x3d, 0x01, 0x00, 0x00, 0x9c, 0x04,
 0x3e, 0x01, 0x00, 0x00, 0x9c, 0x21, 0x01, 0x00,
 0xd6, 0x04, 0x3f, 0x01, 0x00, 0x00, 0x42, 0x3a,
 0x00, 0x00, 0x00, 0xce, 0xd7, 0x42, 0x40, 0x01,
 0x00, 0x00, 0xce, 0xd8, 0x42, 0x25, 0x01, 0x00,
 0x00, 0xce, 0xcd, 0xef, 0x42, 0x41, 0x01, 0x00,
 0x00, 0xe5, 0xce, 0xf5, 0x0e, 0xd7, 0x28, 0x9e,
 0x04, 0xae, 0x01, 0x01, 0x8a, 0x01, 0x00, 0x00,
 0x0a, 0x04, 0x07, 0x1c, 0x13, 0x09, 0x26, 0x0c,
 0x2b, 0x07, 0x07, 0x22, 0x34, 0x1c, 0x3a, 0x4f,
 0x00, 0x09, 0x08, 0x08, 0x20, 0x2e, 0x2b, 0x31,
 0x20, 0x0e, 0x1b, 0x28, 0x08, 0x1d, 0x2a, 0x28,
 0x2a, 0x28, 0x00, 0x05, 0x08, 0x55, 0x27, 0x00,
 0x07, 0x0e, 0x14, 0x1f, 0x07, 0x1a, 0x2c, 0x07,
 0x07, 0x0e, 0x34, 0x10, 0x26, 0x2f, 0x4f, 0x12,
 0x07, 0x1a, 0x13, 0x15, 0x07, 0x0e, 0x35, 0x1f,
 0x11, 0x16, 0x07, 0x14, 0x20, 0x1a, 0x07, 0x14,
 0x40, 0x49, 0x12, 0x11, 0x20, 0x22, 0x27, 0x21,
 0x20, 0x1c, 0x00, 0x05, 0x08, 0x17, 0x07, 0x22,
 0x12, 0x19, 0x16, 0x0a, 0x0c, 0x24, 0x16, 0x0c,
 0x30, 0x45, 0x28, 0x18, 0x3a, 0x10, 0x11, 0x24,
 0x20, 0x0c, 0x1b, 0x0e, 0x11, 0x10, 0x21, 0x4d,
 0x21, 0x00, 0x30, 0x27, 0x3a, 0x00, 0x07, 0x18,
 0x21, 0x17, 0x07, 0x12, 0x21, 0x11, 0x07, 0x14,
 0x26, 0x13, 0x07, 0x26, 0x00, 0x03, 0x08, 0x1f,
 0x00, 0x0c, 0x43, 0x0a, 0x01, 0x84, 0x05, 0x02,
 0x01, 0x02, 0x05, 0x00, 0x01, 0x00, 0x0a, 0x03,
 0xca, 0x04, 0x00, 0x01, 0x00, 0xac, 0x04, 0x00,
 0x01, 0x00, 0x10, 0x00, 0x01, 0x00, 0x82, 0x04,
 0x09, 0x00, 0x08, 0xcf, 0xe3, 0xcb, 0xd7, 0xd8,
 0x09, 0x23, 0x04, 0x00, 0x9e, 0x04, 0xec, 0x01,
 0x26, 0x08, 0x0d, 0x37, 0x07, 0x1a, 0x07, 0x0c,
 0x07, 0x0c, 0x00, 0x0c, 0x43, 0x0a, 0x01, 0x86,
 0x05, 0x02, 0x01, 0x02, 0x05, 0x00, 0x01, 0x00,
 0x0a, 0x03, 0xca, 0x04, 0x00, 0x01, 0x00, 0xac,
 0x04, 0x00, 0x01, 0x00, 0x10, 0x00, 0x01, 0x00,
 0x82, 0x04, 0x09, 0x00, 0x08, 0xcf, 0xe3, 0xcb,
 0xd7, 0xd8, 0x0a, 0x23, 0x04, 0x00, 0x9e, 0x04,
 0xf3, 0x01, 0x05, 0x08, 0x0d, 0x12, 0x07, 0x1a,
 0x07, 0x0c, 0x07, 0x0c, 0x00, 0x0c, 0x43, 0x0a,
 0x01, 0x84, 0x04, 0x00, 0x02, 0x00, 0x04, 0x00,
 0x00, 0x00, 0x60, 0x02, 0x10, 0x00, 0x01, 0x00,
 0xa2, 0x01, 0x00, 0x01, 0x00, 0x08, 0xcf, 0x0c,
 0x00, 0xd0, 0xcb, 0x40, 0x44, 0x01, 0x00, 0x00,
 0x95, 0xf0, 0x52, 0xcb, 0x40, 0x5e, 0x00, 0x00,
 0x00, 0x41, 0x45, 0x01, 0x00, 0x00, 0xcb, 0x40,
 0x25, 0x01, 0x00, 0x00, 0xcb, 0x40, 0x46, 0x01,
 0x00, 0x00, 0x24, 0x02, 0x00, 0x0e, 0xcb, 0x0a,
 0x42, 0x44, 0x01, 0x00, 0x00, 0xcc, 0xef, 0xba,
 0xad, 0xf0, 0x15, 0xcb, 0x40, 0x16, 0x01, 0x00,
 0x00, 0x41, 0x0e, 0x01, 0x00, 0x00, 0xcb, 0x40,
 0x5e, 0x00, 0x00, 0x00, 0x25, 0x01, 0x00, 0xcb,
 0x40, 0x16, 0x01, 0x00, 0x00, 0x41, 0x62, 0x00,
 0x00, 0x00, 0xcb, 0x40, 0x5e, 0x00, 0x00, 0x00,
 0xcc, 0x25, 0x02, 0x00, 0x29, 0x9e, 0x04, 0xf7,
 0x01, 0x01, 0x10, 0x4a, 0x08, 0x39, 0x36, 0x53,
 0x35, 0x26, 0x08, 0x0c, 0x2a, 0x4e, 0x06, 0x67,
 0x01, 0x20, 0x1a, 0x00, 0x0c, 0x43, 0x0a, 0x01,
 0x86, 0x04, 0x03, 0x02, 0x03, 0x03, 0x00, 0x01,
 0x00, 0x3d, 0x05, 0xbc, 0x01, 0x00, 0x01, 0x00,
 0xca, 0x04, 0x00, 0x01, 0x00, 0xac, 0x04, 0x00,
 0x01, 0x00, 0x8e, 0x05, 0x00, 0x00, 0x00, 0x90,
 0x05, 0x00, 0x01, 0x00, 0x84, 0x04, 0x0a, 0x00,
 0x0b, 0x09, 0x4b, 0x44, 0x01, 0x00, 0x00, 0x38,
 0x49, 0x00, 0x00, 0x00, 0x4b, 0x46, 0x01, 0x00,
 0x00, 0xd7, 0x4b, 0x5e, 0x00, 0x00, 0x00, 0xd8,
 0x4b, 0x25, 0x01, 0x00, 0x00, 0xd9, 0x4b, 0x16,
 0x01, 0x00, 0x00, 0xcf, 0xe3, 0x41, 0x49, 0x01,
 0x00, 0x00, 0xcb, 0x24, 0x01, 0x00, 0xd4, 0xd9,
 0x42, 0x16, 0x01, 0x00, 0x00, 0xca, 0x42, 0x46,
 0x01, 0x00, 0x00, 0xcc, 0x28, 0x9e, 0x04, 0x81,
 0x02, 0x01, 0x15, 0x26, 0x4c, 0x34, 0x26, 0x20,
 0x1c, 0x20, 0x20, 0x26, 0x8d, 0x01, 0x20, 0x22,
 0x17, 0x3d, 0x07, 0x26, 0x21, 0x07, 0x21, 0x0f,
 0x00, 0x0c, 0x43, 0x0a, 0x01, 0x92, 0x04, 0x02,
 0x01, 0x02, 0x07, 0x00, 0x02, 0x00, 0x18, 0x03,
 0xca, 0x04, 0x00, 0x01, 0x00, 0xac, 0x04, 0x00,
 0x01, 0x00, 0x10, 0x00, 0x01, 0x00, 0xfe, 0x03,
 0x07, 0x00, 0x86, 0x04, 0x0b, 0x00, 0x08, 0xcf,
 0xe3, 0xd8, 0xf5, 0x0e, 0xcb, 0x41, 0x4a, 0x01,
 0x00, 0x00, 0xd7, 0xe4, 0xcb, 0xd7, 0xd8, 0xf7,
 0x24, 0x02, 0x00, 0x0e, 0xcb, 0x28, 0x9e, 0x04,
 0x89, 0x02, 0x1f, 0x10, 0x0d, 0x37, 0x07, 0x1c,
 0x12, 0x1b, 0x20, 0x10, 0x07, 0x0c, 0x07, 0x14,
 0x07, 0x0c, 0x07, 0x0c, 0x00, 0x0c, 0x43, 0x0a,
 0x01, 0x96, 0x05, 0x02, 0x01, 0x02, 0x07, 0x00,
 0x02, 0x00, 0x18, 0x03, 0xca, 0x04, 0x00, 0x01,
 0x00, 0xac, 0x04, 0x00, 0x01, 0x00, 0x10, 0x00,
 0x01, 0x00, 0xfe, 0x03, 0x07, 0x00, 0x86, 0x04,
 0x0b, 0x00, 0x08, 0xcf, 0xe3, 0xd8, 0xf5, 0x0e,
 0xcb, 0x41, 0x43, 0x01, 0x00, 0x00, 0xd7, 0xe4,
 0xcb, 0xd7, 0xd8, 0xf7, 0x24, 0x02, 0x00, 0x0e,
 0xcb, 0x28, 0x9e, 0x04, 0x90, 0x02, 0x05, 0x10,
 0x0d, 0x04, 0x07, 0x1c, 0x12, 0x1b, 0x20, 0x2a,
 0x07, 0x0c, 0x07, 0x14, 0x07, 0x0c, 0x07, 0x0c,
 0x00, 0x0c, 0x43, 0x0a, 0x01, 0x8a, 0x05, 0x02,
 0x06, 0x02, 0x06, 0x00, 0x02, 0x00, 0xab, 0x02,
 0x08, 0xca, 0x04, 0x00, 0x01, 0x00, 0xac, 0x04,
 0x00, 0x01, 0x00, 0x98, 0x05, 0x00, 0x00, 0x00,
 0xd0, 0x04, 0x00, 0x01, 0x00, 0x9a, 0x05, 0x00,
 0x02, 0x00, 0xcc, 0x04, 0x00, 0x03, 0x00, 0x9c,
 0x05, 0x00, 0x04, 0x00, 0x10, 0x00, 0x01, 0x00,
 0xfe, 0x03, 0x07, 0x00, 0x8e, 0x04, 0x0f, 0x00,
 0x08, 0xc8, 0x05, 0xe3, 0xd8, 0xf5, 0x0e, 0xc7,
 0x05, 0x40, 0x1b, 0x01, 0x00, 0x00, 0xd4, 0x38,
 0x49, 0x00, 0x00, 0x00, 0xad, 0xf0, 0x04, 0xc7,
 0x05, 0x28, 0xcc, 0xd7, 0x46, 0xd3, 0x38, 0x49,
 0x00, 0x00, 0x00, 0xad, 0xf0, 0x04, 0xc7, 0x05,
 0x28, 0xcb, 0xd8, 0xad, 0x11, 0xf1, 0x0a, 0x0e,
 0xcb, 0x40, 0x16, 0x01, 0x00, 0x00, 0xd8, 0xad,
 0xf0, 0x59, 0xc7, 0x05, 0x41, 0x1d, 0x01, 0x00,
 0x00, 0x8d, 0x15, 0x42, 0x1d, 0x01, 0x00, 0x00,
 0xba, 0xad, 0xf0, 0x19, 0xc7, 0x05, 0x38, 0x9e,
 0x00, 0x00, 0x00, 0x41, 0x1c, 0x01, 0x00, 0x00,
 0x07, 0x24, 0x01, 0x00, 0x42, 0x1b, 0x01, 0x00,
 0x00, 0xf3, 0xc6, 0x00, 0xcc, 0xd7, 0x97, 0x0e,
 0xcc, 0x40, 0x45, 0x01, 0x00, 0x00, 0x68, 0xb9,
 0x00, 0x00, 0x00, 0xc7, 0x05, 0x41, 0x24, 0x01,
 0x00, 0x00, 0x04, 0x45, 0x01, 0x00, 0x00, 0xd7,
 0xcb, 0x40, 0x16, 0x01, 0x00, 0x00, 0x11, 0xf1,
 0x03, 0x0e, 0xd8, 0x24, 0x03, 0x00, 0x0e, 0xf3,
 0x98, 0x00, 0xcb, 0xfb, 0x69, 0x93, 0x00, 0x00,
 0x00, 0xb9, 0xd1, 0xcb, 0xef, 0xbb, 0x9d, 0xd2,
 0xce, 0xba, 0xa8, 0xf0, 0x28, 0xcb, 0xce, 0x46,
 0xd8, 0xad, 0x11, 0xf1, 0x0c, 0x0e, 0xcb, 0xce,
 0x46, 0x40, 0x16, 0x01, 0x00, 0x00, 0xd8, 0xad,
 0xf0, 0x0f, 0xcb, 0xce, 0x46, 0x40, 0x16, 0x01,
 0x00, 0x00, 0xc8, 0x04, 0xce, 0xd1, 0xf2, 0x05,
 0x91, 0x03, 0xf2, 0xd5, 0xcd, 0xba, 0xa5, 0xf0,
 0x04, 0xc7, 0x05, 0x28, 0xcd, 0xba, 0xad, 0xf0,
 0x0d, 0xcb, 0x41, 0x4f, 0x01, 0x00, 0x00, 0x24,
 0x00, 0x00, 0x0e, 0xf2, 0x06, 0xe4, 0xcb, 0xcd,
 0xf6, 0x0e, 0xcb, 0xef, 0xbb, 0xad, 0xf0, 0x13,
 0xcc, 0xd7, 0x1b, 0x11, 0xaf, 0xf1, 0x04, 0x1b,
 0x71, 0x1b, 0x1b, 0xcb, 0xba, 0x46, 0x1b, 0x71,
 0x1b, 0x48, 0xcc, 0x40, 0x45, 0x01, 0x00, 0x00,
 0x38, 0x49, 0x00, 0x00, 0x00, 0xae, 0xf0, 0x19,
 0xc7, 0x05, 0x41, 0x24, 0x01, 0x00, 0x00, 0x04,
 0x45, 0x01, 0x00, 0x00, 0xd7, 0xc7, 0x04, 0x11,
 0xf1, 0x03, 0x0e, 0xd8, 0x24, 0x03, 0x00, 0x0e,
 0xc7, 0x05, 0x28, 0x9e, 0x04, 0x98, 0x02, 0x05,
 0x7e, 0x14, 0x04, 0x07, 0x1c, 0x13, 0x1b, 0x2b,
 0x1e, 0x3c, 0x0f, 0x07, 0x0e, 0x12, 0x01, 0x3c,
 0x11, 0x07, 0x12, 0x20, 0x18, 0x20, 0x24, 0x5d,
 0x19, 0x17, 0x33, 0x0c, 0x1e, 0x34, 0x1c, 0x40,
 0x2b, 0x07, 0x0e, 0x12, 0x13, 0x3a, 0x03, 0x25,
 0x0a, 0x1b, 0x2e, 0x07, 0x0c, 0x34, 0x22, 0x2c,
 0x4d, 0x07, 0x12, 0x21, 0x31, 0x0e, 0x12, 0x0c,
 0x1c, 0x11, 0x06, 0x07, 0x0a, 0x17, 0x31, 0x07,
 0x0a, 0x0c, 0x0e, 0x20, 0x18, 0x07, 0x0a, 0x25,
 0x20, 0x17, 0x37, 0x07, 0x0a, 0x30, 0x19, 0x00,
 0x04, 0x05, 0x26, 0x00, 0x04, 0x10, 0x3b, 0x07,
 0x16, 0x28, 0x15, 0x07, 0x1a, 0x17, 0x1d, 0x20,
 0x0a, 0x22, 0x09, 0x07, 0x14, 0x07, 0x0c, 0x14,
 0x1b, 0x0c, 0x20, 0x17, 0x23, 0x07, 0x0e, 0x34,
 0x10, 0x27, 0x19, 0x20, 0x34, 0x2b, 0x37, 0x25,
 0x0a, 0x1b, 0x2e, 0x07, 0x0c, 0x20, 0x28, 0x00,
 0x0c, 0x43, 0x0a, 0x01, 0xa0, 0x05, 0x01, 0x07,
 0x01, 0x05, 0x00, 0x00, 0x00, 0xb4, 0x02, 0x08,
 0xca, 0x04, 0x00, 0x01, 0x00, 0xda, 0x04, 0x00,
 0x00, 0x00, 0xd0, 0x04, 0x00, 0x01, 0x00, 0xcc,
 0x04, 0x00, 0x02, 0x00, 0x62, 0x00, 0x03, 0x00,
 0xa2, 0x05, 0x00, 0x04, 0x00, 0x10, 0x00, 0x01,
 0x00, 0xa2, 0x01, 0x00, 0x01, 0x00, 0x08, 0xc8,
 0x05, 0x0c, 0x00, 0xc8, 0x06, 0xc7, 0x05, 0x40,
 0x1b, 0x01, 0x00, 0x00, 0xd4, 0x38, 0x49, 0x00,
 0x00, 0x00, 0xad, 0xf0, 0x04, 0xc7, 0x05, 0x28,
 0xcc, 0x40, 0x45, 0x01, 0x00, 0x00, 0x38, 0x49,
 0x00, 0x00, 0x00, 0xad, 0xf0, 0x62, 0xc7, 0x06,
 0xef, 0xba, 0xad, 0xf0, 0x20, 0xc7, 0x05, 0x38,
 0x9e, 0x00, 0x00, 0x00, 0x41, 0x1c, 0x01, 0x00,
 0x00, 0x07, 0x24, 0x01, 0x00, 0x42, 0x1b, 0x01,
 0x00, 0x00, 0xc7, 0x05, 0xba, 0x42, 0x1d, 0x01,
 0x00, 0x00, 0xf2, 0x39, 0xcc, 0xd7, 0x46, 0x38,
 0x49, 0x00, 0x00, 0x00, 0xae, 0xf0, 0x2e, 0xc7,
 0x05, 0x41, 0x1d, 0x01, 0x00, 0x00, 0x8d, 0x15,
 0x42, 0x1d, 0x01, 0x00, 0x00, 0xba, 0xad, 0xf0,
 0x18, 0xc7, 0x05, 0x38, 0x9e, 0x00, 0x00, 0x00,
 0x41, 0x1c, 0x01, 0x00, 0x00, 0x07, 0x24, 0x01,
 0x00, 0x42, 0x1b, 0x01, 0x00, 0x00, 0xf2, 0x05,
 0xcc, 0xd7, 0x97, 0x0e, 0xc7, 0x05, 0x28, 0xc7,
 0x06, 0xef, 0xba, 0xad, 0xf0, 0x66, 0x38, 0x9e,
 0x00, 0x00, 0x00, 0x41, 0x31, 0x00, 0x00, 0x00,
 0xcc, 0x24, 0x01, 0x00, 0xd2, 0xba, 0xd1, 0xcd,
 0xce, 0xef, 0xa5, 0xf0, 0x1f, 0xce, 0xcd, 0x46,
 0xc9, 0x04, 0x04, 0x45, 0x01, 0x00, 0x00, 0xad,
 0xf1, 0x0e, 0xc7, 0x05, 0x41, 0x50, 0x01, 0x00,
 0x00, 0xc7, 0x04, 0x24, 0x01, 0x00, 0x0e, 0x92,
 0x02, 0xf2, 0xdd, 0xc7, 0x05, 0x41, 0x50, 0x01,
 0x00, 0x00, 0x04, 0x45, 0x01, 0x00, 0x00, 0x24,
 0x01, 0x00, 0x0e, 0xc7, 0x05, 0x38, 0x9e, 0x00,
 0x00, 0x00, 0x41, 0x1c, 0x01, 0x00, 0x00, 0x07,
 0x24, 0x01, 0x00, 0x42, 0x1b, 0x01, 0x00, 0x00,
 0xc7, 0x05, 0xba, 0x42, 0x1d, 0x01, 0x00, 0x00,
 0xc7, 0x05, 0x28, 0xcc, 0xd7, 0x46, 0xd3, 0xfb,
 0xf0, 0x10, 0xc7, 0x05, 0x41, 0x45, 0x01, 0x00,
 0x00, 0xd7, 0xcb, 0x24, 0x02, 0x00, 0x0e, 0xf2,
 0x27, 0xcb, 0x38, 0x49, 0x00, 0x00, 0x00, 0xae,
 0xf0, 0x1e, 0xcb, 0xef, 0xbb, 0x9d, 0xd1, 0xcd,
 0xba, 0xa8, 0xf0, 0x14, 0xc7, 0x05, 0x41, 0x45,
 0x01, 0x00, 0x00, 0xd7, 0xcb, 0xcd, 0x46, 0x24,
 0x02, 0x00, 0x0e, 0x91, 0x02, 0xf2, 0xe9, 0xc7,
 0x05, 0x28, 0x9e, 0x04, 0xce, 0x02, 0x05, 0x78,
 0x28, 0x04, 0x2b, 0x1e, 0x00, 0x0b, 0x08, 0x15,
 0x20, 0x34, 0x2b, 0x2f, 0x11, 0x2a, 0x17, 0x2d,
 0x0c, 0x1e, 0x34, 0x1c, 0x30, 0x39, 0x35, 0x12,
 0x07, 0x0e, 0x0c, 0x14, 0x71, 0x04, 0x17, 0x33,
 0x0c, 0x1e, 0x34, 0x1c, 0x3b, 0x2b, 0x07, 0x0e,
 0x00, 0x06, 0x0c, 0x1f, 0x11, 0x2a, 0x17, 0x17,
 0x34, 0x18, 0x1d, 0x23, 0x0c, 0x0e, 0x07, 0x08,
 0x1c, 0x0f, 0x07, 0x0a, 0x17, 0x02, 0x2b, 0x17,
 0x25, 0x30, 0x00, 0x06, 0x05, 0x0a, 0x00, 0x04,
 0x0a, 0x3d, 0x25, 0x0a, 0x30, 0x09, 0x0c, 0x1e,
 0x34, 0x1c, 0x30, 0x39, 0x00, 0x0b, 0x08, 0x14,
 0x07, 0x0e, 0x13, 0x0c, 0x12, 0x2d, 0x25, 0x28,
 0x07, 0x0c, 0x26, 0x21, 0x07, 0x1c, 0x2c, 0x1b,
 0x0c, 0x26, 0x11, 0x06, 0x07, 0x0a, 0x17, 0x43,
 0x25, 0x28, 0x07, 0x0c, 0x07, 0x14, 0x1f, 0x02,
 0x00, 0x0c, 0x43, 0x0a, 0x01, 0x88, 0x04, 0x03,
 0x02, 0x03, 0x03, 0x00, 0x02, 0x00, 0x4b, 0x05,
 0xbc, 0x01, 0x00, 0x01, 0x00, 0xca, 0x04, 0x00,
 0x01, 0x00, 0xa4, 0x05, 0x00, 0x01, 0x00, 0xd0,
 0x04, 0x00, 0x00, 0x00, 0xa6, 0x05, 0x00, 0x01,
 0x00, 0x90, 0x04, 0x10, 0x00, 0x8c, 0x04, 0x0e,
 0x00, 0xd7, 0x40, 0x1b, 0x01, 0x00, 0x00, 0xd3,
 0x38, 0x49, 0x00, 0x00, 0x00, 0xad, 0xf0, 0x05,
 0x26, 0x00, 0x00, 0x28, 0xcb, 0xd8, 0x46, 0xd4,
 0x38, 0x49, 0x00, 0x00, 0x00, 0xad, 0xf0, 0x05,
 0x26, 0x00, 0x00, 0x28, 0xcc, 0xfb, 0xf0, 0x18,
 0xd9, 0xf0, 0x10, 0xcc, 0x40, 0x16, 0x01, 0x00,
 0x00, 0x11, 0xf1, 0x03, 0x0e, 0xcc, 0x26, 0x01,
 0x00, 0x28, 0xcc, 0x26, 0x01, 0x00, 0x28, 0xd9,
 0xf0, 0x05, 0xe3, 0xcc, 0xf5, 0x28, 0xe4, 0xcc,
 0xcc, 0xef, 0xf6, 0x28, 0x9e, 0x04, 0x80, 0x03,
 0x01, 0x26, 0x03, 0x1e, 0x22, 0x11, 0x07, 0x16,
 0x41, 0x04, 0x07, 0x0e, 0x0d, 0x27, 0x07, 0x1e,
 0x41, 0x0f, 0x07, 0x1e, 0x12, 0x21, 0x11, 0x14,
 0x34, 0x2e, 0x1b, 0x1e, 0x1d, 0x63, 0x12, 0x09,
 0x07, 0x20, 0x11, 0x1c, 0x07, 0x16, 0x07, 0x18,
 0x00, 0x0c, 0x43, 0x0a, 0x01, 0xda, 0x04, 0x01,
 0x01, 0x01, 0x04, 0x00, 0x01, 0x00, 0x09, 0x02,
 0xca, 0x04, 0x00, 0x01, 0x00, 0x10, 0x00, 0x01,
 0x00, 0x88, 0x04, 0x0c, 0x00, 0x08, 0xcf, 0xe3,
 0xcb, 0xd7, 0x0a, 0x23, 0x03, 0x00, 0x9e, 0x04,
 0x91, 0x03, 0x24, 0x06, 0x0d, 0x33, 0x07, 0x16,
 0x07, 0x0c, 0x00, 0x0c, 0x43, 0x0a, 0x01, 0xa8,
 0x05, 0x01, 0x01, 0x01, 0x04, 0x00, 0x01, 0x00,
 0x09, 0x02, 0xca, 0x04, 0x00, 0x01, 0x00, 0x10,
 0x00, 0x01, 0x00, 0x88, 0x04, 0x0c, 0x00, 0x08,
 0xcf, 0xe3, 0xcb, 0xd7, 0x09, 0x23, 0x03, 0x00,
 0x9e, 0x04, 0x95, 0x03, 0x27, 0x06, 0x0d, 0x39,
 0x07, 0x16, 0x07, 0x0c, 0x00, 0x0c, 0x43, 0x0a,
 0x01, 0x00, 0x02, 0x00, 0x02, 0x04, 0x00, 0x01,
 0x00, 0x1e, 0x02, 0x80, 0x05, 0x00, 0x01, 0x00,
 0xca, 0x04, 0x00, 0x01, 0x00, 0x8a, 0x04, 0x0d,
 0x00, 0xd7, 0x40, 0x05, 0x01, 0x00, 0x00, 0xfb,
 0xf0, 0x0b, 0xd7, 0x41, 0x05, 0x01, 0x00, 0x00,
 0xd8, 0x25, 0x01, 0x00, 0xe3, 0x41, 0x0e, 0x01,
 0x00, 0x00, 0xd7, 0xd8, 0x25, 0x02, 0x00, 0x9e,
 0x04, 0x99, 0x03, 0x1e, 0x0e, 0x03, 0x1f, 0x20,
 0x34, 0x12, 0x37, 0x20, 0x2c, 0x18, 0x2b, 0x20,
 0x26, 0x07, 0x12, 0x00, 0x0c, 0x43, 0x0a, 0x01,
 0x8a, 0x04, 0x01, 0x03, 0x01, 0x02, 0x00, 0x00,
 0x00, 0x28, 0x04, 0xca, 0x04, 0x00, 0x01, 0x00,
 0xd0, 0x04, 0x00, 0x00, 0x00, 0xa6, 0x05, 0x00,
 0x01, 0x00, 0x10, 0x00, 0x01, 0x00, 0x08, 0xd1,
 0xcd, 0x40, 0x1b, 0x01, 0x00, 0x00, 0xd3, 0x38,
 0x49, 0x00, 0x00, 0x00, 0xae, 0xf0, 0x16, 0xcb,
 0xd7, 0x46, 0xd4, 0xfb, 0xf0, 0x03, 0xbb, 0x28,
 0xcc, 0x38, 0x49, 0x00, 0x00, 0x00, 0xae, 0xf0,
 0x04, 0xcc, 0xef, 0x28, 0xba, 0x28, 0x9e, 0x04,
 0xa2, 0x03, 0x01, 0x12, 0x2d, 0x0c, 0x07, 0x16,
 0x2b, 0x08, 0x07, 0x0e, 0x0e, 0x19, 0x07, 0x1e,
 0x1d, 0x1d, 0x07, 0x1e, 0x2b, 0x21, 0x00, 0x0c,
 0x43, 0x0a, 0x01, 0xaa, 0x05, 0x00, 0x01, 0x00,
 0x02, 0x00, 0x01, 0x00, 0x19, 0x01, 0x10, 0x00,
 0x01, 0x00, 0xf4, 0x03, 0x02, 0x00, 0x08, 0xcf,
 0xcb, 0x40, 0x1d, 0x01, 0x00, 0x00, 0xba, 0xa7,
 0xf0, 0x0a, 0xe3, 0xcb, 0x40, 0x1b, 0x01, 0x00,
 0x00, 0xf5, 0x28, 0x26, 0x00, 0x00, 0x28, 0x9e,
 0x04, 0xb2, 0x03, 0x25, 0x06, 0x2b, 0x0d, 0x16,
 0x08, 0x07, 0x1e, 0x00, 0x0c, 0x43, 0x0a, 0x01,
 0x8c, 0x04, 0x02, 0x02, 0x02, 0x04, 0x00, 0x00,
 0x00, 0x29, 0x04, 0xac, 0x05, 0x00, 0x01, 0x00,
 0xc0, 0x04, 0x00, 0x01, 0x00, 0xae, 0x05, 0x00,
 0x00, 0x00, 0xcc, 0x04, 0x00, 0x01, 0x00, 0x38,
 0x9f, 0x00, 0x00, 0x00, 0x11, 0xd8, 0x21, 0x01,
 0x00, 0xcf, 0xba, 0xd0, 0xcc, 0xd8, 0xa5, 0xf0,
 0x16, 0xca, 0x1b, 0x11, 0xaf, 0xf1, 0x04, 0x1b,
 0x71, 0x1b, 0x1b, 0xd7, 0xcc, 0x46, 0x1b, 0x71,
 0x1b, 0x48, 0x92, 0x01, 0xf2, 0xe7, 0xcb, 0x28,
 0x9e, 0x04, 0xb6, 0x03, 0x01, 0x12, 0x03, 0x22,
 0x20, 0x0c, 0x26, 0x09, 0x07, 0x08, 0x17, 0x19,
 0x34, 0x0a, 0x07, 0x08, 0x1f, 0x12, 0x18, 0x23,
 0x00, 0x0c, 0x43, 0x0a, 0x01, 0x8e, 0x04, 0x02,
 0x00, 0x02, 0x05, 0x00, 0x00, 0x00, 0x2b, 0x02,
 0x98, 0x05, 0x00, 0x01, 0x00, 0xbe, 0x01, 0x00,
 0x01, 0x00, 0xd8, 0xbb, 0x9c, 0xd7, 0xef, 0xa5,
 0xf0, 0x1a, 0xd7, 0xd8, 0x1b, 0x11, 0xaf, 0xf1,
 0x04, 0x1b, 0x71, 0x1b, 0x1b, 0xd7, 0xd8, 0xbb,
 0x9c, 0x46, 0x1b, 0x71, 0x1b, 0x48, 0xd8, 0x8e,
 0xdc, 0xf2, 0xe0, 0xd7, 0x41, 0x58, 0x01, 0x00,
 0x00, 0x24, 0x00, 0x00, 0x29, 0x9e, 0x04, 0xbd,
 0x03, 0x01, 0x16, 0x03, 0x12, 0x07, 0x10, 0x0c,
 0x08, 0x1c, 0x21, 0x07, 0x0a, 0x34, 0x12, 0x07,
 0x0a, 0x07, 0x10, 0x24, 0x06, 0x1d, 0x3f, 0x20,
 0x0a, 0x00, 0x0c, 0x43, 0x0a, 0x01, 0x90, 0x04,
 0x01, 0x02, 0x01, 0x04, 0x00, 0x00, 0x00, 0x37,
 0x03, 0xac, 0x05, 0x00, 0x01, 0x00, 0xb2, 0x05,
 0x00, 0x00, 0x00, 0xcc, 0x04, 0x00, 0x01, 0x00,
 0x38, 0x9f, 0x00, 0x00, 0x00, 0x11, 0xd7, 0xef,
 0x21, 0x01, 0x00, 0xcf, 0xba, 0xd0, 0xcc, 0xcb,
 0xef, 0xa5, 0xf0, 0x22, 0xca, 0x1b, 0x11, 0xaf,
 0xf1, 0x04, 0x1b, 0x71, 0x1b, 0x1b, 0xd7, 0xcc,
 0x46, 0x40, 0x16, 0x01, 0x00, 0x00, 0x11, 0xf1,
 0x05, 0x0e, 0xd7, 0xcc, 0x46, 0x1b, 0x71, 0x1b,
 0x48, 0x92, 0x01, 0xf2, 0xda, 0xcb, 0x28, 0x9e,
 0x04, 0xc3, 0x03, 0x01, 0x16, 0x03, 0x20, 0x20,
 0x0c, 0x2b, 0x07, 0x07, 0x08, 0x1c, 0x1b, 0x34,
 0x0a, 0x07, 0x08, 0x39, 0x1e, 0x07, 0x08, 0x1f,
 0x00, 0x19, 0x35, 0x00, 0x0c, 0x43, 0x0a, 0x01,
 0x92, 0x04, 0x02, 0x00, 0x02, 0x03, 0x02, 0x02,
 0x01, 0x0c, 0x02, 0x80, 0x05, 0x00, 0x01, 0x40,
 0x00, 0x74, 0x00, 0x01, 0x40, 0x01, 0x96, 0x04,
 0x13, 0x00, 0x94, 0x04, 0x12, 0x00, 0x0c, 0x43,
 0x0a, 0x01, 0x00, 0x02, 0x02, 0x02, 0x06, 0x04,
 0x04, 0x02, 0x2b, 0x04, 0x94, 0x02, 0x00, 0x01,
 0x40, 0x03, 0x96, 0x02, 0x00, 0x01, 0x40, 0x01,
 0xb4, 0x05, 0x00, 0x00, 0x40, 0x02, 0xb6, 0x05,
 0x00, 0x01, 0x40, 0x00, 0x80, 0x05, 0x00, 0x01,
 0x74, 0x01, 0x01, 0x96, 0x04, 0x00, 0x02, 0x94,
 0x04, 0x01, 0x02, 0x0c, 0x43, 0x0a, 0x01, 0xb4,
 0x05, 0x01, 0x00, 0x01, 0x04, 0x00, 0x04, 0x00,
 0x10, 0x01, 0xd4, 0x04, 0x00, 0x01, 0x00, 0x80,
 0x05, 0x00, 0x02, 0x74, 0x01, 0x02, 0xb6, 0x05,
 0x01, 0x00, 0x96, 0x02, 0x01, 0x01, 0xe3, 0x41,
 0x45, 0x01, 0x00, 0x00, 0xe4, 0xe5, 0x24, 0x02,
 0x00, 0x0e, 0xe6, 0xd7, 0xf5, 0x29, 0x9e, 0x04,
 0xcd, 0x03, 0x05, 0x0a, 0x03, 0x04, 0x20, 0x2e,
 0x07, 0x0c, 0x1c, 0x39, 0x07, 0x0e, 0x00, 0x0c,
 0x43, 0x0a, 0x01, 0xb6, 0x05, 0x00, 0x01, 0x00,
 0x04, 0x00, 0x03, 0x00, 0x30, 0x01, 0xa2, 0x01,
 0x00, 0x01, 0x00, 0x80, 0x05, 0x00, 0x02, 0xb4,
 0x05, 0x00, 0x00, 0x94, 0x02, 0x00, 0x01, 0x0c,
 0x00, 0xcf, 0xe3, 0x40, 0x45, 0x01, 0x00, 0x00,
 0xfb, 0xf0, 0x11, 0xe3, 0x41, 0x45, 0x01, 0x00,
 0x00, 0x04, 0x37, 0x00, 0x00, 0x00, 0xe4, 0x24,
 0x02, 0x00, 0x0e, 0xe5, 0x26, 0x00, 0x00, 0x40,
 0x5c, 0x01, 0x00, 0x00, 0x41, 0x0e, 0x01, 0x00,
 0x00, 0xcb, 0x24, 0x01, 0x00, 0xf5, 0x29, 0x9e,
 0x04, 0xd2, 0x03, 0x05, 0x0e, 0x12, 0x1a, 0x20,
 0x36, 0x12, 0x47, 0x20, 0x10, 0x1b, 0x30, 0x1d,
 0x43, 0x48, 0x2c, 0x00, 0xc5, 0x00, 0xcf, 0xc5,
 0x01, 0xd0, 0xe5, 0xe3, 0xe4, 0xcc, 0x0b, 0x0a,
 0x4b, 0x09, 0x01, 0x00, 0x00, 0x22, 0x04, 0x00,
 0x0e, 0xe4, 0x04, 0x37, 0x00, 0x00, 0x00, 0xae,
 0xf0, 0x0d, 0xe6, 0xe3, 0xcb, 0x0b, 0x0a, 0x4b,
 0x09, 0x01, 0x00, 0x00, 0xf7, 0x0e, 0x29, 0x9e,
 0x04, 0xcc, 0x03, 0x16, 0x14, 0x00, 0x06, 0x1a,
 0x21, 0x07, 0x3e, 0x07, 0x12, 0x07, 0x0c, 0x3f,
 0x53, 0x07, 0x12, 0x2b, 0x15, 0x07, 0x3c, 0x07,
 0x12, 0x00, 0x38, 0xce, 0x00, 0x00, 0x00, 0x11,
 0xc5, 0x00, 0x21, 0x01, 0x00, 0x28, 0x9e, 0x04,
 0xcb, 0x03, 0x01, 0x02, 0x03, 0x1a, 0x00, 0x0c,
 0x43, 0x0a, 0x01, 0x94, 0x04, 0x03, 0x00, 0x03,
 0x05, 0x00, 0x01, 0x00, 0x17, 0x03, 0x80, 0x05,
 0x00, 0x01, 0x00, 0xd6, 0x04, 0x00, 0x01, 0x00,
 0xea, 0x01, 0x00, 0x01, 0x00, 0x96, 0x04, 0x13,
 0x00, 0xd7, 0x40, 0x4a, 0x01, 0x00, 0x00, 0xfb,
 0xf0, 0x0e, 0xe3, 0xd7, 0x04, 0x37, 0x00, 0x00,
 0x00, 0xd8, 0xd9, 0x22, 0x04, 0x00, 0x0e, 0x29,
 0x9e, 0x04, 0xe0, 0x03, 0x01, 0x0c, 0x03, 0x1a,
 0x20, 0x1e, 0x12, 0x2f, 0x07, 0x3e, 0x20, 0x24,
 0x07, 0x12, 0x00, 0x0c, 0x43, 0x0a, 0x01, 0x96,
 0x04, 0x04, 0x00, 0x04, 0x04, 0x04, 0x00, 0x01,
 0x54, 0x04, 0x80, 0x05, 0x00, 0x01, 0x40, 0x01,
 0x74, 0x00, 0x01, 0x40, 0x02, 0xac, 0x04, 0x00,
 0x01, 0x40, 0x03, 0xea, 0x01, 0x00, 0x01, 0x40,
 0x00, 0x0c, 0x43, 0x0a, 0x01, 0xba, 0x05, 0x01,
 0x01, 0x01, 0x04, 0x00, 0x04, 0x00, 0x1b, 0x02,
 0xb0, 0x04, 0x00, 0x01, 0x00, 0xba, 0x05, 0x00,
 0x01, 0x14, 0xea, 0x01, 0x03, 0x01, 0x80, 0x05,
 0x00, 0x01, 0x74, 0x01, 0x01, 0xac, 0x04, 0x02,
 0x01, 0x0c, 0x02, 0xcf, 0xe3, 0x40, 0x09, 0x01,
 0x00, 0x00, 0xf0, 0x0d, 0xe4, 0x41, 0x5e, 0x01,
 0x00, 0x00, 0xe5, 0xcb, 0x24, 0x02, 0x00, 0x0e,
 0xe6, 0xd7, 0xf5, 0x29, 0x9e, 0x04, 0xf0, 0x03,
 0x24, 0x0c, 0x14, 0x31, 0x2b, 0x03, 0x20, 0x38,
 0x07, 0x0c, 0x1d, 0x47, 0x07, 0x12, 0x00, 0xd7,
 0x40, 0x4a, 0x01, 0x00, 0x00, 0xfb, 0xf0, 0x23,
 0xda, 0x40, 0x09, 0x01, 0x00, 0x00, 0xf0, 0x0e,
 0xd7, 0x41, 0x09, 0x01, 0x00, 0x00, 0xd8, 0xd9,
 0x24, 0x02, 0x00, 0x0e, 0x29, 0xd7, 0x41, 0x4a,
 0x01, 0x00, 0x00, 0xd8, 0xd9, 0x24, 0x02, 0x00,
 0x0e, 0x29, 0xd7, 0x40, 0x5f, 0x01, 0x00, 0x00,
 0xfb, 0xf0, 0x0f, 0xd7, 0x41, 0x5f, 0x01, 0x00,
 0x00, 0xd8, 0xc5, 0x00, 0x24, 0x02, 0x00, 0x0e,
 0x29, 0x38, 0xda, 0x00, 0x00, 0x00, 0x11, 0x04,
 0x60, 0x01, 0x00, 0x00, 0xd7, 0x96, 0x9c, 0x21,
 0x01, 0x00, 0x30, 0x9e, 0x04, 0xe6, 0x03, 0x01,
 0x21, 0x03, 0x1a, 0x20, 0x1e, 0x12, 0x27, 0x2b,
 0x03, 0x20, 0x1a, 0x07, 0x0c, 0x22, 0x25, 0x20,
 0x16, 0x07, 0x0c, 0x22, 0x05, 0x20, 0x3a, 0x14,
 0x59, 0x20, 0x32, 0x00, 0x08, 0x12, 0x1d, 0x39,
 0xb2, 0x01, 0x00, 0xc5, 0x03, 0xd2, 0xc5, 0x05,
 0xc8, 0x05, 0xc5, 0x06, 0xc8, 0x07, 0xc5, 0x0b,
 0xc8, 0x08, 0xc5, 0x0e, 0xc8, 0x09, 0xc5, 0x11,
 0xc8, 0x0a, 0xc5, 0x12, 0xc8, 0x0b, 0xc5, 0x17,
 0xc8, 0x0c, 0xc5, 0x1b, 0xc8, 0x0d, 0xc5, 0x1d,
 0xc8, 0x0e, 0xc5, 0x1e, 0xc8, 0x0f, 0xc5, 0x1f,
 0xc8, 0x10, 0xc5, 0x20, 0xc8, 0x11, 0xc5, 0x21,
 0xc8, 0x12, 0xc5, 0x22, 0xc8, 0x13, 0x37, 0x61,
 0x01, 0x00, 0x00, 0x96, 0x04, 0x4d, 0x00, 0x00,
 0x00, 0xad, 0xf0, 0x08, 0x38, 0x61, 0x01, 0x00,
 0x00, 0xf2, 0x02, 0x07, 0xd3, 0xf0, 0x12, 0xcb,
 0x40, 0x62, 0x00, 0x00, 0x00, 0xfb, 0xf0, 0x09,
 0xcb, 0x40, 0x62, 0x00, 0x00, 0x00, 0xf2, 0x03,
 0xc5, 0x00, 0xd0, 0xcb, 0xf0, 0x13, 0xcb, 0x40,
 0x6f, 0x00, 0x00, 0x00, 0xfb, 0xf0, 0x0a, 0xcb,
 0x40, 0x6f, 0x00, 0x00, 0x00, 0xd1, 0xf2, 0x15,
 0x38, 0x9e, 0x00, 0x00, 0x00, 0x40, 0x11, 0x01,
 0x00, 0x00, 0xf0, 0x06, 0xc5, 0x01, 0xd1, 0xf2,
 0x04, 0xc5, 0x02, 0xd1, 0x38, 0xa1, 0x00, 0x00,
 0x00, 0x40, 0x62, 0x01, 0x00, 0x00, 0x11, 0xf1,
 0x04, 0x0e, 0xc5, 0x04, 0xc8, 0x04, 0xd9, 0xc7,
 0x05, 0x42, 0xf2, 0x00, 0x00, 0x00, 0xd9, 0x40,
 0xf2, 0x00, 0x00, 0x00, 0xc7, 0x11, 0x42, 0x09,
 0x01, 0x00, 0x00, 0xc7, 0x05, 0xc7, 0x05, 0x42,
 0xfd, 0x00, 0x00, 0x00, 0xc7, 0x05, 0x40, 0x3f,
 0x00, 0x00, 0x00, 0x38, 0x49, 0x00, 0x00, 0x00,
 0x42, 0x1b, 0x01, 0x00, 0x00, 0xc7, 0x05, 0x40,
 0x3f, 0x00, 0x00, 0x00, 0xba, 0x42, 0x1d, 0x01,
 0x00, 0x00, 0xc7, 0x05, 0x40, 0x3f, 0x00, 0x00,
 0x00, 0x38, 0x49, 0x00, 0x00, 0x00, 0x42, 0x1e,
 0x01, 0x00, 0x00, 0xc2, 0x0a, 0xc8, 0x06, 0x38,
 0x9e, 0x00, 0x00, 0x00, 0x41, 0x6d, 0x00, 0x00,
 0x00, 0xc7, 0x05, 0x04, 0xfe, 0x00, 0x00, 0x00,
 0x0b, 0x0a, 0x4b, 0x43, 0x00, 0x00, 0x00, 0xc5,
 0x07, 0x4c, 0x45, 0x00, 0x00, 0x00, 0x4b, 0x45,
 0x00, 0x00, 0x00, 0xc5, 0x08, 0x4c, 0x46, 0x00,
 0x00, 0x00, 0x4b, 0x46, 0x00, 0x00, 0x00, 0x24,
 0x03, 0x00, 0x0e, 0xc7, 0x05, 0xc5, 0x09, 0x42,
 0x15, 0x01, 0x00, 0x00, 0xc7, 0x05, 0x40, 0x3f,
 0x00, 0x00, 0x00, 0xc5, 0x0a, 0x42, 0x1f, 0x01,
 0x00, 0x00, 0xc7, 0x05, 0x40, 0x3f, 0x00, 0x00,
 0x00, 0xc5, 0x0c, 0x42, 0x23, 0x01, 0x00, 0x00,
 0xc7, 0x05, 0x40, 0x3f, 0x00, 0x00, 0x00, 0xc5,
 0x0d, 0x42, 0x24, 0x01, 0x00, 0x00, 0xc7, 0x05,
 0x40, 0x3f, 0x00, 0x00, 0x00, 0xc5, 0x0f, 0x42,
 0x42, 0x01, 0x00, 0x00, 0xc7, 0x05, 0x40, 0x3f,
 0x00, 0x00, 0x00, 0xc7, 0x05, 0x40, 0x3f, 0x00,
 0x00, 0x00, 0x40, 0x42, 0x01, 0x00, 0x00, 0x42,
 0x4a, 0x01, 0x00, 0x00, 0xc7, 0x05, 0x40, 0x3f,
 0x00, 0x00, 0x00, 0xc5, 0x10, 0x42, 0x43, 0x01,
 0x00, 0x00, 0xc7, 0x05, 0x40, 0x3f, 0x00, 0x00,
 0x00, 0xc5, 0x13, 0x42, 0x09, 0x01, 0x00, 0x00,
 0xc7, 0x05, 0x40, 0x3f, 0x00, 0x00, 0x00, 0xc5,
 0x14, 0x42, 0x4b, 0x01, 0x00, 0x00, 0xc7, 0x05,
 0x40, 0x3f, 0x00, 0x00, 0x00, 0xc5, 0x15, 0x42,
 0x45, 0x01, 0x00, 0x00, 0xc7, 0x05, 0x40, 0x3f,
 0x00, 0x00, 0x00, 0xc7, 0x05, 0x40, 0x3f, 0x00,
 0x00, 0x00, 0x40, 0x45, 0x01, 0x00, 0x00, 0x42,
 0x63, 0x01, 0x00, 0x00, 0xc7, 0x05, 0x40, 0x3f,
 0x00, 0x00, 0x00, 0xc5, 0x16, 0x42, 0x50, 0x01,
 0x00, 0x00, 0xc7, 0x05, 0x40, 0x3f, 0x00, 0x00,
 0x00, 0xc5, 0x18, 0x42, 0x2d, 0x01, 0x00, 0x00,
 0xc7, 0x05, 0x40, 0x3f, 0x00, 0x00, 0x00, 0xc5,
 0x19, 0x42, 0x54, 0x01, 0x00, 0x00, 0xc7, 0x05,
 0xc5, 0x1a, 0x42, 0x05, 0x01, 0x00, 0x00, 0xc7,
 0x05, 0x40, 0x3f, 0x00, 0x00, 0x00, 0xc7, 0x0d,
 0x42, 0x05, 0x01, 0x00, 0x00, 0xc7, 0x05, 0x40,
 0x3f, 0x00, 0x00, 0x00, 0xc5, 0x1c, 0x42, 0x55,
 0x01, 0x00, 0x00, 0x29, 0x9e, 0x04, 0x01, 0x01,
 0x8c, 0x01, 0x00, 0x3b, 0x42, 0x1e, 0x1b, 0x18,
 0x2f, 0x16, 0x2b, 0x25, 0x11, 0x18, 0x20, 0x18,
 0x12, 0x4d, 0x00, 0x0b, 0x0c, 0x00, 0x11, 0x18,
 0x20, 0x1c, 0x12, 0x15, 0x30, 0x0f, 0x3f, 0x11,
 0x00, 0x05, 0x0a, 0x00, 0x00, 0x03, 0x12, 0x20,
 0x00, 0x12, 0x0e, 0x23, 0x07, 0x22, 0x26, 0x21,
 0x20, 0x2c, 0x28, 0x2b, 0x0c, 0x38, 0x27, 0x37,
 0x25, 0x42, 0x35, 0x41, 0x44, 0x00, 0x25, 0x4e,
 0x00, 0x0e, 0x18, 0x4d, 0x34, 0x2c, 0x00, 0x2a,
 0x1a, 0x2b, 0x00, 0x09, 0x1a, 0x00, 0x00, 0x0e,
 0x1c, 0x00, 0x00, 0x0e, 0x08, 0x00, 0x00, 0x0e,
 0xd4, 0x01, 0x00, 0x00, 0x0e, 0x08, 0x00, 0x25,
 0x38, 0x59, 0x37, 0x00, 0x0e, 0x2e, 0x00, 0x00,
 0x0e, 0x0c, 0x00, 0x00, 0x0e, 0x10, 0x00, 0x00,
 0x0e, 0x68, 0x00, 0x25, 0x3a, 0x59, 0x39, 0x00,
 0x0e, 0x88, 0x01, 0x00, 0x00, 0x0e, 0x08, 0x00,
 0x00, 0x0e, 0x08, 0x00, 0x00, 0x09, 0x10, 0x00,
 0x25, 0x4e, 0x00, 0x07, 0x22, 0x4d, 0x00, 0xc5,
 0x00, 0xd3, 0x28, 0x9e, 0x04, 0x01, 0x01, 0x00,
 0x00,
};



const uint32_t t2__core_fs_size = 22479;

const uint8_t t2__core_fs[22479] = {
 0x1b, 0x29, 0x13, 0x67, 0x4b, 0x90, 0x02, 0x01,
 0x0e, 0x65, 0x78, 0x70, 0x6f, 0x72, 0x74, 0x73,
 0x01, 0x0e, 0x72, 0x65, 0x71, 0x75, 0x69, 0x72,
 0x65, 0x01, 0x0c, 0x6d, 0x6f, 0x64, 0x75, 0x6c,
 0x65, 0x01, 0x14, 0x5f, 0x5f, 0x66, 0x69, 0x6c,
 0x65, 0x6e, 0x61, 0x6d, 0x65, 0x01, 0x12, 0x5f,
 0x5f, 0x64, 0x69, 0x72, 0x6e, 0x61, 0x6d, 0x65,
 0x01, 0x10, 0x5f, 0x5f, 0x6e, 0x61, 0x74, 0x69,
 0x76, 0x65, 0x01, 0x0c, 0x42, 0x75, 0x66, 0x66,
 0x65, 0x72, 0x01, 0x14, 0x70, 0x61, 0x74, 0x68,
 0x4d, 0x6f, 0x64, 0x75, 0x6c, 0x65, 0x01, 0x0e,
 0x62, 0x69, 0x6e, 0x64, 0x69, 0x6e, 0x67, 0x01,
 0x12, 0x63, 0x6f, 0x6e, 0x73, 0x74, 0x61, 0x6e,
 0x74, 0x73, 0x01, 0x14, 0x69, 0x6e, 0x76, 0x61,
 0x6c, 0x69, 0x64, 0x41, 0x72, 0x67, 0x01, 0x12,
 0x6e, 0x6f, 0x64, 0x65, 0x45, 0x72, 0x72, 0x6f,
 0x72, 0x01, 0x0e, 0x67, 0x65, 0x74, 0x50, 0x61,
 0x74, 0x68, 0x01, 0x14, 0x67, 0x65, 0x74, 0x4f,
 0x70, 0x74, 0x69, 0x6f, 0x6e, 0x73, 0x01, 0x10,
 0x46, 0x4c, 0x41, 0x47, 0x5f, 0x4d, 0x41, 0x50,
 0x01, 0x1a, 0x73, 0x74, 0x72, 0x69, 0x6e, 0x67,
 0x54, 0x6f, 0x46, 0x6c, 0x61, 0x67, 0x73, 0x01,
 0x0a, 0x67, 0x65, 0x74, 0x46, 0x64, 0x01, 0x0a,
 0x67, 0x75, 0x61, 0x72, 0x64, 0x01, 0x16, 0x67,
 0x65, 0x74, 0x43, 0x61, 0x6c, 0x6c, 0x62, 0x61,
 0x63, 0x6b, 0x01, 0x24, 0x6f, 0x70, 0x74, 0x69,
 0x6f, 0x6e, 0x73, 0x41, 0x6e, 0x64, 0x43, 0x61,
 0x6c, 0x6c, 0x62, 0x61, 0x63, 0x6b, 0x01, 0x14,
 0x64, 0x65, 0x66, 0x69, 0x6e, 0x65, 0x44, 0x61,
 0x74, 0x65, 0x01, 0x0a, 0x53, 0x74, 0x61, 0x74,
 0x73, 0x01, 0x16, 0x6b, 0x44, 0x69, 0x72, 0x65,
 0x6e, 0x74, 0x54, 0x79, 0x70, 0x65, 0x01, 0x0c,
 0x44, 0x69, 0x72, 0x65, 0x6e, 0x74, 0x01, 0x10,
 0x6f, 0x70, 0x65, 0x6e, 0x53, 0x79, 0x6e, 0x63,
 0x01, 0x12, 0x63, 0x6c, 0x6f, 0x73, 0x65, 0x53,
 0x79, 0x6e, 0x63, 0x01, 0x10, 0x72, 0x65, 0x61,
 0x64, 0x53, 0x79, 0x6e, 0x63, 0x01, 0x12, 0x77,
 0x72, 0x69, 0x74, 0x65, 0x53, 0x79, 0x6e, 0x63,
 0x01, 0x18, 0x74, 0x6f, 0x55, 0x69, 0x6e, 0x74,
 0x38, 0x41, 0x72, 0x72, 0x61, 0x79, 0x01, 0x12,
 0x66, 0x73, 0x79, 0x6e, 0x63, 0x53, 0x79, 0x6e,
 0x63, 0x01, 0x1a, 0x66, 0x64, 0x61, 0x74, 0x61,
 0x73, 0x79, 0x6e, 0x63, 0x53, 0x79, 0x6e, 0x63,
 0x01, 0x1a, 0x66, 0x74, 0x72, 0x75, 0x6e, 0x63,
 0x61, 0x74, 0x65, 0x53, 0x79, 0x6e, 0x63, 0x01,
 0x10, 0x73, 0x74, 0x61, 0x74, 0x53, 0x79, 0x6e,
 0x63, 0x01, 0x12, 0x6c, 0x73, 0x74, 0x61, 0x74,
 0x53, 0x79, 0x6e, 0x63, 0x01, 0x10, 0x73, 0x74,
 0x61, 0x74, 0x49, 0x6d, 0x70, 0x6c, 0x01, 0x12,
 0x66, 0x73, 0x74, 0x61, 0x74, 0x53, 0x79, 0x6e,
 0x63, 0x01, 0x0a, 0x43, 0x48, 0x55, 0x4e, 0x4b,
 0x01, 0x0e, 0x72, 0x65, 0x61, 0x64, 0x41, 0x6c,
 0x6c, 0x01, 0x18, 0x72, 0x65, 0x61, 0x64, 0x46,
 0x69, 0x6c, 0x65, 0x53, 0x79, 0x6e, 0x63, 0x01,
 0x1a, 0x77, 0x72, 0x69, 0x74, 0x65, 0x46, 0x69,
 0x6c, 0x65, 0x53, 0x79, 0x6e, 0x63, 0x01, 0x1c,
 0x61, 0x70, 0x70, 0x65, 0x6e, 0x64, 0x46, 0x69,
 0x6c, 0x65, 0x53, 0x79, 0x6e, 0x63, 0x01, 0x16,
 0x72, 0x65, 0x61, 0x64, 0x64, 0x69, 0x72, 0x53,
 0x79, 0x6e, 0x63, 0x01, 0x12, 0x6d, 0x6b, 0x64,
 0x69, 0x72, 0x53, 0x79, 0x6e, 0x63, 0x01, 0x12,
 0x72, 0x6d, 0x64, 0x69, 0x72, 0x53, 0x79, 0x6e,
 0x63, 0x01, 0x0c, 0x72, 0x6d, 0x53, 0x79, 0x6e,
 0x63, 0x01, 0x16, 0x6d, 0x6b, 0x64, 0x74, 0x65,
 0x6d, 0x70, 0x53, 0x79, 0x6e, 0x63, 0x01, 0x14,
 0x75, 0x6e, 0x6c, 0x69, 0x6e, 0x6b, 0x53, 0x79,
 0x6e, 0x63, 0x01, 0x14, 0x72, 0x65, 0x6e, 0x61,
 0x6d, 0x65, 0x53, 0x79, 0x6e, 0x63, 0x01, 0x10,
 0x6c, 0x69, 0x6e, 0x6b, 0x53, 0x79, 0x6e, 0x63,
 0x01, 0x16, 0x73, 0x79, 0x6d, 0x6c, 0x69, 0x6e,
 0x6b, 0x53, 0x79, 0x6e, 0x63, 0x01, 0x18, 0x72,
 0x65, 0x61, 0x64, 0x6c, 0x69, 0x6e, 0x6b, 0x53,
 0x79, 0x6e, 0x63, 0x01, 0x18, 0x72, 0x65, 0x61,
 0x6c, 0x70, 0x61, 0x74, 0x68, 0x53, 0x79, 0x6e,
 0x63, 0x01, 0x18, 0x63, 0x6f, 0x70, 0x79, 0x46,
 0x69, 0x6c, 0x65, 0x53, 0x79, 0x6e, 0x63, 0x01,
 0x14, 0x65, 0x78, 0x69, 0x73, 0x74, 0x73, 0x53,
 0x79, 0x6e, 0x63, 0x01, 0x14, 0x61, 0x63, 0x63,
 0x65, 0x73, 0x73, 0x53, 0x79, 0x6e, 0x63, 0x01,
 0x12, 0x63, 0x68, 0x6d, 0x6f, 0x64, 0x53, 0x79,
 0x6e, 0x63, 0x01, 0x18, 0x74, 0x72, 0x75, 0x6e,
 0x63, 0x61, 0x74, 0x65, 0x53, 0x79, 0x6e, 0x63,
 0x01, 0x14, 0x74, 0x6f, 0x55, 0x6e, 0x69, 0x78,
 0x54, 0x69, 0x6d, 0x65, 0x01, 0x14, 0x75, 0x74,
 0x69, 0x6d, 0x65, 0x73, 0x53, 0x79, 0x6e, 0x63,
 0x01, 0x08, 0x6f, 0x70, 0x65, 0x6e, 0x01, 0x0a,
 0x63, 0x6c, 0x6f, 0x73, 0x65, 0x01, 0x08, 0x72,
 0x65, 0x61, 0x64, 0x01, 0x0a, 0x77, 0x72, 0x69,
 0x74, 0x65, 0x01, 0x18, 0x73, 0x74, 0x61, 0x74,
 0x43, 0x61, 0x6c, 0x6c, 0x62, 0x61, 0x63, 0x6b,
 0x01, 0x08, 0x73, 0x74, 0x61, 0x74, 0x01, 0x0a,
 0x6c, 0x73, 0x74, 0x61, 0x74, 0x01, 0x0a, 0x66,
 0x73, 0x74, 0x61, 0x74, 0x01, 0x0e, 0x72, 0x65,
 0x61, 0x64, 0x64, 0x69, 0x72, 0x01, 0x0c, 0x75,
 0x6e, 0x6c, 0x69, 0x6e, 0x6b, 0x01, 0x0c, 0x72,
 0x65, 0x6e, 0x61, 0x6d, 0x65, 0x01, 0x08, 0x6c,
 0x69, 0x6e, 0x6b, 0x01, 0x0e, 0x73, 0x79, 0x6d,
 0x6c, 0x69, 0x6e, 0x6b, 0x01, 0x10, 0x63, 0x6f,
 0x70, 0x79, 0x46, 0x69, 0x6c, 0x65, 0x01, 0x10,
 0x72, 0x65, 0x61, 0x64, 0x6c, 0x69, 0x6e, 0x6b,
 0x01, 0x10, 0x72, 0x65, 0x61, 0x6c, 0x70, 0x61,
 0x74, 0x68, 0x01, 0x0e, 0x6d, 0x6b, 0x64, 0x74,
 0x65, 0x6d, 0x70, 0x01, 0x0a, 0x63, 0x68, 0x6d,
 0x6f, 0x64, 0x01, 0x0a, 0x66, 0x73, 0x79, 0x6e,
 0x63, 0x01, 0x12, 0x66, 0x64, 0x61, 0x74, 0x61,
 0x73, 0x79, 0x6e, 0x63, 0x01, 0x12, 0x66, 0x74,
 0x72, 0x75, 0x6e, 0x63, 0x61, 0x74, 0x65, 0x01,
 0x10, 0x74, 0x72, 0x75, 0x6e, 0x63, 0x61, 0x74,
 0x65, 0x01, 0x0c, 0x75, 0x74, 0x69, 0x6d, 0x65,
 0x73, 0x01, 0x0c, 0x61, 0x63, 0x63, 0x65, 0x73,
 0x73, 0x01, 0x0c, 0x65, 0x78, 0x69, 0x73, 0x74,
 0x73, 0x01, 0x0a, 0x6d, 0x6b, 0x64, 0x69, 0x72,
 0x01, 0x0a, 0x72, 0x6d, 0x64, 0x69, 0x72, 0x01,
 0x04, 0x72, 0x6d, 0x01, 0x10, 0x72, 0x65, 0x61,
 0x64, 0x46, 0x69, 0x6c, 0x65, 0x01, 0x1a, 0x77,
 0x72, 0x69, 0x74, 0x65, 0x46, 0x69, 0x6c, 0x65,
 0x49, 0x6d, 0x70, 0x6c, 0x01, 0x12, 0x77, 0x72,
 0x69, 0x74, 0x65, 0x46, 0x69, 0x6c, 0x65, 0x01,
 0x14, 0x61, 0x70, 0x70, 0x65, 0x6e, 0x64, 0x46,
 0x69, 0x6c, 0x65, 0x01, 0x12, 0x70, 0x72, 0x6f,
 0x6d, 0x69, 0x73, 0x69, 0x66, 0x79, 0x01, 0x10,
 0x70, 0x72, 0x6f, 0x6d, 0x69, 0x73, 0x65, 0x73,
 0x01, 0x10, 0x65, 0x78, 0x70, 0x65, 0x63, 0x74,
 0x65, 0x64, 0x01, 0x0c, 0x61, 0x63, 0x74, 0x75,
 0x61, 0x6c, 0x01, 0x06, 0x65, 0x72, 0x72, 0x01,
 0x0a, 0x54, 0x68, 0x65, 0x20, 0x22, 0x01, 0x36,
 0x22, 0x20, 0x61, 0x72, 0x67, 0x75, 0x6d, 0x65,
 0x6e, 0x74, 0x20, 0x6d, 0x75, 0x73, 0x74, 0x20,
 0x62, 0x65, 0x20, 0x6f, 0x66, 0x20, 0x74, 0x79,
 0x70, 0x65, 0x20, 0x01, 0x16, 0x2e, 0x20, 0x52,
 0x65, 0x63, 0x65, 0x69, 0x76, 0x65, 0x64, 0x20,
 0x01, 0x28, 0x45, 0x52, 0x52, 0x5f, 0x49, 0x4e,
 0x56, 0x41, 0x4c, 0x49, 0x44, 0x5f, 0x41, 0x52,
 0x47, 0x5f, 0x54, 0x59, 0x50, 0x45, 0x01, 0x08,
 0x63, 0x6f, 0x64, 0x65, 0x01, 0x12, 0x3c, 0x75,
 0x6e, 0x6e, 0x61, 0x6d, 0x65, 0x64, 0x3e, 0x01,
 0x0e, 0x73, 0x79, 0x73, 0x63, 0x61, 0x6c, 0x6c,
 0x01, 0x08, 0x70, 0x61, 0x74, 0x68, 0x01, 0x04,
 0x3a, 0x20, 0x01, 0x04, 0x2c, 0x20, 0x01, 0x04,
 0x20, 0x27, 0x01, 0x02, 0x27, 0x01, 0x06, 0x55,
 0x52, 0x4c, 0x01, 0x10, 0x70, 0x72, 0x6f, 0x74,
 0x6f, 0x63, 0x6f, 0x6c, 0x01, 0x0a, 0x66, 0x69,
 0x6c, 0x65, 0x3a, 0x01, 0x3c, 0x54, 0x68, 0x65,
 0x20, 0x55, 0x52, 0x4c, 0x20, 0x6d, 0x75, 0x73,
 0x74, 0x20, 0x62, 0x65, 0x20, 0x6f, 0x66, 0x20,
 0x73, 0x63, 0x68, 0x65, 0x6d, 0x65, 0x20, 0x66,
 0x69, 0x6c, 0x65, 0x01, 0x2c, 0x45, 0x52, 0x52,
 0x5f, 0x49, 0x4e, 0x56, 0x41, 0x4c, 0x49, 0x44,
 0x5f, 0x55, 0x52, 0x4c, 0x5f, 0x53, 0x43, 0x48,
 0x45, 0x4d, 0x45, 0x01, 0x24, 0x64, 0x65, 0x63,
 0x6f, 0x64, 0x65, 0x55, 0x52, 0x49, 0x43, 0x6f,
 0x6d, 0x70, 0x6f, 0x6e, 0x65, 0x6e, 0x74, 0x01,
 0x10, 0x70, 0x61, 0x74, 0x68, 0x6e, 0x61, 0x6d,
 0x65, 0x01, 0x10, 0x69, 0x73, 0x42, 0x75, 0x66,
 0x66, 0x65, 0x72, 0x01, 0x08, 0x75, 0x74, 0x66,
 0x38, 0x01, 0x2c, 0x73, 0x74, 0x72, 0x69, 0x6e,
 0x67, 0x2c, 0x20, 0x42, 0x75, 0x66, 0x66, 0x65,
 0x72, 0x2c, 0x20, 0x6f, 0x72, 0x20, 0x55, 0x52,
 0x4c, 0x01, 0x0e, 0x6f, 0x70, 0x74, 0x69, 0x6f,
 0x6e, 0x73, 0x01, 0x10, 0x64, 0x65, 0x66, 0x61,
 0x75, 0x6c, 0x74, 0x73, 0x01, 0x10, 0x65, 0x6e,
 0x63, 0x6f, 0x64, 0x69, 0x6e, 0x67, 0x01, 0x20,
 0x73, 0x74, 0x72, 0x69, 0x6e, 0x67, 0x20, 0x6f,
 0x72, 0x20, 0x4f, 0x62, 0x6a, 0x65, 0x63, 0x74,
 0x01, 0x10, 0x4f, 0x5f, 0x52, 0x44, 0x4f, 0x4e,
 0x4c, 0x59, 0x01, 0x30, 0x55, 0x6e, 0x6b, 0x6e,
 0x6f, 0x77, 0x6e, 0x20, 0x66, 0x69, 0x6c, 0x65,
 0x20, 0x6f, 0x70, 0x65, 0x6e, 0x20, 0x66, 0x6c,
 0x61, 0x67, 0x3a, 0x20, 0x01, 0x2a, 0x45, 0x52,
 0x52, 0x5f, 0x49, 0x4e, 0x56, 0x41, 0x4c, 0x49,
 0x44, 0x5f, 0x41, 0x52, 0x47, 0x5f, 0x56, 0x41,
 0x4c, 0x55, 0x45, 0x01, 0x12, 0x69, 0x73, 0x49,
 0x6e, 0x74, 0x65, 0x67, 0x65, 0x72, 0x01, 0x04,
 0x66, 0x64, 0x01, 0x10, 0x63, 0x61, 0x6c, 0x6c,
 0x62, 0x61, 0x63, 0x6b, 0x01, 0x08, 0x61, 0x72,
 0x67, 0x73, 0x01, 0x1c, 0x68, 0x61, 0x6e, 0x64,
 0x6c, 0x65, 0x55, 0x6e, 0x63, 0x61, 0x75, 0x67,
 0x68, 0x74, 0x01, 0x04, 0x63, 0x62, 0x01, 0x0e,
 0x6d, 0x73, 0x46, 0x69, 0x65, 0x6c, 0x64, 0x01,
 0x0c, 0x63, 0x61, 0x63, 0x68, 0x65, 0x64, 0x01,
 0x0a, 0x72, 0x6f, 0x75, 0x6e, 0x64, 0x01, 0x0c,
 0x61, 0x73, 0x73, 0x69, 0x67, 0x6e, 0x01, 0x08,
 0x74, 0x79, 0x70, 0x65, 0x01, 0x08, 0x6d, 0x6f,
 0x64, 0x65, 0x01, 0x0c, 0x53, 0x5f, 0x49, 0x46,
 0x4d, 0x54, 0x01, 0x14, 0x5f, 0x63, 0x68, 0x65,
 0x63, 0x6b, 0x54, 0x79, 0x70, 0x65, 0x01, 0x0e,
 0x53, 0x5f, 0x49, 0x46, 0x52, 0x45, 0x47, 0x01,
 0x0e, 0x53, 0x5f, 0x49, 0x46, 0x44, 0x49, 0x52,
 0x01, 0x0e, 0x53, 0x5f, 0x49, 0x46, 0x43, 0x48,
 0x52, 0x01, 0x0e, 0x53, 0x5f, 0x49, 0x46, 0x42,
 0x4c, 0x4b, 0x01, 0x0e, 0x53, 0x5f, 0x49, 0x46,
 0x49, 0x46, 0x4f, 0x01, 0x0e, 0x53, 0x5f, 0x49,
 0x46, 0x4c, 0x4e, 0x4b, 0x01, 0x10, 0x53, 0x5f,
 0x49, 0x46, 0x53, 0x4f, 0x43, 0x4b, 0x01, 0x14,
 0x70, 0x61, 0x72, 0x65, 0x6e, 0x74, 0x50, 0x61,
 0x74, 0x68, 0x01, 0x1c, 0x55, 0x56, 0x5f, 0x44,
 0x49, 0x52, 0x45, 0x4e, 0x54, 0x5f, 0x46, 0x49,
 0x4c, 0x45, 0x01, 0x1a, 0x55, 0x56, 0x5f, 0x44,
 0x49, 0x52, 0x45, 0x4e, 0x54, 0x5f, 0x44, 0x49,
 0x52, 0x01, 0x1c, 0x55, 0x56, 0x5f, 0x44, 0x49,
 0x52, 0x45, 0x4e, 0x54, 0x5f, 0x4c, 0x49, 0x4e,
 0x4b, 0x01, 0x1c, 0x55, 0x56, 0x5f, 0x44, 0x49,
 0x52, 0x45, 0x4e, 0x54, 0x5f, 0x46, 0x49, 0x46,
 0x4f, 0x01, 0x20, 0x55, 0x56, 0x5f, 0x44, 0x49,
 0x52, 0x45, 0x4e, 0x54, 0x5f, 0x53, 0x4f, 0x43,
 0x4b, 0x45, 0x54, 0x01, 0x1c, 0x55, 0x56, 0x5f,
 0x44, 0x49, 0x52, 0x45, 0x4e, 0x54, 0x5f, 0x43,
 0x48, 0x41, 0x52, 0x01, 0x1e, 0x55, 0x56, 0x5f,
 0x44, 0x49, 0x52, 0x45, 0x4e, 0x54, 0x5f, 0x42,
 0x4c, 0x4f, 0x43, 0x4b, 0x01, 0x0c, 0x62, 0x75,
 0x66, 0x66, 0x65, 0x72, 0x01, 0x0c, 0x6f, 0x66,
 0x66, 0x73, 0x65, 0x74, 0x01, 0x10, 0x70, 0x6f,
 0x73, 0x69, 0x74, 0x69, 0x6f, 0x6e, 0x01, 0x14,
 0x62, 0x79, 0x74, 0x65, 0x4c, 0x65, 0x6e, 0x67,
 0x74, 0x68, 0x01, 0x08, 0x64, 0x61, 0x74, 0x61,
 0x01, 0x20, 0x6f, 0x66, 0x66, 0x73, 0x65, 0x74,
 0x4f, 0x72, 0x50, 0x6f, 0x73, 0x69, 0x74, 0x69,
 0x6f, 0x6e, 0x01, 0x20, 0x6c, 0x65, 0x6e, 0x67,
 0x74, 0x68, 0x4f, 0x72, 0x45, 0x6e, 0x63, 0x6f,
 0x64, 0x69, 0x6e, 0x67, 0x01, 0x0a, 0x62, 0x79,
 0x74, 0x65, 0x73, 0x01, 0x0c, 0x69, 0x73, 0x56,
 0x69, 0x65, 0x77, 0x01, 0x14, 0x62, 0x79, 0x74,
 0x65, 0x4f, 0x66, 0x66, 0x73, 0x65, 0x74, 0x01,
 0x3e, 0x42, 0x75, 0x66, 0x66, 0x65, 0x72, 0x2c,
 0x20, 0x54, 0x79, 0x70, 0x65, 0x64, 0x41, 0x72,
 0x72, 0x61, 0x79, 0x2c, 0x20, 0x6f, 0x72, 0x20,
 0x44, 0x61, 0x74, 0x61, 0x56, 0x69, 0x65, 0x77,
 0x01, 0x06, 0x6c, 0x65, 0x6e, 0x01, 0x04, 0x66,
 0x6e, 0x01, 0x1c, 0x74, 0x68, 0x72, 0x6f, 0x77,
 0x49, 0x66, 0x4e, 0x6f, 0x45, 0x6e, 0x74, 0x72,
 0x79, 0x01, 0x0c, 0x45, 0x4e, 0x4f, 0x45, 0x4e,
 0x54, 0x01, 0x0e, 0x45, 0x4e, 0x4f, 0x54, 0x44,
 0x49, 0x52, 0x01, 0x06, 0x62, 0x75, 0x66, 0x01,
 0x02, 0x6e, 0x01, 0x0c, 0x63, 0x68, 0x75, 0x6e,
 0x6b, 0x73, 0x01, 0x0a, 0x74, 0x6f, 0x74, 0x61,
 0x6c, 0x01, 0x16, 0x61, 0x6c, 0x6c, 0x6f, 0x63,
 0x55, 0x6e, 0x73, 0x61, 0x66, 0x65, 0x01, 0x0a,
 0x73, 0x6c, 0x69, 0x63, 0x65, 0x01, 0x08, 0x70,
 0x75, 0x73, 0x68, 0x01, 0x08, 0x66, 0x6c, 0x61,
 0x67, 0x01, 0x08, 0x69, 0x73, 0x46, 0x64, 0x01,
 0x0a, 0x73, 0x74, 0x61, 0x74, 0x73, 0x01, 0x02,
 0x72, 0x01, 0x0e, 0x77, 0x72, 0x69, 0x74, 0x74,
 0x65, 0x6e, 0x01, 0x02, 0x77, 0x01, 0x02, 0x61,
 0x01, 0x1a, 0x77, 0x69, 0x74, 0x68, 0x46, 0x69,
 0x6c, 0x65, 0x54, 0x79, 0x70, 0x65, 0x73, 0x01,
 0x06, 0x64, 0x69, 0x72, 0x01, 0x0e, 0x65, 0x6e,
 0x74, 0x72, 0x69, 0x65, 0x73, 0x01, 0x02, 0x65,
 0x01, 0x06, 0x6d, 0x61, 0x70, 0x01, 0x08, 0x6f,
 0x70, 0x74, 0x73, 0x01, 0x12, 0x72, 0x65, 0x63,
 0x75, 0x72, 0x73, 0x69, 0x76, 0x65, 0x01, 0x0e,
 0x6d, 0x69, 0x73, 0x73, 0x69, 0x6e, 0x67, 0x01,
 0x0e, 0x63, 0x75, 0x72, 0x72, 0x65, 0x6e, 0x74,
 0x01, 0x0c, 0x70, 0x61, 0x72, 0x65, 0x6e, 0x74,
 0x01, 0x0a, 0x66, 0x69, 0x72, 0x73, 0x74, 0x01,
 0x02, 0x69, 0x01, 0x08, 0x46, 0x5f, 0x4f, 0x4b,
 0x01, 0x0e, 0x64, 0x69, 0x72, 0x6e, 0x61, 0x6d,
 0x65, 0x01, 0x0c, 0x45, 0x45, 0x58, 0x49, 0x53,
 0x54, 0x01, 0x84, 0x01, 0x54, 0x68, 0x65, 0x20,
 0x70, 0x72, 0x6f, 0x70, 0x65, 0x72, 0x74, 0x79,
 0x20, 0x27, 0x6f, 0x70, 0x74, 0x69, 0x6f, 0x6e,
 0x73, 0x2e, 0x72, 0x65, 0x63, 0x75, 0x72, 0x73,
 0x69, 0x76, 0x65, 0x27, 0x20, 0x69, 0x73, 0x20,
 0x6e, 0x6f, 0x20, 0x6c, 0x6f, 0x6e, 0x67, 0x65,
 0x72, 0x20, 0x73, 0x75, 0x70, 0x70, 0x6f, 0x72,
 0x74, 0x65, 0x64, 0x2e, 0x20, 0x52, 0x65, 0x63,
 0x65, 0x69, 0x76, 0x65, 0x64, 0x20, 0x01, 0x0a,
 0x66, 0x6f, 0x72, 0x63, 0x65, 0x01, 0x1a, 0x45,
 0x52, 0x52, 0x5f, 0x46, 0x53, 0x5f, 0x45, 0x49,
 0x53, 0x44, 0x49, 0x52, 0x01, 0x26, 0x50, 0x61,
 0x74, 0x68, 0x20, 0x69, 0x73, 0x20, 0x61, 0x20,
 0x64, 0x69, 0x72, 0x65, 0x63, 0x74, 0x6f, 0x72,
 0x79, 0x01, 0x0c, 0x70, 0x72, 0x65, 0x66, 0x69,
 0x78, 0x01, 0x0c, 0x72, 0x65, 0x73, 0x75, 0x6c,
 0x74, 0x01, 0x0c, 0x58, 0x58, 0x58, 0x58, 0x58,
 0x58, 0x01, 0x04, 0x74, 0x6f, 0x01, 0x0e, 0x6f,
 0x6c, 0x64, 0x50, 0x61, 0x74, 0x68, 0x01, 0x0e,
 0x6e, 0x65, 0x77, 0x50, 0x61, 0x74, 0x68, 0x01,
 0x18, 0x65, 0x78, 0x69, 0x73, 0x74, 0x69, 0x6e,
 0x67, 0x50, 0x61, 0x74, 0x68, 0x01, 0x10, 0x63,
 0x6f, 0x70, 0x79, 0x66, 0x69, 0x6c, 0x65, 0x01,
 0x06, 0x73, 0x72, 0x63, 0x01, 0x08, 0x64, 0x65,
 0x73, 0x74, 0x01, 0x04, 0x72, 0x2b, 0x01, 0x0e,
 0x67, 0x65, 0x74, 0x54, 0x69, 0x6d, 0x65, 0x01,
 0x08, 0x74, 0x69, 0x6d, 0x65, 0x01, 0x2e, 0x6e,
 0x75, 0x6d, 0x62, 0x65, 0x72, 0x2c, 0x20, 0x73,
 0x74, 0x72, 0x69, 0x6e, 0x67, 0x2c, 0x20, 0x6f,
 0x72, 0x20, 0x44, 0x61, 0x74, 0x65, 0x01, 0x0a,
 0x61, 0x74, 0x69, 0x6d, 0x65, 0x01, 0x0a, 0x6d,
 0x74, 0x69, 0x6d, 0x65, 0x01, 0x0a, 0x75, 0x74,
 0x69, 0x6d, 0x65, 0x01, 0x0a, 0x61, 0x6c, 0x6c,
 0x6f, 0x63, 0x01, 0x0e, 0x70, 0x72, 0x6f, 0x63,
 0x65, 0x73, 0x73, 0x01, 0x10, 0x6e, 0x65, 0x78,
 0x74, 0x54, 0x69, 0x63, 0x6b, 0x01, 0x10, 0x74,
 0x72, 0x75, 0x6e, 0x63, 0x45, 0x72, 0x72, 0x01,
 0x10, 0x63, 0x6c, 0x6f, 0x73, 0x65, 0x45, 0x72,
 0x72, 0x01, 0x10, 0x72, 0x65, 0x73, 0x6f, 0x6c,
 0x76, 0x65, 0x64, 0x01, 0x0c, 0x77, 0x61, 0x6c,
 0x6b, 0x55, 0x70, 0x01, 0x14, 0x63, 0x72, 0x65,
 0x61, 0x74, 0x65, 0x44, 0x6f, 0x77, 0x6e, 0x01,
 0x0e, 0x72, 0x65, 0x61, 0x64, 0x45, 0x72, 0x72,
 0x01, 0x0a, 0x6e, 0x61, 0x6d, 0x65, 0x73, 0x01,
 0x10, 0x63, 0x68, 0x69, 0x6c, 0x64, 0x45, 0x72,
 0x72, 0x01, 0x0c, 0x77, 0x69, 0x74, 0x68, 0x46,
 0x64, 0x01, 0x0c, 0x66, 0x69, 0x6e, 0x69, 0x73,
 0x68, 0x01, 0x0e, 0x73, 0x74, 0x61, 0x74, 0x45,
 0x72, 0x72, 0x01, 0x08, 0x73, 0x74, 0x65, 0x70,
 0x01, 0x16, 0x64, 0x65, 0x66, 0x61, 0x75, 0x6c,
 0x74, 0x46, 0x6c, 0x61, 0x67, 0x01, 0x04, 0x66,
 0x73, 0x01, 0x0c, 0x4f, 0x5f, 0x53, 0x59, 0x4e,
 0x43, 0x01, 0x04, 0x72, 0x73, 0x01, 0x04, 0x73,
 0x72, 0x01, 0x0c, 0x4f, 0x5f, 0x52, 0x44, 0x57,
 0x52, 0x01, 0x06, 0x72, 0x73, 0x2b, 0x01, 0x06,
 0x73, 0x72, 0x2b, 0x01, 0x0e, 0x4f, 0x5f, 0x54,
 0x52, 0x55, 0x4e, 0x43, 0x01, 0x0e, 0x4f, 0x5f,
 0x43, 0x52, 0x45, 0x41, 0x54, 0x01, 0x10, 0x4f,
 0x5f, 0x57, 0x52, 0x4f, 0x4e, 0x4c, 0x59, 0x01,
 0x0c, 0x4f, 0x5f, 0x45, 0x58, 0x43, 0x4c, 0x01,
 0x04, 0x77, 0x78, 0x01, 0x04, 0x78, 0x77, 0x01,
 0x04, 0x77, 0x2b, 0x01, 0x06, 0x77, 0x78, 0x2b,
 0x01, 0x06, 0x78, 0x77, 0x2b, 0x01, 0x10, 0x4f,
 0x5f, 0x41, 0x50, 0x50, 0x45, 0x4e, 0x44, 0x01,
 0x04, 0x61, 0x78, 0x01, 0x04, 0x78, 0x61, 0x01,
 0x04, 0x61, 0x2b, 0x01, 0x06, 0x61, 0x78, 0x2b,
 0x01, 0x06, 0x78, 0x61, 0x2b, 0x01, 0x0c, 0x69,
 0x73, 0x46, 0x69, 0x6c, 0x65, 0x01, 0x16, 0x69,
 0x73, 0x44, 0x69, 0x72, 0x65, 0x63, 0x74, 0x6f,
 0x72, 0x79, 0x01, 0x22, 0x69, 0x73, 0x43, 0x68,
 0x61, 0x72, 0x61, 0x63, 0x74, 0x65, 0x72, 0x44,
 0x65, 0x76, 0x69, 0x63, 0x65, 0x01, 0x1a, 0x69,
 0x73, 0x42, 0x6c, 0x6f, 0x63, 0x6b, 0x44, 0x65,
 0x76, 0x69, 0x63, 0x65, 0x01, 0x0c, 0x69, 0x73,
 0x46, 0x49, 0x46, 0x4f, 0x01, 0x1c, 0x69, 0x73,
 0x53, 0x79, 0x6d, 0x62, 0x6f, 0x6c, 0x69, 0x63,
 0x4c, 0x69, 0x6e, 0x6b, 0x01, 0x10, 0x69, 0x73,
 0x53, 0x6f, 0x63, 0x6b, 0x65, 0x74, 0x01, 0x0e,
 0x61, 0x74, 0x69, 0x6d, 0x65, 0x4d, 0x73, 0x01,
 0x0e, 0x6d, 0x74, 0x69, 0x6d, 0x65, 0x4d, 0x73,
 0x01, 0x0a, 0x63, 0x74, 0x69, 0x6d, 0x65, 0x01,
 0x0e, 0x63, 0x74, 0x69, 0x6d, 0x65, 0x4d, 0x73,
 0x01, 0x12, 0x62, 0x69, 0x72, 0x74, 0x68, 0x74,
 0x69, 0x6d, 0x65, 0x01, 0x16, 0x62, 0x69, 0x72,
 0x74, 0x68, 0x74, 0x69, 0x6d, 0x65, 0x4d, 0x73,
 0x01, 0x0c, 0x6e, 0x61, 0x74, 0x69, 0x76, 0x65,
 0x0c, 0x00, 0x0a, 0x00, 0xa8, 0x01, 0x00, 0x01,
 0x00, 0x01, 0x00, 0x00, 0x01, 0x04, 0x01, 0xaa,
 0x01, 0x00, 0x00, 0x00, 0x0c, 0x43, 0x0a, 0x01,
 0x00, 0x06, 0x5b, 0x06, 0x04, 0x23, 0x00, 0x5e,
 0x8a, 0x0f, 0x61, 0xe4, 0x03, 0x00, 0x01, 0x00,
 0xe6, 0x03, 0x00, 0x01, 0x00, 0xe8, 0x03, 0x00,
 0x01, 0x00, 0xea, 0x03, 0x00, 0x01, 0x00, 0xec,
 0x03, 0x00, 0x01, 0x00, 0xee, 0x03, 0x00, 0x01,
 0x40, 0x04, 0xf0, 0x03, 0x01, 0x00, 0x70, 0x00,
 0xf2, 0x03, 0x01, 0x01, 0x70, 0x16, 0xf4, 0x03,
 0x01, 0x02, 0x70, 0x0a, 0xf6, 0x03, 0x01, 0x03,
 0x70, 0x02, 0xf8, 0x03, 0x00, 0x00, 0x40, 0x01,
 0xfa, 0x03, 0x00, 0x05, 0x40, 0x17, 0xfc, 0x03,
 0x00, 0x06, 0x40, 0x0b, 0xfe, 0x03, 0x00, 0x07,
 0x40, 0x06, 0x80, 0x04, 0x01, 0x04, 0x70, 0x03,
 0x82, 0x04, 0x00, 0x08, 0x40, 0x0c, 0x84, 0x04,
 0x00, 0x0a, 0x40, 0x0d, 0x86, 0x04, 0x00, 0x0b,
 0x40, 0x1a, 0x88, 0x04, 0x00, 0x0c, 0x40, 0x05,
 0x8a, 0x04, 0x00, 0x0d, 0x40, 0x1b, 0x8c, 0x04,
 0x00, 0x0e, 0x00, 0x8e, 0x04, 0x02, 0x5b, 0x30,
 0xfe, 0x01, 0x03, 0x10, 0x70, 0x07, 0x8e, 0x04,
 0x01, 0x09, 0x60, 0x10, 0x90, 0x04, 0x01, 0x12,
 0x70, 0x09, 0x92, 0x04, 0x04, 0x5b, 0x30, 0xfe,
 0x01, 0x05, 0x14, 0x70, 0x08, 0x92, 0x04, 0x01,
 0x13, 0x60, 0x15, 0x94, 0x04, 0x00, 0x0f, 0x40,
 0x12, 0x96, 0x04, 0x00, 0x17, 0x00, 0x98, 0x04,
 0x00, 0x18, 0x00, 0x9a, 0x04, 0x00, 0x19, 0x00,
 0x9c, 0x04, 0x00, 0x1a, 0x40, 0x0e, 0x9e, 0x04,
 0x00, 0x1b, 0x00, 0xa0, 0x04, 0x00, 0x1c, 0x00,
 0xa2, 0x04, 0x00, 0x1d, 0x00, 0xa4, 0x04, 0x00,
 0x1e, 0x00, 0xa6, 0x04, 0x00, 0x1f, 0x00, 0xa8,
 0x04, 0x00, 0x20, 0x40, 0x0f, 0xaa, 0x04, 0x00,
 0x21, 0x00, 0xac, 0x04, 0x01, 0x16, 0x70, 0x11,
 0xae, 0x04, 0x00, 0x22, 0x40, 0x13, 0xb0, 0x04,
 0x00, 0x24, 0x00, 0xb2, 0x04, 0x00, 0x25, 0x40,
 0x14, 0xb4, 0x04, 0x00, 0x26, 0x00, 0xb6, 0x04,
 0x00, 0x27, 0x00, 0xb8, 0x04, 0x00, 0x28, 0x00,
 0xba, 0x04, 0x00, 0x29, 0x00, 0xbc, 0x04, 0x00,
 0x2a, 0x40, 0x18, 0xbe, 0x04, 0x00, 0x2b, 0x00,
 0xc0, 0x04, 0x00, 0x2c, 0x00, 0xc2, 0x04, 0x00,
 0x2d, 0x00, 0xc4, 0x04, 0x00, 0x2e, 0x00, 0xc6,
 0x04, 0x00, 0x2f, 0x00, 0xc8, 0x04, 0x00, 0x30,
 0x00, 0xca, 0x04, 0x00, 0x31, 0x00, 0xcc, 0x04,
 0x00, 0x32, 0x00, 0xce, 0x04, 0x00, 0x33, 0x00,
 0xd0, 0x04, 0x00, 0x34, 0x00, 0xd2, 0x04, 0x00,
 0x35, 0x00, 0xd4, 0x04, 0x00, 0x36, 0x00, 0xd6,
 0x04, 0x00, 0x37, 0x40, 0x19, 0xd8, 0x04, 0x00,
 0x38, 0x00, 0xda, 0x04, 0x00, 0x39, 0x40, 0x1f,
 0xdc, 0x04, 0x00, 0x3a, 0x40, 0x1d, 0xde, 0x04,
 0x00, 0x3b, 0x00, 0xe0, 0x04, 0x00, 0x3c, 0x00,
 0xe2, 0x04, 0x00, 0x3d, 0x40, 0x1c, 0xe4, 0x04,
 0x00, 0x3e, 0x00, 0xe6, 0x04, 0x00, 0x3f, 0x00,
 0xe8, 0x04, 0x00, 0x40, 0x00, 0xea, 0x04, 0x00,
 0x41, 0x00, 0xec, 0x04, 0x00, 0x42, 0x00, 0xee,
 0x04, 0x00, 0x43, 0x00, 0xf0, 0x04, 0x00, 0x44,
 0x00, 0xf2, 0x04, 0x00, 0x45, 0x00, 0xf4, 0x04,
 0x00, 0x46, 0x00, 0xf6, 0x04, 0x00, 0x47, 0x00,
 0xf8, 0x04, 0x00, 0x48, 0x00, 0xfa, 0x04, 0x00,
 0x49, 0x00, 0xfc, 0x04, 0x00, 0x4a, 0x00, 0xfe,
 0x04, 0x00, 0x4b, 0x00, 0x80, 0x05, 0x00, 0x4c,
 0x00, 0x82, 0x05, 0x00, 0x4d, 0x40, 0x1e, 0x84,
 0x05, 0x00, 0x4e, 0x00, 0x86, 0x05, 0x00, 0x4f,
 0x00, 0x88, 0x05, 0x00, 0x50, 0x40, 0x20, 0x8a,
 0x05, 0x00, 0x51, 0x00, 0x8c, 0x05, 0x00, 0x52,
 0x00, 0x8e, 0x05, 0x00, 0x53, 0x00, 0x90, 0x05,
 0x00, 0x54, 0x40, 0x21, 0x92, 0x05, 0x00, 0x55,
 0x00, 0x94, 0x05, 0x00, 0x56, 0x40, 0x22, 0x96,
 0x05, 0x00, 0x57, 0x00, 0x98, 0x05, 0x00, 0x58,
 0x00, 0x9a, 0x05, 0x00, 0x59, 0x00, 0x9c, 0x05,
 0x01, 0x23, 0x30, 0x0c, 0x43, 0x0a, 0x01, 0xf8,
 0x03, 0x03, 0x01, 0x03, 0x09, 0x00, 0x00, 0x00,
 0x39, 0x04, 0x74, 0x00, 0x01, 0x00, 0x9e, 0x05,
 0x00, 0x01, 0x00, 0xa0, 0x05, 0x00, 0x01, 0x00,
 0xa2, 0x05, 0x01, 0x00, 0x30, 0x60, 0x00, 0x00,
 0x38, 0xda, 0x00, 0x00, 0x00, 0x11, 0x04, 0x52,
 0x01, 0x00, 0x00, 0x41, 0x64, 0x00, 0x00, 0x00,
 0xd7, 0x04, 0x53, 0x01, 0x00, 0x00, 0xd8, 0x04,
 0x54, 0x01, 0x00, 0x00, 0xd9, 0x96, 0x24, 0x05,
 0x00, 0x21, 0x01, 0x00, 0xcf, 0x61, 0x00, 0x00,
 0x04, 0x55, 0x01, 0x00, 0x00, 0x42, 0x56, 0x01,
 0x00, 0x00, 0x61, 0x00, 0x00, 0x28, 0xae, 0x05,
 0x1b, 0x01, 0x0d, 0x12, 0x28, 0x53, 0x07, 0x20,
 0x44, 0x20, 0x3a, 0x32, 0x95, 0x01, 0x45, 0x0e,
 0x00, 0x0c, 0x43, 0x0a, 0x01, 0xfa, 0x03, 0x04,
 0x01, 0x04, 0x0c, 0x00, 0x00, 0x00, 0x4d, 0x05,
 0xac, 0x05, 0x00, 0x01, 0x00, 0x68, 0x00, 0x01,
 0x00, 0xb0, 0x05, 0x00, 0x01, 0x00, 0xb2, 0x05,
 0x00, 0x01, 0x00, 0xa2, 0x05, 0x01, 0x00, 0x30,
 0x60, 0x00, 0x00, 0x38, 0xa0, 0x00, 0x00, 0x00,
 0x11, 0xc6, 0x41, 0x64, 0x00, 0x00, 0x00, 0xd7,
 0x04, 0x5a, 0x01, 0x00, 0x00, 0xd8, 0x04, 0x5b,
 0x01, 0x00, 0x00, 0xd9, 0x04, 0x5c, 0x01, 0x00,
 0x00, 0xda, 0x04, 0x5d, 0x01, 0x00, 0x00, 0x24,
 0x08, 0x00, 0x21, 0x01, 0x00, 0xcf, 0x61, 0x00,
 0x00, 0xd7, 0x42, 0x56, 0x01, 0x00, 0x00, 0x61,
 0x00, 0x00, 0xd9, 0x42, 0x58, 0x01, 0x00, 0x00,
 0x61, 0x00, 0x00, 0xda, 0x42, 0x59, 0x01, 0x00,
 0x00, 0x61, 0x00, 0x00, 0x28, 0xae, 0x05, 0x25,
 0x01, 0x18, 0x12, 0x28, 0x3e, 0x12, 0x20, 0x12,
 0x20, 0x18, 0x20, 0x18, 0x45, 0x73, 0x11, 0x16,
 0x21, 0x15, 0x11, 0x1c, 0x21, 0x1b, 0x11, 0x16,
 0x22, 0x07, 0x00, 0x0c, 0x41, 0x0a, 0x01, 0xfc,
 0x03, 0x02, 0x03, 0x01, 0x04, 0x00, 0x02, 0x00,
 0x97, 0x01, 0x05, 0x88, 0x01, 0x00, 0x01, 0x00,
 0x74, 0x00, 0x01, 0x00, 0x88, 0x01, 0x01, 0xff,
 0xff, 0xff, 0xff, 0x0f, 0x20, 0x74, 0x01, 0x01,
 0x20, 0xa2, 0x05, 0x08, 0x00, 0x30, 0xf0, 0x03,
 0x00, 0x18, 0xf8, 0x03, 0x04, 0x00, 0x60, 0x01,
 0x00, 0x60, 0x00, 0x00, 0xd7, 0xcf, 0xd8, 0x11,
 0xf8, 0xf0, 0x08, 0x0e, 0x04, 0x59, 0x01, 0x00,
 0x00, 0xe0, 0xd0, 0xd7, 0x96, 0x04, 0x4c, 0x00,
 0x00, 0x00, 0xad, 0xf0, 0x03, 0xd7, 0x28, 0x37,
 0x5e, 0x01, 0x00, 0x00, 0xfa, 0xf1, 0x49, 0xd7,
 0x38, 0x5e, 0x01, 0x00, 0x00, 0xa9, 0xf0, 0x40,
 0xd7, 0x40, 0x5f, 0x01, 0x00, 0x00, 0x04, 0x60,
 0x01, 0x00, 0x00, 0xae, 0xf0, 0x24, 0x60, 0x02,
 0x00, 0x38, 0xda, 0x00, 0x00, 0x00, 0x11, 0x04,
 0x61, 0x01, 0x00, 0x00, 0x21, 0x01, 0x00, 0xd1,
 0x61, 0x02, 0x00, 0x04, 0x62, 0x01, 0x00, 0x00,
 0x42, 0x56, 0x01, 0x00, 0x00, 0x61, 0x02, 0x00,
 0x30, 0x38, 0x63, 0x01, 0x00, 0x00, 0xd7, 0x40,
 0x64, 0x01, 0x00, 0x00, 0x23, 0x01, 0x00, 0x64,
 0x00, 0x00, 0x41, 0x65, 0x01, 0x00, 0x00, 0xd7,
 0x24, 0x01, 0x00, 0xf0, 0x0f, 0xd7, 0x41, 0x3b,
 0x00, 0x00, 0x00, 0x04, 0x66, 0x01, 0x00, 0x00,
 0x25, 0x01, 0x00, 0xe4, 0xd8, 0x04, 0x67, 0x01,
 0x00, 0x00, 0xd7, 0xf7, 0x30, 0xae, 0x05, 0x31,
 0x01, 0x2c, 0x6c, 0x1e, 0x07, 0x14, 0x30, 0x13,
 0x00, 0x02, 0x08, 0x00, 0x1b, 0x10, 0x11, 0x1e,
 0x07, 0x22, 0x2b, 0x55, 0x20, 0x26, 0x3a, 0x05,
 0x4f, 0x1f, 0x45, 0x0c, 0x19, 0x05, 0x1b, 0x26,
 0x32, 0x33, 0x2a, 0x20, 0x21, 0x11, 0x20, 0x0c,
 0x2d, 0x15, 0x07, 0x16, 0x20, 0x40, 0x00, 0x0c,
 0x43, 0x0a, 0x01, 0xfe, 0x03, 0x02, 0x00, 0x02,
 0x04, 0x00, 0x01, 0x00, 0x4f, 0x02, 0xd0, 0x05,
 0x00, 0x01, 0x00, 0xd2, 0x05, 0x00, 0x01, 0x00,
 0xf8, 0x03, 0x04, 0x00, 0xd7, 0x38, 0x49, 0x00,
 0x00, 0x00, 0xad, 0x11, 0xf1, 0x04, 0x0e, 0xd7,
 0xf9, 0xf0, 0x03, 0xd8, 0x28, 0xd7, 0x96, 0x04,
 0x4c, 0x00, 0x00, 0x00, 0xad, 0xf0, 0x0f, 0x0b,
 0xd8, 0x07, 0x52, 0x06, 0x0e, 0x0e, 0xd7, 0x4b,
 0x6a, 0x01, 0x00, 0x00, 0x28, 0xd7, 0x96, 0x04,
 0x4d, 0x00, 0x00, 0x00, 0xad, 0xf0, 0x0f, 0x0b,
 0xd8, 0x07, 0x52, 0x06, 0x0e, 0x0e, 0xd7, 0x07,
 0x52, 0x06, 0x0e, 0x0e, 0x28, 0xe3, 0x04, 0x68,
 0x01, 0x00, 0x00, 0x04, 0x6b, 0x01, 0x00, 0x00,
 0xd7, 0xf7, 0x30, 0xae, 0x05, 0x4a, 0x01, 0x1e,
 0x03, 0x10, 0x07, 0x18, 0x34, 0x1a, 0x07, 0x18,
 0x12, 0x3b, 0x0f, 0x00, 0x07, 0x18, 0x35, 0x0d,
 0x20, 0x28, 0x28, 0x31, 0x07, 0x18, 0x35, 0x0d,
 0x20, 0x1a, 0x28, 0x2d, 0x39, 0x54, 0x00, 0x0c,
 0x43, 0x0a, 0x01, 0x82, 0x04, 0x01, 0x02, 0x01,
 0x05, 0x00, 0x02, 0x00, 0x62, 0x03, 0xea, 0x01,
 0x00, 0x01, 0x00, 0x88, 0x01, 0x01, 0x00, 0x30,
 0xa2, 0x05, 0x07, 0x01, 0x30, 0xf6, 0x03, 0x03,
 0x18, 0x80, 0x04, 0x08, 0x18, 0x60, 0x00, 0x00,
 0xd7, 0x96, 0x04, 0x4a, 0x00, 0x00, 0x00, 0xad,
 0xf0, 0x03, 0xd7, 0x28, 0xd7, 0x38, 0x49, 0x00,
 0x00, 0x00, 0xad, 0xf0, 0x0a, 0x64, 0x00, 0x00,
 0x40, 0x6c, 0x01, 0x00, 0x00, 0x28, 0x64, 0x01,
 0x00, 0xd7, 0x46, 0xcf, 0x61, 0x00, 0x00, 0x38,
 0x49, 0x00, 0x00, 0x00, 0xad, 0xf0, 0x2d, 0x60,
 0x01, 0x00, 0x38, 0xda, 0x00, 0x00, 0x00, 0x11,
 0x04, 0x6d, 0x01, 0x00, 0x00, 0x41, 0x64, 0x00,
 0x00, 0x00, 0xd7, 0x24, 0x01, 0x00, 0x21, 0x01,
 0x00, 0xd0, 0x61, 0x01, 0x00, 0x04, 0x6e, 0x01,
 0x00, 0x00, 0x42, 0x56, 0x01, 0x00, 0x00, 0x61,
 0x01, 0x00, 0x30, 0x61, 0x00, 0x00, 0x28, 0xae,
 0x05, 0x72, 0x01, 0x1e, 0x12, 0x1e, 0x07, 0x14,
 0x30, 0x13, 0x0f, 0x0d, 0x07, 0x14, 0x2b, 0x05,
 0x32, 0x06, 0x11, 0x12, 0x13, 0x25, 0x11, 0x14,
 0x3a, 0x0c, 0x52, 0x4a, 0x2c, 0x69, 0x45, 0x0c,
 0x19, 0x05, 0x00, 0x0c, 0x43, 0x0a, 0x01, 0x84,
 0x04, 0x01, 0x00, 0x01, 0x04, 0x00, 0x01, 0x00,
 0x34, 0x01, 0x88, 0x01, 0x00, 0x01, 0x00, 0xf8,
 0x03, 0x04, 0x00, 0xd7, 0x96, 0x04, 0x4a, 0x00,
 0x00, 0x00, 0xae, 0x11, 0xf1, 0x18, 0x0e, 0x38,
 0xa1, 0x00, 0x00, 0x00, 0x41, 0x6f, 0x01, 0x00,
 0x00, 0xd7, 0x24, 0x01, 0x00, 0x95, 0x11, 0xf1,
 0x05, 0x0e, 0xd7, 0xba, 0xa5, 0xf0, 0x0f, 0xe3,
 0x04, 0x70, 0x01, 0x00, 0x00, 0x04, 0x4a, 0x00,
 0x00, 0x00, 0xd7, 0xf7, 0x30, 0xd7, 0x28, 0xae,
 0x05, 0x88, 0x01, 0x01, 0x12, 0x03, 0x1e, 0x07,
 0x14, 0x39, 0x1a, 0x34, 0x22, 0x2f, 0x14, 0x07,
 0x10, 0x17, 0x75, 0x39, 0x36, 0x14, 0x3b, 0x00,
 0x0c, 0x43, 0x0a, 0x01, 0x86, 0x04, 0x01, 0x00,
 0x01, 0x01, 0x01, 0x01, 0x01, 0x03, 0x01, 0xe2,
 0x05, 0x00, 0x01, 0x40, 0x00, 0xee, 0x03, 0x05,
 0x01, 0x0c, 0x41, 0x0a, 0x01, 0x00, 0x01, 0x01,
 0x00, 0x05, 0x00, 0x02, 0x00, 0x2d, 0x02, 0xe4,
 0x05, 0x00, 0x01, 0x00, 0xa2, 0x05, 0x03, 0x00,
 0x03, 0xe2, 0x05, 0x00, 0x01, 0xee, 0x03, 0x00,
 0x02, 0x0d, 0x00, 0x00, 0xdb, 0x6b, 0x14, 0x00,
 0x00, 0x00, 0xe3, 0x26, 0x00, 0x00, 0xba, 0xd7,
 0x51, 0x0e, 0x06, 0x1b, 0x27, 0x00, 0x00, 0x0e,
 0x0e, 0x29, 0xcf, 0x6b, 0x11, 0x00, 0x00, 0x00,
 0xe4, 0x41, 0x73, 0x01, 0x00, 0x00, 0xcb, 0x24,
 0x01, 0x00, 0x0e, 0x0e, 0x29, 0x30, 0xae, 0x05,
 0x98, 0x01, 0x0c, 0x08, 0x31, 0x02, 0x1b, 0x18,
 0x59, 0x17, 0x20, 0x30, 0x00, 0xc5, 0x00, 0x28,
 0xae, 0x05, 0x97, 0x01, 0x01, 0x00, 0x00, 0x0c,
 0x43, 0x0a, 0x01, 0x88, 0x04, 0x01, 0x00, 0x01,
 0x04, 0x00, 0x01, 0x00, 0x14, 0x01, 0xe2, 0x05,
 0x00, 0x01, 0x00, 0xf8, 0x03, 0x04, 0x00, 0xd7,
 0xfb, 0xf1, 0x0f, 0xe3, 0x04, 0x74, 0x01, 0x00,
 0x00, 0x04, 0x1b, 0x00, 0x00, 0x00, 0xd7, 0xf7,
 0x30, 0xd7, 0x28, 0xae, 0x05, 0xa1, 0x01, 0x01,
 0x0a, 0x03, 0x1e, 0x07, 0x1a, 0x12, 0x1b, 0x39,
 0x3a, 0x14, 0x3f, 0x00, 0x0c, 0x43, 0x0a, 0x01,
 0x8a, 0x04, 0x03, 0x00, 0x03, 0x03, 0x00, 0x02,
 0x00, 0x17, 0x03, 0xd0, 0x05, 0x00, 0x01, 0x00,
 0xe2, 0x05, 0x00, 0x01, 0x00, 0xd2, 0x05, 0x00,
 0x01, 0x00, 0x88, 0x04, 0x0c, 0x00, 0xfe, 0x03,
 0x07, 0x00, 0xd7, 0xfb, 0xf0, 0x09, 0xd9, 0xe3,
 0xd7, 0xf5, 0x26, 0x02, 0x00, 0x28, 0xe4, 0xd7,
 0xd9, 0xf6, 0xe3, 0xd8, 0xf5, 0x26, 0x02, 0x00,
 0x28, 0xae, 0x05, 0xaa, 0x01, 0x01, 0x14, 0x03,
 0x1e, 0x07, 0x18, 0x12, 0x15, 0x07, 0x14, 0x07,
 0x18, 0x23, 0x33, 0x07, 0x16, 0x07, 0x12, 0x0c,
 0x16, 0x07, 0x18, 0x00, 0x0c, 0x43, 0x0a, 0x01,
 0x8c, 0x04, 0x03, 0x01, 0x03, 0x06, 0x02, 0x00,
 0x01, 0x2a, 0x04, 0xbc, 0x01, 0x00, 0x01, 0x00,
 0x74, 0x00, 0x01, 0x00, 0xea, 0x05, 0x00, 0x01,
 0x40, 0x01, 0xec, 0x05, 0x01, 0x00, 0x60, 0x00,
 0x0c, 0x42, 0x0b, 0x01, 0x00, 0x00, 0x01, 0x00,
 0x06, 0x00, 0x02, 0x00, 0x2f, 0x01, 0x10, 0x00,
 0x01, 0x00, 0xec, 0x05, 0x00, 0x10, 0xea, 0x05,
 0x02, 0x01, 0x08, 0xcf, 0x64, 0x00, 0x00, 0x38,
 0x49, 0x00, 0x00, 0x00, 0xad, 0xf0, 0x1f, 0x38,
 0xa8, 0x00, 0x00, 0x00, 0x11, 0x38, 0xa6, 0x00,
 0x00, 0x00, 0x41, 0x77, 0x01, 0x00, 0x00, 0xcb,
 0xe4, 0x46, 0x24, 0x01, 0x00, 0x21, 0x01, 0x00,
 0x11, 0x65, 0x00, 0x00, 0x0e, 0x64, 0x00, 0x00,
 0x28, 0xae, 0x05, 0xbd, 0x01, 0x09, 0x10, 0x0d,
 0x10, 0x11, 0x16, 0x00, 0x08, 0x08, 0x04, 0x20,
 0x0a, 0x34, 0x16, 0x07, 0x0a, 0x46, 0x3d, 0x00,
 0x60, 0x00, 0x00, 0x06, 0xcf, 0x38, 0x9e, 0x00,
 0x00, 0x00, 0x41, 0x6d, 0x00, 0x00, 0x00, 0xd7,
 0xd8, 0x0b, 0x0a, 0x4b, 0x41, 0x00, 0x00, 0x00,
 0x0a, 0x4b, 0x43, 0x00, 0x00, 0x00, 0xc5, 0x00,
 0x53, 0x45, 0x00, 0x00, 0x00, 0x04, 0x24, 0x03,
 0x00, 0x29, 0xae, 0x05, 0xb7, 0x01, 0x01, 0x06,
 0x1e, 0x08, 0x34, 0x2c, 0x07, 0x10, 0x00, 0x0c,
 0x42, 0x0b, 0x01, 0x00, 0x01, 0x01, 0x01, 0x04,
 0x00, 0x01, 0x00, 0x1f, 0x02, 0xf0, 0x01, 0x00,
 0x01, 0x00, 0x10, 0x00, 0x01, 0x00, 0xfe, 0x01,
 0x10, 0x18, 0x08, 0xcf, 0x2b, 0x64, 0x00, 0x00,
 0x11, 0xf0, 0x06, 0xcb, 0x1b, 0x24, 0x00, 0x00,
 0x0e, 0x38, 0x9e, 0x00, 0x00, 0x00, 0x41, 0x78,
 0x01, 0x00, 0x00, 0xcb, 0xd7, 0x24, 0x02, 0x00,
 0x29, 0xae, 0x05, 0xcb, 0x01, 0x05, 0x06, 0x4e,
 0x08, 0x34, 0x1c, 0x07, 0x0c, 0x00, 0x0c, 0x42,
 0x0b, 0x01, 0x00, 0x01, 0x01, 0x01, 0x02, 0x00,
 0x01, 0x00, 0x14, 0x02, 0xf2, 0x05, 0x00, 0x01,
 0x00, 0x10, 0x00, 0x01, 0x00, 0xf6, 0x03, 0x03,
 0x18, 0x08, 0xcf, 0xcb, 0x40, 0x7a, 0x01, 0x00,
 0x00, 0x64, 0x00, 0x00, 0x40, 0x7b, 0x01, 0x00,
 0x00, 0xa1, 0xd7, 0xad, 0x28, 0xae, 0x05, 0xcf,
 0x01, 0x05, 0x04, 0x2b, 0x30, 0x2f, 0x2c, 0x00,
 0x0c, 0x42, 0x0b, 0x01, 0x00, 0x00, 0x01, 0x00,
 0x03, 0x00, 0x01, 0x00, 0x13, 0x01, 0x10, 0x00,
 0x01, 0x00, 0xf6, 0x03, 0x03, 0x18, 0x08, 0xcf,
 0xcb, 0x41, 0x7c, 0x01, 0x00, 0x00, 0x64, 0x00,
 0x00, 0x40, 0x7d, 0x01, 0x00, 0x00, 0x25, 0x01,
 0x00, 0xae, 0x05, 0xd3, 0x01, 0x05, 0x02, 0x2b,
 0x36, 0x00, 0x0c, 0x42, 0x0b, 0x01, 0x00, 0x00,
 0x01, 0x00, 0x03, 0x00, 0x01, 0x00, 0x13, 0x01,
 0x10, 0x00, 0x01, 0x00, 0xf6, 0x03, 0x03, 0x18,
 0x08, 0xcf, 0xcb, 0x41, 0x7c, 0x01, 0x00, 0x00,
 0x64, 0x00, 0x00, 0x40, 0x7e, 0x01, 0x00, 0x00,
 0x25, 0x01, 0x00, 0xae, 0x05, 0xd7, 0x01, 0x05,
 0x02, 0x2b, 0x36, 0x00, 0x0c, 0x42, 0x0b, 0x01,
 0x00, 0x00, 0x01, 0x00, 0x03, 0x00, 0x01, 0x00,
 0x13, 0x01, 0x10, 0x00, 0x01, 0x00, 0xf6, 0x03,
 0x03, 0x18, 0x08, 0xcf, 0xcb, 0x41, 0x7c, 0x01,
 0x00, 0x00, 0x64, 0x00, 0x00, 0x40, 0x7f, 0x01,
 0x00, 0x00, 0x25, 0x01, 0x00, 0xae, 0x05, 0xdb,
 0x01, 0x05, 0x02, 0x2b, 0x36, 0x00, 0x0c, 0x42,
 0x0b, 0x01, 0x00, 0x00, 0x01, 0x00, 0x03, 0x00,
 0x01, 0x00, 0x13, 0x01, 0x10, 0x00, 0x01, 0x00,
 0xf6, 0x03, 0x03, 0x18, 0x08, 0xcf, 0xcb, 0x41,
 0x7c, 0x01, 0x00, 0x00, 0x64, 0x00, 0x00, 0x40,
 0x80, 0x01, 0x00, 0x00, 0x25, 0x01, 0x00, 0xae,
 0x05, 0xdf, 0x01, 0x05, 0x02, 0x2b, 0x36, 0x00,
 0x0c, 0x42, 0x0b, 0x01, 0x00, 0x00, 0x01, 0x00,
 0x03, 0x00, 0x01, 0x00, 0x13, 0x01, 0x10, 0x00,
 0x01, 0x00, 0xf6, 0x03, 0x03, 0x18, 0x08, 0xcf,
 0xcb, 0x41, 0x7c, 0x01, 0x00, 0x00, 0x64, 0x00,
 0x00, 0x40, 0x81, 0x01, 0x00, 0x00, 0x25, 0x01,
 0x00, 0xae, 0x05, 0xe3, 0x01, 0x05, 0x02, 0x2b,
 0x36, 0x00, 0x0c, 0x42, 0x0b, 0x01, 0x00, 0x00,
 0x01, 0x00, 0x03, 0x00, 0x01, 0x00, 0x13, 0x01,
 0x10, 0x00, 0x01, 0x00, 0xf6, 0x03, 0x03, 0x18,
 0x08, 0xcf, 0xcb, 0x41, 0x7c, 0x01, 0x00, 0x00,
 0x64, 0x00, 0x00, 0x40, 0x82, 0x01, 0x00, 0x00,
 0x25, 0x01, 0x00, 0xae, 0x05, 0xe7, 0x01, 0x05,
 0x02, 0x2b, 0x36, 0x00, 0x0c, 0x42, 0x0b, 0x01,
 0x00, 0x00, 0x01, 0x00, 0x03, 0x00, 0x01, 0x00,
 0x13, 0x01, 0x10, 0x00, 0x01, 0x00, 0xf6, 0x03,
 0x03, 0x18, 0x08, 0xcf, 0xcb, 0x41, 0x7c, 0x01,
 0x00, 0x00, 0x64, 0x00, 0x00, 0x40, 0x83, 0x01,
 0x00, 0x00, 0x25, 0x01, 0x00, 0xae, 0x05, 0xeb,
 0x01, 0x05, 0x02, 0x2b, 0x36, 0x00, 0x0c, 0x42,
 0x0b, 0x01, 0x00, 0x03, 0x01, 0x03, 0x03, 0x00,
 0x02, 0x00, 0x37, 0x04, 0x74, 0x00, 0x01, 0x00,
 0xf2, 0x05, 0x00, 0x01, 0x00, 0x88, 0x06, 0x00,
 0x01, 0x00, 0x10, 0x00, 0x01, 0x00, 0xfe, 0x01,
 0x14, 0x18, 0x90, 0x04, 0x12, 0x18, 0x08, 0xcf,
 0x2b, 0x64, 0x00, 0x00, 0x11, 0xf0, 0x06, 0xcb,
 0x1b, 0x24, 0x00, 0x00, 0x0e, 0xcb, 0xd7, 0x42,
 0x3a, 0x00, 0x00, 0x00, 0xcb, 0xd9, 0x42, 0x84,
 0x01, 0x00, 0x00, 0xcb, 0xd9, 0x42, 0x59, 0x01,
 0x00, 0x00, 0xcb, 0x64, 0x01, 0x00, 0x1b, 0x11,
 0xaf, 0xf1, 0x04, 0x1b, 0x71, 0x1b, 0x1b, 0xd8,
 0x1b, 0x71, 0x1b, 0x48, 0x29, 0xae, 0x05, 0xfc,
 0x01, 0x05, 0x12, 0x4e, 0x08, 0x07, 0x18, 0x21,
 0x17, 0x07, 0x24, 0x21, 0x23, 0x07, 0x18, 0x21,
 0x17, 0x07, 0x0a, 0x3e, 0x1e, 0x00, 0x0c, 0x42,
 0x0b, 0x01, 0x00, 0x00, 0x01, 0x00, 0x02, 0x00,
 0x02, 0x00, 0x11, 0x01, 0x10, 0x00, 0x01, 0x00,
 0x90, 0x04, 0x12, 0x18, 0xf6, 0x03, 0x03, 0x18,
 0x08, 0xcf, 0xcb, 0x64, 0x00, 0x00, 0x46, 0x64,
 0x01, 0x00, 0x40, 0x85, 0x01, 0x00, 0x00, 0xad,
 0x28, 0xae, 0x05, 0x83, 0x02, 0x05, 0x04, 0x12,
 0x20, 0x16, 0x22, 0x00, 0x0c, 0x42, 0x0b, 0x01,
 0x00, 0x00, 0x01, 0x00, 0x02, 0x00, 0x02, 0x00,
 0x11, 0x01, 0x10, 0x00, 0x01, 0x00, 0x90, 0x04,
 0x12, 0x18, 0xf6, 0x03, 0x03, 0x18, 0x08, 0xcf,
 0xcb, 0x64, 0x00, 0x00, 0x46, 0x64, 0x01, 0x00,
 0x40, 0x86, 0x01, 0x00, 0x00, 0xad, 0x28, 0xae,
 0x05, 0x87, 0x02, 0x05, 0x04, 0x12, 0x20, 0x16,
 0x22, 0x00, 0x0c, 0x42, 0x0b, 0x01, 0x00, 0x00,
 0x01, 0x00, 0x02, 0x00, 0x02, 0x00, 0x11, 0x01,
 0x10, 0x00, 0x01, 0x00, 0x90, 0x04, 0x12, 0x18,
 0xf6, 0x03, 0x03, 0x18, 0x08, 0xcf, 0xcb, 0x64,
 0x00, 0x00, 0x46, 0x64, 0x01, 0x00, 0x40, 0x87,
 0x01, 0x00, 0x00, 0xad, 0x28, 0xae, 0x05, 0x8b,
 0x02, 0x05, 0x04, 0x12, 0x20, 0x16, 0x22, 0x00,
 0x0c, 0x42, 0x0b, 0x01, 0x00, 0x00, 0x01, 0x00,
 0x02, 0x00, 0x02, 0x00, 0x11, 0x01, 0x10, 0x00,
 0x01, 0x00, 0x90, 0x04, 0x12, 0x18, 0xf6, 0x03,
 0x03, 0x18, 0x08, 0xcf, 0xcb, 0x64, 0x00, 0x00,
 0x46, 0x64, 0x01, 0x00, 0x40, 0x88, 0x01, 0x00,
 0x00, 0xad, 0x28, 0xae, 0x05, 0x8f, 0x02, 0x05,
 0x04, 0x12, 0x20, 0x16, 0x22, 0x00, 0x0c, 0x42,
 0x0b, 0x01, 0x00, 0x00, 0x01, 0x00, 0x02, 0x00,
 0x02, 0x00, 0x11, 0x01, 0x10, 0x00, 0x01, 0x00,
 0x90, 0x04, 0x12, 0x18, 0xf6, 0x03, 0x03, 0x18,
 0x08, 0xcf, 0xcb, 0x64, 0x00, 0x00, 0x46, 0x64,
 0x01, 0x00, 0x40, 0x89, 0x01, 0x00, 0x00, 0xad,
 0x28, 0xae, 0x05, 0x93, 0x02, 0x05, 0x04, 0x12,
 0x20, 0x16, 0x22, 0x00, 0x0c, 0x42, 0x0b, 0x01,
 0x00, 0x00, 0x01, 0x00, 0x02, 0x00, 0x02, 0x00,
 0x11, 0x01, 0x10, 0x00, 0x01, 0x00, 0x90, 0x04,
 0x12, 0x18, 0xf6, 0x03, 0x03, 0x18, 0x08, 0xcf,
 0xcb, 0x64, 0x00, 0x00, 0x46, 0x64, 0x01, 0x00,
 0x40, 0x8a, 0x01, 0x00, 0x00, 0xad, 0x28, 0xae,
 0x05, 0x97, 0x02, 0x05, 0x04, 0x12, 0x20, 0x16,
 0x22, 0x00, 0x0c, 0x42, 0x0b, 0x01, 0x00, 0x00,
 0x01, 0x00, 0x02, 0x00, 0x02, 0x00, 0x11, 0x01,
 0x10, 0x00, 0x01, 0x00, 0x90, 0x04, 0x12, 0x18,
 0xf6, 0x03, 0x03, 0x18, 0x08, 0xcf, 0xcb, 0x64,
 0x00, 0x00, 0x46, 0x64, 0x01, 0x00, 0x40, 0x8b,
 0x01, 0x00, 0x00, 0xad, 0x28, 0xae, 0x05, 0x9b,
 0x02, 0x05, 0x04, 0x12, 0x20, 0x16, 0x22, 0x00,
 0x0c, 0x41, 0x0a, 0x01, 0x94, 0x04, 0x03, 0x03,
 0x02, 0x05, 0x00, 0x03, 0x00, 0x2a, 0x06, 0xb2,
 0x05, 0x00, 0x01, 0x00, 0xea, 0x01, 0x00, 0x01,
 0x00, 0xf4, 0x05, 0x00, 0x01, 0x00, 0xb2, 0x05,
 0x01, 0xff, 0xff, 0xff, 0xff, 0x0f, 0x20, 0xea,
 0x01, 0x01, 0x01, 0x20, 0xf4, 0x05, 0x01, 0x02,
 0x20, 0xf4, 0x03, 0x02, 0x18, 0xfc, 0x03, 0x06,
 0x00, 0x82, 0x04, 0x09, 0x00, 0x60, 0x02, 0x00,
 0x60, 0x01, 0x00, 0x60, 0x00, 0x00, 0xd7, 0xcf,
 0xd8, 0xd0, 0xd9, 0x11, 0xf8, 0xf0, 0x06, 0x0e,
 0xc3, 0xb6, 0x01, 0xe1, 0xd1, 0x64, 0x00, 0x00,
 0x41, 0x2d, 0x01, 0x00, 0x00, 0xe4, 0xd7, 0xf5,
 0xe5, 0xd8, 0xf5, 0xd9, 0x25, 0x03, 0x00, 0xae,
 0x05, 0xa2, 0x02, 0x01, 0x0c, 0x7b, 0x16, 0x2a,
 0x1a, 0x07, 0x10, 0x0c, 0x0e, 0x07, 0x1c, 0x0c,
 0x10, 0x00, 0x0c, 0x43, 0x0a, 0x01, 0x96, 0x04,
 0x01, 0x00, 0x01, 0x04, 0x00, 0x02, 0x00, 0x0f,
 0x01, 0xe0, 0x05, 0x00, 0x01, 0x00, 0xf4, 0x03,
 0x02, 0x18, 0x84, 0x04, 0x0a, 0x00, 0x64, 0x00,
 0x00, 0x41, 0x2e, 0x01, 0x00, 0x00, 0xe4, 0xd7,
 0xf5, 0x24, 0x01, 0x00, 0x29, 0xae, 0x05, 0xa6,
 0x02, 0x01, 0x06, 0x03, 0x08, 0x2a, 0x1c, 0x07,
 0x0c, 0x00, 0x0c, 0x43, 0x0a, 0x01, 0x98, 0x04,
 0x05, 0x00, 0x05, 0x07, 0x00, 0x03, 0x00, 0x66,
 0x05, 0xe0, 0x05, 0x00, 0x01, 0x00, 0x98, 0x06,
 0x00, 0x01, 0x00, 0x9a, 0x06, 0x00, 0x01, 0x00,
 0x66, 0x00, 0x01, 0x00, 0x9c, 0x06, 0x00, 0x01,
 0x00, 0xf4, 0x03, 0x02, 0x18, 0x84, 0x04, 0x0a,
 0x00, 0x9c, 0x04, 0x1a, 0x00, 0xd9, 0x96, 0x04,
 0x4d, 0x00, 0x00, 0x00, 0xad, 0xf0, 0x24, 0xd9,
 0x07, 0xae, 0xf0, 0x1f, 0xf2, 0x19, 0x11, 0x70,
 0x11, 0x40, 0x8d, 0x01, 0x00, 0x00, 0xdd, 0x11,
 0xef, 0xde, 0x11, 0x40, 0x8e, 0x01, 0x00, 0x00,
 0x5b, 0x04, 0x00, 0x0e, 0xf2, 0x04, 0xd9, 0xf2,
 0xe6, 0x0e, 0xd9, 0x11, 0xaf, 0xf0, 0x03, 0x0e,
 0xba, 0xdd, 0xda, 0x11, 0xaf, 0xf0, 0x0a, 0x0e,
 0xd8, 0x40, 0x8f, 0x01, 0x00, 0x00, 0xd9, 0x9d,
 0xde, 0x5a, 0x04, 0x00, 0x11, 0xaf, 0xf0, 0x03,
 0x0e, 0xb9, 0x5b, 0x04, 0x00, 0x64, 0x00, 0x00,
 0x41, 0x2f, 0x01, 0x00, 0x00, 0xe4, 0xd7, 0xf5,
 0xe5, 0xd8, 0xf5, 0xd9, 0xda, 0x5a, 0x04, 0x00,
 0x25, 0x05, 0x00, 0xae, 0x05, 0xaa, 0x02, 0x01,
 0x26, 0x04, 0x1e, 0x07, 0x16, 0x2f, 0x18, 0x07,
 0x16, 0x17, 0x51, 0x84, 0x40, 0x19, 0x35, 0x2b,
 0x00, 0x20, 0x14, 0x20, 0x28, 0x12, 0x37, 0x40,
 0x07, 0x2a, 0x1a, 0x07, 0x0c, 0x0c, 0x0a, 0x07,
 0x1a, 0x0c, 0x12, 0x07, 0x10, 0x07, 0x10, 0x00,
 0x0c, 0x43, 0x0a, 0x01, 0x9a, 0x04, 0x05, 0x05,
 0x05, 0x08, 0x00, 0x04, 0x00, 0x92, 0x01, 0x0a,
 0xe0, 0x05, 0x00, 0x01, 0x00, 0xa0, 0x06, 0x00,
 0x01, 0x00, 0xa2, 0x06, 0x00, 0x01, 0x00, 0xa4,
 0x06, 0x00, 0x01, 0x00, 0x9c, 0x06, 0x00, 0x01,
 0x00, 0xd4, 0x05, 0x03, 0x05, 0x30, 0xa6, 0x06,
 0x03, 0x01, 0x30, 0xa6, 0x06, 0x01, 0x00, 0x30,
 0x9a, 0x06, 0x01, 0x03, 0x30, 0x66, 0x01, 0x04,
 0x30, 0x84, 0x04, 0x0a, 0x00, 0xf0, 0x03, 0x00,
 0x18, 0xf4, 0x03, 0x02, 0x18, 0x9c, 0x04, 0x1a,
 0x00, 0x60, 0x04, 0x00, 0x60, 0x03, 0x00, 0x60,
 0x02, 0x00, 0xe3, 0xd7, 0xf5, 0x0e, 0xd8, 0x96,
 0x04, 0x4c, 0x00, 0x00, 0x00, 0xad, 0xf0, 0x3e,
 0x60, 0x01, 0x00, 0x60, 0x00, 0x00, 0xda, 0x11,
 0xaf, 0xf0, 0x07, 0x0e, 0x04, 0x66, 0x01, 0x00,
 0x00, 0xcf, 0x64, 0x01, 0x00, 0x41, 0x83, 0x00,
 0x00, 0x00, 0xd8, 0x61, 0x00, 0x00, 0x24, 0x02,
 0x00, 0xd0, 0x64, 0x02, 0x00, 0x41, 0x30, 0x01,
 0x00, 0x00, 0xd7, 0x61, 0x01, 0x00, 0xba, 0x61,
 0x01, 0x00, 0xef, 0xd9, 0x11, 0xaf, 0xf0, 0x03,
 0x0e, 0xb9, 0x25, 0x05, 0x00, 0xe6, 0xd8, 0xf5,
 0xd1, 0xd9, 0x11, 0xaf, 0xf0, 0x03, 0x0e, 0xba,
 0xd2, 0xda, 0x11, 0xaf, 0xf0, 0x0e, 0x0e, 0x61,
 0x02, 0x00, 0x40, 0x8f, 0x01, 0x00, 0x00, 0x61,
 0x03, 0x00, 0x9d, 0xc8, 0x04, 0x64, 0x02, 0x00,
 0x41, 0x30, 0x01, 0x00, 0x00, 0xd7, 0x61, 0x02,
 0x00, 0x61, 0x03, 0x00, 0x61, 0x04, 0x00, 0x5a,
 0x04, 0x00, 0x11, 0xaf, 0xf0, 0x03, 0x0e, 0xb9,
 0x25, 0x05, 0x00, 0xae, 0x05, 0xb7, 0x02, 0x01,
 0x34, 0x30, 0x08, 0x07, 0x0c, 0x00, 0x03, 0x0a,
 0x0a, 0x07, 0x12, 0x4e, 0x02, 0x3f, 0x05, 0x2a,
 0x18, 0x07, 0x0c, 0x27, 0x31, 0x2a, 0x1c, 0x07,
 0x08, 0x16, 0x14, 0x16, 0x1c, 0x37, 0x4d, 0x07,
 0x1a, 0x12, 0x17, 0x2b, 0x00, 0x20, 0x28, 0x2a,
 0x26, 0x22, 0x5d, 0x2a, 0x1c, 0x07, 0x08, 0x11,
 0x0e, 0x11, 0x10, 0x11, 0x10, 0x00, 0x0c, 0x43,
 0x0a, 0x01, 0x9c, 0x04, 0x01, 0x00, 0x01, 0x05,
 0x00, 0x01, 0x00, 0x59, 0x01, 0x88, 0x01, 0x00,
 0x01, 0x00, 0xf8, 0x03, 0x04, 0x00, 0xd7, 0x38,
 0xb1, 0x00, 0x00, 0x00, 0xa9, 0xf0, 0x03, 0xd7,
 0x28, 0x38, 0xad, 0x00, 0x00, 0x00, 0x41, 0x94,
 0x01, 0x00, 0x00, 0xd7, 0x24, 0x01, 0x00, 0xf0,
 0x1d, 0x38, 0xb1, 0x00, 0x00, 0x00, 0x11, 0xd7,
 0x40, 0x8c, 0x01, 0x00, 0x00, 0xd7, 0x40, 0x95,
 0x01, 0x00, 0x00, 0xd7, 0x40, 0x8f, 0x01, 0x00,
 0x00, 0x21, 0x03, 0x00, 0x28, 0xd7, 0x38, 0xad,
 0x00, 0x00, 0x00, 0xa9, 0xf0, 0x0c, 0x38, 0xb1,
 0x00, 0x00, 0x00, 0x11, 0xd7, 0x21, 0x01, 0x00,
 0x28, 0xe3, 0x04, 0x8c, 0x01, 0x00, 0x00, 0x04,
 0x96, 0x01, 0x00, 0x00, 0xd7, 0xf7, 0x30, 0xae,
 0x05, 0xcb, 0x02, 0x01, 0x1e, 0x03, 0x10, 0x07,
 0x22, 0x2b, 0x13, 0x0f, 0x0d, 0x34, 0x26, 0x21,
 0x0f, 0x20, 0x16, 0x20, 0x1c, 0x20, 0x24, 0x37,
 0x6b, 0x07, 0x22, 0x2b, 0x0b, 0x20, 0x16, 0x1e,
 0x27, 0x39, 0x70, 0x00, 0x0c, 0x43, 0x0a, 0x01,
 0x9e, 0x04, 0x01, 0x00, 0x01, 0x04, 0x00, 0x02,
 0x00, 0x10, 0x01, 0xe0, 0x05, 0x00, 0x01, 0x00,
 0xf4, 0x03, 0x02, 0x18, 0x84, 0x04, 0x0a, 0x00,
 0x64, 0x00, 0x00, 0x41, 0x3f, 0x01, 0x00, 0x00,
 0xe4, 0xd7, 0xf5, 0x09, 0x24, 0x02, 0x00, 0x29,
 0xae, 0x05, 0xdb, 0x02, 0x01, 0x06, 0x03, 0x08,
 0x2a, 0x1c, 0x07, 0x0c, 0x00, 0x0c, 0x43, 0x0a,
 0x01, 0xa0, 0x04, 0x01, 0x00, 0x01, 0x04, 0x00,
 0x02, 0x00, 0x10, 0x01, 0xe0, 0x05, 0x00, 0x01,
 0x00, 0xf4, 0x03, 0x02, 0x18, 0x84, 0x04, 0x0a,
 0x00, 0x64, 0x00, 0x00, 0x41, 0x3f, 0x01, 0x00,
 0x00, 0xe4, 0xd7, 0xf5, 0x0a, 0x24, 0x02, 0x00,
 0x29, 0xae, 0x05, 0xdf, 0x02, 0x01, 0x06, 0x03,
 0x08, 0x2a, 0x1c, 0x07, 0x0c, 0x00, 0x0c, 0x41,
 0x0a, 0x01, 0xa2, 0x04, 0x02, 0x02, 0x01, 0x04,
 0x00, 0x02, 0x00, 0x21, 0x04, 0xe0, 0x05, 0x00,
 0x01, 0x00, 0xae, 0x06, 0x00, 0x01, 0x00, 0xe0,
 0x05, 0x01, 0xff, 0xff, 0xff, 0xff, 0x0f, 0x20,
 0xae, 0x06, 0x01, 0x01, 0x20, 0xf4, 0x03, 0x02,
 0x18, 0x84, 0x04, 0x0a, 0x00, 0x60, 0x01, 0x00,
 0x60, 0x00, 0x00, 0xd7, 0xcf, 0xd8, 0x11, 0xf8,
 0xf0, 0x04, 0x0e, 0xba, 0xe0, 0xd0, 0x64, 0x00,
 0x00, 0x41, 0x41, 0x01, 0x00, 0x00, 0xe4, 0xd7,
 0xf5, 0xd8, 0x24, 0x02, 0x00, 0x29, 0xae, 0x05,
 0xe3, 0x02, 0x01, 0x08, 0x58, 0x08, 0x2a, 0x24,
 0x07, 0x0c, 0x0c, 0x0a, 0x00, 0x0c, 0x43, 0x0a,
 0x01, 0xa4, 0x04, 0x02, 0x00, 0x02, 0x04, 0x00,
 0x02, 0x00, 0x0e, 0x02, 0xb2, 0x05, 0x00, 0x01,
 0x00, 0xd0, 0x05, 0x00, 0x01, 0x00, 0xa8, 0x04,
 0x20, 0x00, 0xf4, 0x03, 0x02, 0x18, 0xe3, 0x64,
 0x01, 0x00, 0x40, 0x32, 0x01, 0x00, 0x00, 0xd7,
 0xd8, 0x23, 0x03, 0x00, 0xae, 0x05, 0xe9, 0x02,
 0x01, 0x08, 0x03, 0x16, 0x07, 0x12, 0x2a, 0x1c,
 0x07, 0x0c, 0x00, 0x0c, 0x43, 0x0a, 0x01, 0xa6,
 0x04, 0x02, 0x00, 0x02, 0x04, 0x00, 0x02, 0x00,
 0x0e, 0x02, 0xb2, 0x05, 0x00, 0x01, 0x00, 0xd0,
 0x05, 0x00, 0x01, 0x00, 0xa8, 0x04, 0x20, 0x00,
 0xf4, 0x03, 0x02, 0x18, 0xe3, 0x64, 0x01, 0x00,
 0x40, 0x33, 0x01, 0x00, 0x00, 0xd7, 0xd8, 0x23,
 0x03, 0x00, 0xae, 0x05, 0xed, 0x02, 0x01, 0x08,
 0x03, 0x16, 0x07, 0x12, 0x2a, 0x1e, 0x07, 0x0c,
 0x00, 0x0c, 0x43, 0x0a, 0x01, 0xa8, 0x04, 0x03,
 0x02, 0x03, 0x06, 0x00, 0x03, 0x00, 0x66, 0x05,
 0xb0, 0x06, 0x00, 0x01, 0x00, 0xb2, 0x05, 0x00,
 0x01, 0x00, 0xd0, 0x05, 0x00, 0x01, 0x00, 0xb2,
 0x06, 0x01, 0x00, 0x30, 0xa2, 0x05, 0x03, 0x01,
 0x03, 0xfe, 0x03, 0x07, 0x00, 0x8e, 0x04, 0x11,
 0x10, 0xfc, 0x03, 0x06, 0x00, 0x60, 0x00, 0x00,
 0x06, 0x11, 0xf8, 0xf1, 0x11, 0x70, 0x41, 0x99,
 0x01, 0x00, 0x00, 0x11, 0xf8, 0xf0, 0x03, 0x0e,
 0x0a, 0xcf, 0x0e, 0xf2, 0x08, 0x0e, 0xe3, 0xd9,
 0x0b, 0xf6, 0xf2, 0xea, 0x6b, 0x12, 0x00, 0x00,
 0x00, 0x64, 0x01, 0x00, 0x11, 0xd7, 0xe5, 0xd8,
 0xf5, 0xf5, 0x21, 0x01, 0x00, 0x6e, 0x28, 0xd0,
 0x6b, 0x31, 0x00, 0x00, 0x00, 0x61, 0x00, 0x00,
 0x95, 0xf0, 0x26, 0xcc, 0x40, 0x56, 0x01, 0x00,
 0x00, 0x04, 0x9a, 0x01, 0x00, 0x00, 0xad, 0x11,
 0xf1, 0x0e, 0x0e, 0xcc, 0x40, 0x56, 0x01, 0x00,
 0x00, 0x04, 0x9b, 0x01, 0x00, 0x00, 0xad, 0xf0,
 0x08, 0x38, 0x49, 0x00, 0x00, 0x00, 0x6e, 0x28,
 0xcc, 0x30, 0x30, 0xae, 0x05, 0xf1, 0x02, 0x01,
 0x1c, 0x80, 0x4c, 0x07, 0x16, 0x37, 0x3b, 0x16,
 0x0c, 0x07, 0x06, 0x07, 0x10, 0x00, 0x0e, 0x08,
 0x2d, 0x20, 0x26, 0x20, 0x1a, 0x34, 0x18, 0x20,
 0x1a, 0x2b, 0x65, 0x28, 0x09, 0x00, 0x0c, 0x43,
 0x0a, 0x01, 0xaa, 0x04, 0x01, 0x00, 0x01, 0x06,
 0x00, 0x03, 0x00, 0x16, 0x01, 0xe0, 0x05, 0x00,
 0x01, 0x00, 0x8e, 0x04, 0x11, 0x10, 0xf4, 0x03,
 0x02, 0x18, 0x84, 0x04, 0x0a, 0x00, 0x64, 0x00,
 0x00, 0x11, 0x64, 0x01, 0x00, 0x41, 0x34, 0x01,
 0x00, 0x00, 0xe5, 0xd7, 0xf5, 0x24, 0x01, 0x00,
 0x21, 0x01, 0x00, 0x28, 0xae, 0x05, 0x81, 0x03,
 0x01, 0x08, 0x03, 0x1e, 0x16, 0x0c, 0x2a, 0x1c,
 0x07, 0x0c, 0x00, 0x0c, 0x43, 0x0a, 0x01, 0xae,
 0x04, 0x02, 0x07, 0x02, 0x07, 0x00, 0x03, 0x00,
 0x83, 0x02, 0x09, 0xe0, 0x05, 0x00, 0x01, 0x00,
 0x64, 0x00, 0x01, 0x00, 0xb8, 0x06, 0x03, 0x05,
 0x30, 0xde, 0x04, 0x03, 0x01, 0x20, 0xba, 0x06,
 0x04, 0x02, 0x30, 0xbc, 0x06, 0x01, 0x00, 0x30,
 0xbe, 0x06, 0x01, 0x04, 0x20, 0xb8, 0x06, 0x08,
 0x05, 0x30, 0xba, 0x06, 0x08, 0x06, 0x30, 0xf0,
 0x03, 0x00, 0x18, 0xf4, 0x03, 0x02, 0x18, 0xac,
 0x04, 0x22, 0x18, 0x60, 0x04, 0x00, 0x60, 0x03,
 0x00, 0xd8, 0xba, 0xa7, 0xf0, 0x69, 0x60, 0x01,
 0x00, 0x60, 0x00, 0x00, 0x64, 0x00, 0x00, 0x41,
 0xa0, 0x01, 0x00, 0x00, 0xd8, 0x24, 0x01, 0x00,
 0xcf, 0xba, 0xd0, 0x61, 0x01, 0x00, 0xd8, 0xa5,
 0xf0, 0x32, 0x60, 0x02, 0x00, 0x64, 0x01, 0x00,
 0x41, 0x2f, 0x01, 0x00, 0x00, 0xd7, 0x61, 0x00,
 0x00, 0x61, 0x01, 0x00, 0xd8, 0x61, 0x01, 0x00,
 0x9d, 0xb9, 0x24, 0x05, 0x00, 0xd1, 0x61, 0x02,
 0x00, 0xba, 0xad, 0xf1, 0x0f, 0x61, 0x01, 0x00,
 0x61, 0x02, 0x00, 0x9c, 0x11, 0x62, 0x01, 0x00,
 0x0e, 0xf2, 0xc9, 0x61, 0x01, 0x00, 0xd8, 0xad,
 0xf0, 0x05, 0x61, 0x00, 0x00, 0x28, 0x61, 0x00,
 0x00, 0x41, 0xa1, 0x01, 0x00, 0x00, 0xba, 0x61,
 0x01, 0x00, 0x24, 0x02, 0x00, 0x28, 0x26, 0x00,
 0x00, 0xd2, 0xba, 0xc8, 0x04, 0x60, 0x06, 0x00,
 0x60, 0x05, 0x00, 0x64, 0x00, 0x00, 0x41, 0xa0,
 0x01, 0x00, 0x00, 0x64, 0x02, 0x00, 0x24, 0x01,
 0x00, 0xc8, 0x05, 0x64, 0x01, 0x00, 0x41, 0x2f,
 0x01, 0x00, 0x00, 0xd7, 0x61, 0x05, 0x00, 0xba,
 0x64, 0x02, 0x00, 0xb9, 0x24, 0x05, 0x00, 0xc8,
 0x06, 0x61, 0x06, 0x00, 0xba, 0xad, 0xf1, 0x38,
 0x61, 0x03, 0x00, 0x41, 0xa2, 0x01, 0x00, 0x00,
 0x61, 0x06, 0x00, 0x64, 0x02, 0x00, 0xad, 0xf0,
 0x06, 0x61, 0x05, 0x00, 0xf2, 0x10, 0x61, 0x05,
 0x00, 0x41, 0xa1, 0x01, 0x00, 0x00, 0xba, 0x61,
 0x06, 0x00, 0x24, 0x02, 0x00, 0x24, 0x01, 0x00,
 0x0e, 0x61, 0x04, 0x00, 0x61, 0x06, 0x00, 0x9c,
 0x11, 0x62, 0x04, 0x00, 0x0e, 0xf2, 0x97, 0x61,
 0x03, 0x00, 0xef, 0xbb, 0xad, 0xf0, 0x07, 0x61,
 0x03, 0x00, 0xba, 0x46, 0x28, 0x64, 0x00, 0x00,
 0x41, 0x64, 0x00, 0x00, 0x00, 0x61, 0x03, 0x00,
 0x61, 0x04, 0x00, 0x25, 0x02, 0x00, 0xae, 0x05,
 0x8c, 0x03, 0x01, 0x60, 0x21, 0x10, 0x07, 0x0e,
 0x35, 0x0a, 0x2a, 0x26, 0x28, 0x2f, 0x11, 0x0e,
 0x26, 0x00, 0x2a, 0x1a, 0x07, 0x08, 0x11, 0x0a,
 0x11, 0x0c, 0x07, 0x0e, 0x31, 0x51, 0x11, 0x0c,
 0x00, 0x04, 0x08, 0x13, 0x11, 0x10, 0x3c, 0x09,
 0x11, 0x12, 0x16, 0x0e, 0x16, 0x0c, 0x2a, 0x08,
 0x07, 0x12, 0x00, 0x14, 0x0e, 0x3b, 0x2a, 0x26,
 0x2b, 0x29, 0x2a, 0x1a, 0x07, 0x08, 0x16, 0x10,
 0x31, 0x3d, 0x11, 0x0c, 0x00, 0x04, 0x08, 0x13,
 0x2a, 0x18, 0x11, 0x0c, 0x20, 0x10, 0x1b, 0x0c,
 0x2a, 0x08, 0x07, 0x12, 0x35, 0x59, 0x11, 0x12,
 0x3c, 0x11, 0x16, 0x24, 0x17, 0x15, 0x23, 0x07,
 0x2a, 0x1c, 0x11, 0x10, 0x00, 0x0c, 0x43, 0x0a,
 0x01, 0xb0, 0x04, 0x02, 0x07, 0x02, 0x05, 0x00,
 0x05, 0x00, 0xde, 0x01, 0x09, 0xb2, 0x05, 0x00,
 0x01, 0x00, 0xd0, 0x05, 0x00, 0x01, 0x00, 0xd4,
 0x05, 0x01, 0x00, 0x30, 0xc6, 0x06, 0x01, 0x01,
 0x30, 0xc8, 0x06, 0x01, 0x02, 0x30, 0xe0, 0x05,
 0x01, 0x03, 0x30, 0xca, 0x06, 0x02, 0x04, 0x30,
 0x64, 0x02, 0x05, 0x30, 0xa0, 0x06, 0x02, 0x06,
 0x30, 0xfe, 0x03, 0x07, 0x00, 0x94, 0x04, 0x16,
 0x00, 0xf4, 0x03, 0x02, 0x18, 0xf6, 0x03, 0x03,
 0x18, 0xae, 0x04, 0x23, 0x00, 0x60, 0x03, 0x00,
 0x60, 0x02, 0x00, 0x60, 0x01, 0x00, 0x60, 0x00,
 0x00, 0x06, 0x11, 0xf8, 0xf1, 0x11, 0x70, 0x41,
 0x6a, 0x01, 0x00, 0x00, 0xcf, 0x41, 0xa3, 0x01,
 0x00, 0x00, 0xd0, 0x0e, 0xf2, 0x18, 0x0e, 0xe3,
 0xd8, 0x0b, 0x07, 0x4b, 0x6a, 0x01, 0x00, 0x00,
 0x04, 0xa6, 0x01, 0x00, 0x00, 0x4b, 0xa3, 0x01,
 0x00, 0x00, 0xf6, 0xf2, 0xda, 0xd7, 0x96, 0x04,
 0x4a, 0x00, 0x00, 0x00, 0xad, 0xd1, 0x61, 0x02,
 0x00, 0xf0, 0x04, 0xd7, 0xf2, 0x07, 0xe4, 0xd7,
 0x61, 0x01, 0x00, 0xf6, 0xd2, 0x6b, 0x71, 0x00,
 0x00, 0x00, 0x60, 0x06, 0x00, 0x60, 0x05, 0x00,
 0x60, 0x04, 0x00, 0x64, 0x02, 0x00, 0x41, 0x34,
 0x01, 0x00, 0x00, 0x61, 0x03, 0x00, 0x24, 0x01,
 0x00, 0xc8, 0x04, 0x61, 0x04, 0x00, 0x40, 0x7a,
 0x01, 0x00, 0x00, 0x64, 0x03, 0x00, 0x40, 0x7b,
 0x01, 0x00, 0x00, 0xa1, 0x64, 0x03, 0x00, 0x40,
 0x7d, 0x01, 0x00, 0x00, 0xad, 0xf0, 0x0b, 0x61,
 0x04, 0x00, 0x40, 0x32, 0x00, 0x00, 0x00, 0xf2,
 0x02, 0xba, 0xc8, 0x05, 0x5d, 0x04, 0x00, 0x61,
 0x03, 0x00, 0x61, 0x05, 0x00, 0xf6, 0xc8, 0x06,
 0x61, 0x00, 0x00, 0xf0, 0x11, 0x61, 0x06, 0x00,
 0x41, 0x3b, 0x00, 0x00, 0x00, 0x61, 0x00, 0x00,
 0x24, 0x01, 0x00, 0xf2, 0x04, 0x61, 0x06, 0x00,
 0x6e, 0x6c, 0x0b, 0x00, 0x00, 0x00, 0x28, 0x6c,
 0x05, 0x00, 0x00, 0x00, 0x30, 0x61, 0x02, 0x00,
 0x95, 0xf0, 0x10, 0x64, 0x02, 0x00, 0x41, 0x2e,
 0x01, 0x00, 0x00, 0x61, 0x03, 0x00, 0x24, 0x01,
 0x00, 0x0e, 0x6d, 0xae, 0x05, 0xb4, 0x03, 0x01,
 0x32, 0xad, 0x3e, 0x07, 0x16, 0x6e, 0x23, 0x07,
 0x12, 0x2b, 0x23, 0x1b, 0x0e, 0x11, 0x0e, 0x07,
 0x12, 0x07, 0x0c, 0x64, 0x2b, 0x2a, 0x1c, 0x2b,
 0x1b, 0x2a, 0x1a, 0x2f, 0x2c, 0x39, 0x28, 0x44,
 0x6f, 0x11, 0x10, 0x11, 0x08, 0x22, 0x23, 0x1b,
 0x16, 0x2a, 0x1c, 0x2a, 0x18, 0x54, 0x4d, 0x21,
 0x01, 0x2a, 0x1c, 0x00, 0x0c, 0x43, 0x0a, 0x01,
 0xb2, 0x04, 0x03, 0x08, 0x03, 0x08, 0x00, 0x05,
 0x00, 0x8f, 0x02, 0x0b, 0xb2, 0x05, 0x00, 0x01,
 0x00, 0xa0, 0x06, 0x00, 0x01, 0x00, 0xd0, 0x05,
 0x00, 0x01, 0x00, 0xd4, 0x05, 0x01, 0x00, 0x30,
 0xf4, 0x05, 0x01, 0x01, 0x30, 0xc6, 0x06, 0x01,
 0x02, 0x30, 0xa6, 0x06, 0x01, 0x03, 0x30, 0xc8,
 0x06, 0x01, 0x04, 0x30, 0xe0, 0x05, 0x01, 0x05,
 0x30, 0xce, 0x06, 0x02, 0x06, 0x20, 0xba, 0x06,
 0x03, 0x07, 0x30, 0xfe, 0x03, 0x07, 0x00, 0xf0,
 0x03, 0x00, 0x18, 0x9c, 0x04, 0x1a, 0x00, 0x94,
 0x04, 0x16, 0x00, 0xf4, 0x03, 0x02, 0x18, 0x60,
 0x05, 0x00, 0x60, 0x04, 0x00, 0x60, 0x03, 0x00,
 0x60, 0x02, 0x00, 0x60, 0x01, 0x00, 0x60, 0x00,
 0x00, 0x06, 0x11, 0xf8, 0xf1, 0x17, 0x70, 0x41,
 0x6a, 0x01, 0x00, 0x00, 0xcf, 0x41, 0x7a, 0x01,
 0x00, 0x00, 0xd0, 0x41, 0xa3, 0x01, 0x00, 0x00,
 0xd1, 0x0e, 0xf2, 0x24, 0x0e, 0xe3, 0xd9, 0x0b,
 0x04, 0x66, 0x01, 0x00, 0x00, 0x4b, 0x6a, 0x01,
 0x00, 0x00, 0xc3, 0xb6, 0x01, 0x4b, 0x7a, 0x01,
 0x00, 0x00, 0x04, 0xa8, 0x01, 0x00, 0x00, 0x4b,
 0xa3, 0x01, 0x00, 0x00, 0xf6, 0xf2, 0xc8, 0xd8,
 0x96, 0x04, 0x4c, 0x00, 0x00, 0x00, 0xad, 0xf0,
 0x1b, 0x64, 0x01, 0x00, 0x41, 0x83, 0x00, 0x00,
 0x00, 0xd8, 0x61, 0x00, 0x00, 0x11, 0xf1, 0x07,
 0x0e, 0x04, 0x66, 0x01, 0x00, 0x00, 0x24, 0x02,
 0x00, 0xf2, 0x04, 0xe5, 0xd8, 0xf5, 0xd2, 0xd7,
 0x96, 0x04, 0x4a, 0x00, 0x00, 0x00, 0xad, 0xc8,
 0x04, 0x61, 0x04, 0x00, 0xf0, 0x04, 0xd7, 0xf2,
 0x0a, 0xe6, 0xd7, 0x61, 0x02, 0x00, 0x61, 0x01,
 0x00, 0xf7, 0xc8, 0x05, 0x6b, 0x5c, 0x00, 0x00,
 0x00, 0x60, 0x06, 0x00, 0xba, 0xc8, 0x06, 0x61,
 0x06, 0x00, 0x61, 0x03, 0x00, 0x40, 0x8f, 0x01,
 0x00, 0x00, 0xa5, 0xf0, 0x3c, 0x60, 0x07, 0x00,
 0x64, 0x04, 0x00, 0x41, 0x30, 0x01, 0x00, 0x00,
 0x61, 0x05, 0x00, 0x61, 0x03, 0x00, 0x61, 0x06,
 0x00, 0x61, 0x03, 0x00, 0x40, 0x8f, 0x01, 0x00,
 0x00, 0x61, 0x06, 0x00, 0x9d, 0xb9, 0x24, 0x05,
 0x00, 0xc8, 0x07, 0x61, 0x07, 0x00, 0xba, 0xad,
 0xf1, 0x0f, 0x61, 0x06, 0x00, 0x61, 0x07, 0x00,
 0x9c, 0x11, 0x62, 0x06, 0x00, 0x0e, 0xf2, 0xb8,
 0x0e, 0x06, 0x6c, 0x0c, 0x00, 0x00, 0x00, 0x0e,
 0x29, 0x6c, 0x05, 0x00, 0x00, 0x00, 0x30, 0x61,
 0x04, 0x00, 0x95, 0xf0, 0x10, 0x64, 0x04, 0x00,
 0x41, 0x2e, 0x01, 0x00, 0x00, 0x61, 0x05, 0x00,
 0x24, 0x01, 0x00, 0x0e, 0x6d, 0x29, 0xae, 0x05,
 0xc8, 0x03, 0x01, 0x47, 0xe9, 0x4a, 0x07, 0x16,
 0x00, 0x21, 0x0c, 0x2d, 0x07, 0x12, 0x2f, 0x16,
 0x2a, 0x18, 0x07, 0x0c, 0x57, 0x2c, 0x07, 0x1a,
 0x13, 0x93, 0x01, 0x07, 0x12, 0x30, 0x23, 0x1b,
 0x0e, 0x11, 0x0e, 0x07, 0x12, 0x07, 0x0c, 0x11,
 0x0c, 0x00, 0x11, 0x0a, 0x45, 0x11, 0x14, 0x49,
 0x05, 0x2a, 0x1c, 0x11, 0x08, 0x11, 0x0e, 0x11,
 0x12, 0x2a, 0x26, 0x36, 0x75, 0x11, 0x0c, 0x00,
 0x04, 0x08, 0x13, 0x11, 0x16, 0x87, 0x13, 0x21,
 0x01, 0x2a, 0x1c, 0x00, 0x0c, 0x43, 0x0a, 0x01,
 0xb4, 0x04, 0x03, 0x00, 0x03, 0x07, 0x00, 0x02,
 0x00, 0x26, 0x03, 0xb2, 0x05, 0x00, 0x01, 0x00,
 0xa0, 0x06, 0x00, 0x01, 0x00, 0xd0, 0x05, 0x00,
 0x01, 0x00, 0xb2, 0x04, 0x25, 0x00, 0xfe, 0x03,
 0x07, 0x00, 0xe3, 0xd7, 0xd8, 0xe4, 0xd9, 0x0b,
 0x04, 0x66, 0x01, 0x00, 0x00, 0x4b, 0x6a, 0x01,
 0x00, 0x00, 0xc3, 0xb6, 0x01, 0x4b, 0x7a, 0x01,
 0x00, 0x00, 0x04, 0xa9, 0x01, 0x00, 0x00, 0x4b,
 0xa3, 0x01, 0x00, 0x00, 0xf6, 0x23, 0x03, 0x00,
 0xae, 0x05, 0xe7, 0x03, 0x01, 0x0a, 0x03, 0x16,
 0x07, 0x1c, 0x07, 0x0c, 0x07, 0x0c, 0x07, 0x16,
 0x00, 0x0c, 0x43, 0x0a, 0x01, 0xb6, 0x04, 0x02,
 0x04, 0x02, 0x04, 0x01, 0x05, 0x02, 0x7c, 0x06,
 0xb2, 0x05, 0x00, 0x01, 0x00, 0xd0, 0x05, 0x00,
 0x01, 0x00, 0xd4, 0x05, 0x01, 0x00, 0x30, 0xd4,
 0x06, 0x01, 0x01, 0x30, 0xd6, 0x06, 0x01, 0x02,
 0x70, 0x00, 0xd8, 0x06, 0x01, 0x03, 0x30, 0x92,
 0x04, 0x15, 0x10, 0xf0, 0x03, 0x00, 0x18, 0xfe,
 0x03, 0x07, 0x00, 0xfc, 0x03, 0x06, 0x00, 0xf4,
 0x03, 0x02, 0x18, 0x0c, 0x42, 0x0a, 0x01, 0x00,
 0x01, 0x00, 0x01, 0x05, 0x00, 0x02, 0x00, 0x17,
 0x01, 0xda, 0x06, 0x00, 0x01, 0x00, 0x92, 0x04,
 0x00, 0x12, 0xd6, 0x06, 0x02, 0x18, 0x64, 0x00,
 0x00, 0x11, 0xd7, 0x40, 0x3a, 0x00, 0x00, 0x00,
 0xd7, 0x40, 0x79, 0x01, 0x00, 0x00, 0x64, 0x01,
 0x00, 0x21, 0x03, 0x00, 0x28, 0xae, 0x05, 0xf7,
 0x03, 0x1c, 0x08, 0x02, 0x12, 0x16, 0x0e, 0x20,
 0x10, 0x20, 0x10, 0x00, 0x0c, 0x42, 0x0a, 0x01,
 0x00, 0x01, 0x00, 0x01, 0x04, 0x00, 0x01, 0x00,
 0x11, 0x01, 0x74, 0x00, 0x01, 0x00, 0xf0, 0x03,
 0x01, 0x1a, 0x64, 0x00, 0x00, 0x41, 0x83, 0x00,
 0x00, 0x00, 0xd7, 0x04, 0x66, 0x01, 0x00, 0x00,
 0x25, 0x02, 0x00, 0xae, 0x05, 0xfb, 0x03, 0x1c,
 0x04, 0x02, 0x10, 0x2a, 0x18, 0x00, 0x60, 0x03,
 0x00, 0x60, 0x02, 0x00, 0x60, 0x01, 0x00, 0x60,
 0x00, 0x00, 0x06, 0x11, 0xf8, 0xf1, 0x11, 0x70,
 0x41, 0x6a, 0x01, 0x00, 0x00, 0xcf, 0x41, 0xaa,
 0x01, 0x00, 0x00, 0xd0, 0x0e, 0xf2, 0x18, 0x0e,
 0xe5, 0xd8, 0x0b, 0x04, 0x66, 0x01, 0x00, 0x00,
 0x4b, 0x6a, 0x01, 0x00, 0x00, 0x09, 0x4b, 0xaa,
 0x01, 0x00, 0x00, 0xf6, 0xf2, 0xda, 0xe6, 0xd7,
 0xf5, 0xd1, 0x64, 0x04, 0x00, 0x41, 0x35, 0x01,
 0x00, 0x00, 0x61, 0x02, 0x00, 0x61, 0x01, 0x00,
 0x24, 0x02, 0x00, 0xd2, 0x61, 0x01, 0x00, 0xf0,
 0x0e, 0x61, 0x03, 0x00, 0x41, 0xae, 0x01, 0x00,
 0x00, 0xc5, 0x00, 0x25, 0x01, 0x00, 0x61, 0x00,
 0x00, 0x04, 0x8c, 0x01, 0x00, 0x00, 0xad, 0xf0,
 0x0e, 0x61, 0x03, 0x00, 0x41, 0xae, 0x01, 0x00,
 0x00, 0xc5, 0x01, 0x25, 0x01, 0x00, 0x61, 0x03,
 0x00, 0x28, 0xae, 0x05, 0xed, 0x03, 0x01, 0x20,
 0xad, 0x50, 0x07, 0x16, 0x00, 0x15, 0x0a, 0x45,
 0x07, 0x10, 0x12, 0x07, 0x2a, 0x20, 0x11, 0x0a,
 0x27, 0x41, 0x1c, 0x0e, 0x2a, 0x18, 0x1e, 0x25,
 0x11, 0x1a, 0x2b, 0x0b, 0x2a, 0x18, 0x1e, 0x1f,
 0x00, 0x0c, 0x43, 0x0a, 0x01, 0xb8, 0x04, 0x02,
 0x0a, 0x02, 0x05, 0x00, 0x05, 0x00, 0xcd, 0x02,
 0x0c, 0xb2, 0x05, 0x00, 0x01, 0x00, 0xd0, 0x05,
 0x00, 0x01, 0x00, 0xde, 0x06, 0x01, 0x00, 0x30,
 0xe0, 0x06, 0x01, 0x01, 0x30, 0xf4, 0x05, 0x01,
 0x02, 0x30, 0xd6, 0x06, 0x01, 0x03, 0x30, 0xe2,
 0x06, 0x01, 0x04, 0x30, 0xe4, 0x06, 0x01, 0x05,
 0x20, 0xe6, 0x06, 0x05, 0x08, 0x30, 0xe8, 0x06,
 0x01, 0x06, 0x20, 0xea, 0x06, 0x0a, 0x08, 0x20,
 0xa2, 0x05, 0x0d, 0x09, 0x03, 0xfe, 0x03, 0x07,
 0x00, 0xfc, 0x03, 0x06, 0x00, 0xf4, 0x03, 0x02,
 0x18, 0xf2, 0x03, 0x01, 0x18, 0xf6, 0x03, 0x03,
 0x18, 0x60, 0x07, 0x00, 0x60, 0x05, 0x00, 0x60,
 0x04, 0x00, 0x60, 0x03, 0x00, 0x60, 0x02, 0x00,
 0x60, 0x01, 0x00, 0x60, 0x00, 0x00, 0xd8, 0x96,
 0x04, 0x4a, 0x00, 0x00, 0x00, 0xad, 0xf0, 0x0a,
 0x0b, 0xd8, 0x4b, 0x7a, 0x01, 0x00, 0x00, 0xf2,
 0x05, 0xe3, 0xd8, 0x0b, 0xf6, 0xcf, 0x06, 0x11,
 0xf8, 0xf1, 0x1f, 0x70, 0x41, 0xb0, 0x01, 0x00,
 0x00, 0x11, 0xf8, 0xf0, 0x03, 0x0e, 0x09, 0xd0,
 0x41, 0x7a, 0x01, 0x00, 0x00, 0x11, 0xf8, 0xf0,
 0x05, 0x0e, 0xc3, 0xff, 0x01, 0xd1, 0x0e, 0xf2,
 0x07, 0x0e, 0x61, 0x00, 0x00, 0xf2, 0xdd, 0xe4,
 0xd7, 0xf5, 0xd2, 0x61, 0x01, 0x00, 0x95, 0xf0,
 0x19, 0x64, 0x02, 0x00, 0x41, 0x46, 0x01, 0x00,
 0x00, 0x61, 0x03, 0x00, 0x61, 0x02, 0x00, 0x24,
 0x02, 0x00, 0x0e, 0x38, 0x49, 0x00, 0x00, 0x00,
 0x28, 0x26, 0x00, 0x00, 0xc8, 0x04, 0x64, 0x03,
 0x00, 0x41, 0x8a, 0x00, 0x00, 0x00, 0x61, 0x03,
 0x00, 0x24, 0x01, 0x00, 0xc8, 0x05, 0x60, 0x06,
 0x00, 0x64, 0x02, 0x00, 0x41, 0x44, 0x01, 0x00,
 0x00, 0x61, 0x05, 0x00, 0x64, 0x04, 0x00, 0x40,
 0xb6, 0x01, 0x00, 0x00, 0x09, 0x24, 0x03, 0x00,
 0xf1, 0x33, 0x61, 0x04, 0x00, 0x41, 0xa2, 0x01,
 0x00, 0x00, 0x61, 0x05, 0x00, 0x24, 0x01, 0x00,
 0x0e, 0x64, 0x03, 0x00, 0x41, 0xb7, 0x01, 0x00,
 0x00, 0x61, 0x05, 0x00, 0x24, 0x01, 0x00, 0xc8,
 0x06, 0x61, 0x06, 0x00, 0x61, 0x05, 0x00, 0xad,
 0xf1, 0x0b, 0x61, 0x06, 0x00, 0x11, 0x62, 0x05,
 0x00, 0x0e, 0xf2, 0xb3, 0x06, 0xc8, 0x07, 0x60,
 0x08, 0x00, 0x61, 0x04, 0x00, 0xef, 0xbb, 0x9d,
 0xc8, 0x08, 0x61, 0x08, 0x00, 0xba, 0xa8, 0xf0,
 0x5a, 0x6b, 0x31, 0x00, 0x00, 0x00, 0x64, 0x02,
 0x00, 0x41, 0x46, 0x01, 0x00, 0x00, 0x61, 0x04,
 0x00, 0x61, 0x08, 0x00, 0x46, 0x61, 0x02, 0x00,
 0x24, 0x02, 0x00, 0x0e, 0x61, 0x07, 0x00, 0x11,
 0xaf, 0xf0, 0x09, 0x0e, 0x61, 0x04, 0x00, 0x61,
 0x08, 0x00, 0x46, 0x11, 0x62, 0x07, 0x00, 0x0e,
 0x0e, 0xf2, 0x1e, 0xc8, 0x09, 0x6b, 0x19, 0x00,
 0x00, 0x00, 0xc7, 0x09, 0x40, 0x56, 0x01, 0x00,
 0x00, 0x04, 0xb8, 0x01, 0x00, 0x00, 0xae, 0xf0,
 0x04, 0xc7, 0x09, 0x30, 0x0e, 0xf2, 0x02, 0x30,
 0x61, 0x08, 0x00, 0x8f, 0x62, 0x08, 0x00, 0x0e,
 0xf2, 0xa1, 0x61, 0x07, 0x00, 0x28, 0xae, 0x05,
 0x81, 0x04, 0x01, 0x60, 0x6c, 0x30, 0x07, 0x18,
 0x34, 0x26, 0x2a, 0x18, 0x07, 0x16, 0xcb, 0x3b,
 0x1c, 0x3f, 0x07, 0x10, 0x13, 0x1d, 0x21, 0x01,
 0x2a, 0x1c, 0x11, 0x0a, 0x27, 0x17, 0x00, 0x0b,
 0x0c, 0x06, 0x2a, 0x26, 0x3c, 0x31, 0x2a, 0x1e,
 0x11, 0x12, 0x00, 0x0e, 0x08, 0x37, 0x2a, 0x1a,
 0x27, 0x04, 0x2a, 0x26, 0x2c, 0x3b, 0x11, 0x16,
 0x00, 0x06, 0x08, 0x09, 0x00, 0x10, 0x0a, 0x01,
 0x16, 0x22, 0x16, 0x06, 0x11, 0x0a, 0x31, 0x3b,
 0x2a, 0x1c, 0x11, 0x10, 0x16, 0x08, 0x26, 0x23,
 0x2a, 0x12, 0x11, 0x10, 0x00, 0x13, 0x08, 0x29,
 0x25, 0x1a, 0x2b, 0x0d, 0x00, 0x07, 0x0f, 0x2e,
 0x00, 0x0a, 0x1a, 0x43, 0x00, 0x0c, 0x43, 0x0a,
 0x01, 0xba, 0x04, 0x02, 0x01, 0x02, 0x05, 0x00,
 0x02, 0x00, 0x51, 0x03, 0xb2, 0x05, 0x00, 0x01,
 0x00, 0xd0, 0x05, 0x00, 0x01, 0x00, 0xa2, 0x05,
 0x03, 0x00, 0x30, 0xf4, 0x03, 0x02, 0x18, 0xfc,
 0x03, 0x06, 0x00, 0xd8, 0xf0, 0x40, 0xd8, 0x40,
 0xb0, 0x01, 0x00, 0x00, 0x38, 0x49, 0x00, 0x00,
 0x00, 0xae, 0xf0, 0x32, 0x60, 0x00, 0x00, 0x38,
 0xda, 0x00, 0x00, 0x00, 0x11, 0x04, 0xb9, 0x01,
 0x00, 0x00, 0x41, 0x64, 0x00, 0x00, 0x00, 0xd8,
 0x40, 0xb0, 0x01, 0x00, 0x00, 0x24, 0x01, 0x00,
 0x21, 0x01, 0x00, 0xcf, 0x61, 0x00, 0x00, 0x04,
 0x6e, 0x01, 0x00, 0x00, 0x42, 0x56, 0x01, 0x00,
 0x00, 0x61, 0x00, 0x00, 0x30, 0x64, 0x00, 0x00,
 0x41, 0x47, 0x01, 0x00, 0x00, 0xe4, 0xd7, 0xf5,
 0x24, 0x01, 0x00, 0x29, 0xae, 0x05, 0xb3, 0x04,
 0x01, 0x17, 0x00, 0x00, 0x0a, 0x10, 0x11, 0x16,
 0x20, 0x2c, 0x3a, 0x21, 0x53, 0x72, 0x46, 0x91,
 0x01, 0x45, 0x0c, 0x19, 0x13, 0x2a, 0x1c, 0x07,
 0x10, 0x00, 0x0c, 0x43, 0x0a, 0x01, 0xbc, 0x04,
 0x02, 0x06, 0x02, 0x08, 0x00, 0x07, 0x00, 0xa2,
 0x02, 0x08, 0xb2, 0x05, 0x00, 0x01, 0x00, 0xd0,
 0x05, 0x00, 0x01, 0x00, 0xe0, 0x06, 0x01, 0x00,
 0x30, 0xf4, 0x06, 0x01, 0x01, 0x30, 0xbc, 0x01,
 0x01, 0x02, 0x30, 0xca, 0x06, 0x01, 0x03, 0x20,
 0xa2, 0x05, 0x03, 0x04, 0x03, 0x74, 0x0c, 0x04,
 0x30, 0xfe, 0x03, 0x07, 0x00, 0xfc, 0x03, 0x06,
 0x00, 0xf4, 0x03, 0x02, 0x18, 0xf6, 0x03, 0x03,
 0x18, 0xfa, 0x03, 0x05, 0x00, 0xbc, 0x04, 0x2a,
 0x00, 0xf2, 0x03, 0x01, 0x18, 0x60, 0x03, 0x00,
 0x60, 0x02, 0x00, 0x60, 0x01, 0x00, 0x60, 0x00,
 0x00, 0x06, 0x11, 0xf8, 0xf1, 0x1d, 0x70, 0x41,
 0xb0, 0x01, 0x00, 0x00, 0x11, 0xf8, 0xf0, 0x03,
 0x0e, 0x09, 0xcf, 0x41, 0xba, 0x01, 0x00, 0x00,
 0x11, 0xf8, 0xf0, 0x03, 0x0e, 0x09, 0xd0, 0x0e,
 0xf2, 0x08, 0x0e, 0xe3, 0xd8, 0x0b, 0xf6, 0xf2,
 0xde, 0xe4, 0xd7, 0xf5, 0xd1, 0x06, 0xd2, 0x6b,
 0x1a, 0x00, 0x00, 0x00, 0x64, 0x02, 0x00, 0x41,
 0x33, 0x01, 0x00, 0x00, 0x61, 0x02, 0x00, 0x24,
 0x01, 0x00, 0x11, 0x62, 0x03, 0x00, 0x0e, 0x0e,
 0xf2, 0x27, 0xc8, 0x04, 0x6b, 0x22, 0x00, 0x00,
 0x00, 0x61, 0x01, 0x00, 0xf0, 0x17, 0xc7, 0x04,
 0x40, 0x56, 0x01, 0x00, 0x00, 0x04, 0x9a, 0x01,
 0x00, 0x00, 0xad, 0xf0, 0x08, 0x38, 0x49, 0x00,
 0x00, 0x00, 0x6e, 0x28, 0xc7, 0x04, 0x30, 0x30,
 0x61, 0x03, 0x00, 0x40, 0x7a, 0x01, 0x00, 0x00,
 0x64, 0x03, 0x00, 0x40, 0x7b, 0x01, 0x00, 0x00,
 0xa1, 0x64, 0x03, 0x00, 0x40, 0x7e, 0x01, 0x00,
 0x00, 0xad, 0xf0, 0x77, 0x61, 0x00, 0x00, 0x95,
 0xf0, 0x1a, 0x5d, 0x04, 0x00, 0x04, 0xbb, 0x01,
 0x00, 0x00, 0x04, 0xbc, 0x01, 0x00, 0x00, 0x04,
 0x48, 0x01, 0x00, 0x00, 0x61, 0x02, 0x00, 0x22,
 0x04, 0x00, 0x30, 0x60, 0x05, 0x00, 0x64, 0x02,
 0x00, 0x41, 0x35, 0x01, 0x00, 0x00, 0x61, 0x02,
 0x00, 0x09, 0x24, 0x02, 0x00, 0x7e, 0xf2, 0x28,
 0xc8, 0x05, 0x5d, 0x05, 0x00, 0x64, 0x06, 0x00,
 0x41, 0x63, 0x00, 0x00, 0x00, 0x61, 0x02, 0x00,
 0x61, 0x05, 0x00, 0x24, 0x02, 0x00, 0x0b, 0x0a,
 0x4b, 0xb0, 0x01, 0x00, 0x00, 0x61, 0x01, 0x00,
 0x4b, 0xba, 0x01, 0x00, 0x00, 0xf6, 0x0e, 0x81,
 0x00, 0xf0, 0xd6, 0x0e, 0x83, 0x64, 0x02, 0x00,
 0x41, 0x47, 0x01, 0x00, 0x00, 0x61, 0x02, 0x00,
 0x24, 0x01, 0x00, 0x0e, 0x38, 0x49, 0x00, 0x00,
 0x00, 0x28, 0x64, 0x02, 0x00, 0x41, 0x36, 0x01,
 0x00, 0x00, 0x61, 0x02, 0x00, 0x24, 0x01, 0x00,
 0x0e, 0x38, 0x49, 0x00, 0x00, 0x00, 0x28, 0xae,
 0x05, 0xc5, 0x04, 0x01, 0x40, 0xe9, 0x62, 0x07,
 0x16, 0x1c, 0x51, 0x07, 0x10, 0x00, 0x0a, 0x0a,
 0x15, 0x2a, 0x1c, 0x6d, 0x23, 0x1b, 0x12, 0x25,
 0x1a, 0x2b, 0x1d, 0x28, 0x09, 0x19, 0x09, 0x2a,
 0x1a, 0x2f, 0x2c, 0x3a, 0x3d, 0x21, 0x0a, 0x5c,
 0x70, 0x37, 0x5d, 0x2a, 0x20, 0x3f, 0x3d, 0x11,
 0x0e, 0x2a, 0x20, 0x11, 0x10, 0x8d, 0x45, 0x00,
 0x01, 0x08, 0x00, 0x2a, 0x1c, 0x27, 0x0d, 0x23,
 0x15, 0x2a, 0x1e, 0x27, 0x0f, 0x00, 0x0c, 0x43,
 0x0a, 0x01, 0xbe, 0x04, 0x02, 0x02, 0x02, 0x06,
 0x00, 0x03, 0x00, 0x64, 0x04, 0xfa, 0x06, 0x00,
 0x01, 0x00, 0xd0, 0x05, 0x00, 0x01, 0x00, 0xd4,
 0x05, 0x01, 0x00, 0x30, 0xfc, 0x06, 0x01, 0x01,
 0x30, 0xfe, 0x03, 0x07, 0x00, 0xf4, 0x03, 0x02,
 0x18, 0xf0, 0x03, 0x00, 0x18, 0x60, 0x01, 0x00,
 0x60, 0x00, 0x00, 0x06, 0x11, 0xf8, 0xf1, 0x0b,
 0x70, 0x41, 0x6a, 0x01, 0x00, 0x00, 0xcf, 0x0e,
 0xf2, 0x12, 0x0e, 0xe3, 0xd8, 0x0b, 0x04, 0x66,
 0x01, 0x00, 0x00, 0x4b, 0x6a, 0x01, 0x00, 0x00,
 0xf6, 0xf2, 0xe6, 0x64, 0x01, 0x00, 0x41, 0x3d,
 0x01, 0x00, 0x00, 0xc6, 0x41, 0x64, 0x00, 0x00,
 0x00, 0xd7, 0x04, 0xbf, 0x01, 0x00, 0x00, 0x24,
 0x02, 0x00, 0x24, 0x01, 0x00, 0xd0, 0x61, 0x00,
 0x00, 0x04, 0x8c, 0x01, 0x00, 0x00, 0xad, 0xf0,
 0x15, 0x64, 0x02, 0x00, 0x41, 0x83, 0x00, 0x00,
 0x00, 0x61, 0x01, 0x00, 0x04, 0x66, 0x01, 0x00,
 0x00, 0x24, 0x02, 0x00, 0x28, 0x61, 0x01, 0x00,
 0x28, 0xae, 0x05, 0xe8, 0x04, 0x01, 0x14, 0x71,
 0x32, 0x07, 0x16, 0x4e, 0x21, 0x2a, 0x10, 0x20,
 0x16, 0x45, 0x35, 0x11, 0x1a, 0x2a, 0x16, 0x2a,
 0x18, 0x3e, 0x24, 0x00, 0x0c, 0x43, 0x0a, 0x01,
 0xc0, 0x04, 0x01, 0x00, 0x01, 0x04, 0x00, 0x02,
 0x00, 0x0f, 0x01, 0xb2, 0x05, 0x00, 0x01, 0x00,
 0xf4, 0x03, 0x02, 0x18, 0xfc, 0x03, 0x06, 0x00,
 0x64, 0x00, 0x00, 0x41, 0x36, 0x01, 0x00, 0x00,
 0xe4, 0xd7, 0xf5, 0x24, 0x01, 0x00, 0x29, 0xae,
 0x05, 0xf1, 0x04, 0x01, 0x06, 0x03, 0x08, 0x2a,
 0x1e, 0x07, 0x10, 0x00, 0x0c, 0x43, 0x0a, 0x01,
 0xc2, 0x04, 0x02, 0x00, 0x02, 0x06, 0x00, 0x02,
 0x00, 0x1d, 0x02, 0x86, 0x02, 0x00, 0x01, 0x00,
 0x80, 0x07, 0x00, 0x01, 0x00, 0xf4, 0x03, 0x02,
 0x18, 0xfc, 0x03, 0x06, 0x00, 0x64, 0x00, 0x00,
 0x41, 0x37, 0x01, 0x00, 0x00, 0xe4, 0xd7, 0x04,
 0xc1, 0x01, 0x00, 0x00, 0xf6, 0xe4, 0xd8, 0x04,
 0xc2, 0x01, 0x00, 0x00, 0xf6, 0xba, 0x24, 0x03,
 0x00, 0x29, 0xae, 0x05, 0xf5, 0x04, 0x01, 0x0a,
 0x03, 0x08, 0x2a, 0x1e, 0x07, 0x10, 0x25, 0x24,
 0x07, 0x10, 0x00, 0x0c, 0x43, 0x0a, 0x01, 0xc4,
 0x04, 0x02, 0x00, 0x02, 0x06, 0x00, 0x02, 0x00,
 0x1d, 0x02, 0x86, 0x02, 0x00, 0x01, 0x00, 0x80,
 0x07, 0x00, 0x01, 0x00, 0xf4, 0x03, 0x02, 0x18,
 0xfc, 0x03, 0x06, 0x00, 0x64, 0x00, 0x00, 0x41,
 0x38, 0x01, 0x00, 0x00, 0xe4, 0xd7, 0x04, 0xc3,
 0x01, 0x00, 0x00, 0xf6, 0xe4, 0xd8, 0x04, 0xc2,
 0x01, 0x00, 0x00, 0xf6, 0xba, 0x24, 0x03, 0x00,
 0x29, 0xae, 0x05, 0xf9, 0x04, 0x01, 0x0a, 0x03,
 0x08, 0x2a, 0x1a, 0x07, 0x10, 0x25, 0x2e, 0x07,
 0x10, 0x00, 0x0c, 0x43, 0x0a, 0x01, 0xc6, 0x04,
 0x02, 0x00, 0x02, 0x05, 0x00, 0x02, 0x00, 0x18,
 0x02, 0xbc, 0x01, 0x00, 0x01, 0x00, 0xb2, 0x05,
 0x00, 0x01, 0x00, 0xf4, 0x03, 0x02, 0x18, 0xfc,
 0x03, 0x06, 0x00, 0x64, 0x00, 0x00, 0x41, 0x39,
 0x01, 0x00, 0x00, 0xe4, 0xd7, 0x04, 0x5e, 0x00,
 0x00, 0x00, 0xf6, 0xe4, 0xd8, 0xf5, 0xba, 0x24,
 0x03, 0x00, 0x29, 0xae, 0x05, 0xfd, 0x04, 0x01,
 0x0a, 0x04, 0x08, 0x2a, 0x20, 0x07, 0x10, 0x25,
 0x26, 0x07, 0x10, 0x00, 0x0c, 0x43, 0x0a, 0x01,
 0xc8, 0x04, 0x02, 0x02, 0x02, 0x04, 0x00, 0x04,
 0x00, 0x58, 0x04, 0xb2, 0x05, 0x00, 0x01, 0x00,
 0xd0, 0x05, 0x00, 0x01, 0x00, 0xd4, 0x05, 0x01,
 0x00, 0x30, 0xfc, 0x06, 0x01, 0x01, 0x30, 0xfe,
 0x03, 0x07, 0x00, 0xf4, 0x03, 0x02, 0x18, 0xfc,
 0x03, 0x06, 0x00, 0xf0, 0x03, 0x00, 0x18, 0x60,
 0x01, 0x00, 0x60, 0x00, 0x00, 0x06, 0x11, 0xf8,
 0xf1, 0x0b, 0x70, 0x41, 0x6a, 0x01, 0x00, 0x00,
 0xcf, 0x0e, 0xf2, 0x12, 0x0e, 0xe3, 0xd8, 0x0b,
 0x04, 0x66, 0x01, 0x00, 0x00, 0x4b, 0x6a, 0x01,
 0x00, 0x00, 0xf6, 0xf2, 0xe6, 0x64, 0x01, 0x00,
 0x41, 0x3b, 0x01, 0x00, 0x00, 0xe5, 0xd7, 0xf5,
 0x24, 0x01, 0x00, 0xd0, 0x61, 0x00, 0x00, 0x04,
 0x8c, 0x01, 0x00, 0x00, 0xad, 0xf0, 0x15, 0x64,
 0x03, 0x00, 0x41, 0x83, 0x00, 0x00, 0x00, 0x61,
 0x01, 0x00, 0x04, 0x66, 0x01, 0x00, 0x00, 0x24,
 0x02, 0x00, 0x28, 0x61, 0x01, 0x00, 0x28, 0xae,
 0x05, 0x82, 0x05, 0x01, 0x14, 0x71, 0x32, 0x07,
 0x16, 0x4e, 0x21, 0x2a, 0x22, 0x07, 0x10, 0x22,
 0x41, 0x11, 0x1a, 0x2a, 0x16, 0x2a, 0x18, 0x3e,
 0x24, 0x00, 0x0c, 0x43, 0x0a, 0x01, 0xca, 0x04,
 0x02, 0x02, 0x02, 0x04, 0x00, 0x04, 0x00, 0x56,
 0x04, 0xb2, 0x05, 0x00, 0x01, 0x00, 0xd0, 0x05,
 0x00, 0x01, 0x00, 0xd4, 0x05, 0x01, 0x00, 0x30,
 0xfc, 0x06, 0x01, 0x01, 0x30, 0xfe, 0x03, 0x07,
 0x00, 0xee, 0x03, 0x05, 0x01, 0xfc, 0x03, 0x06,
 0x00, 0xf0, 0x03, 0x00, 0x18, 0x60, 0x01, 0x00,
 0x60, 0x00, 0x00, 0x06, 0x11, 0xf8, 0xf1, 0x0b,
 0x70, 0x41, 0x6a, 0x01, 0x00, 0x00, 0xcf, 0x0e,
 0xf2, 0x12, 0x0e, 0xe3, 0xd8, 0x0b, 0x04, 0x66,
 0x01, 0x00, 0x00, 0x4b, 0x6a, 0x01, 0x00, 0x00,
 0xf6, 0xf2, 0xe6, 0xe4, 0x41, 0x25, 0x01, 0x00,
 0x00, 0xe5, 0xd7, 0xf5, 0x24, 0x01, 0x00, 0xd0,
 0x61, 0x00, 0x00, 0x04, 0x8c, 0x01, 0x00, 0x00,
 0xad, 0xf0, 0x15, 0x64, 0x03, 0x00, 0x41, 0x83,
 0x00, 0x00, 0x00, 0x61, 0x01, 0x00, 0x04, 0x66,
 0x01, 0x00, 0x00, 0x24, 0x02, 0x00, 0x28, 0x61,
 0x01, 0x00, 0x28, 0xae, 0x05, 0x89, 0x05, 0x01,
 0x14, 0x71, 0x32, 0x07, 0x16, 0x4e, 0x21, 0x20,
 0x2c, 0x07, 0x10, 0x22, 0x4b, 0x11, 0x1a, 0x2a,
 0x16, 0x2a, 0x18, 0x3e, 0x24, 0x00, 0x0c, 0x41,
 0x0a, 0x01, 0xcc, 0x04, 0x03, 0x03, 0x02, 0x06,
 0x00, 0x02, 0x00, 0x33, 0x06, 0x86, 0x02, 0x00,
 0x01, 0x00, 0x80, 0x07, 0x00, 0x01, 0x00, 0xf4,
 0x05, 0x00, 0x01, 0x00, 0x86, 0x02, 0x01, 0xff,
 0xff, 0xff, 0xff, 0x0f, 0x20, 0x80, 0x07, 0x01,
 0x01, 0x20, 0xf4, 0x05, 0x01, 0x02, 0x20, 0xf4,
 0x03, 0x02, 0x18, 0xfc, 0x03, 0x06, 0x00, 0x60,
 0x02, 0x00, 0x60, 0x01, 0x00, 0x60, 0x00, 0x00,
 0xd7, 0xcf, 0xd8, 0xd0, 0xd9, 0x11, 0xf8, 0xf0,
 0x04, 0x0e, 0xba, 0xe1, 0xd1, 0x64, 0x00, 0x00,
 0x41, 0xc4, 0x01, 0x00, 0x00, 0xe4, 0xd7, 0x04,
 0xc5, 0x01, 0x00, 0x00, 0xf6, 0xe4, 0xd8, 0x04,
 0xc6, 0x01, 0x00, 0x00, 0xf6, 0xd9, 0x24, 0x03,
 0x00, 0x29, 0xae, 0x05, 0x92, 0x05, 0x01, 0x0c,
 0x71, 0x08, 0x2a, 0x22, 0x07, 0x10, 0x25, 0x1c,
 0x07, 0x10, 0x25, 0x1a, 0x00, 0x0c, 0x43, 0x0a,
 0x01, 0xce, 0x04, 0x01, 0x00, 0x01, 0x06, 0x00,
 0x03, 0x00, 0x28, 0x01, 0xb2, 0x05, 0x00, 0x01,
 0x00, 0xf4, 0x03, 0x02, 0x18, 0xfc, 0x03, 0x06,
 0x00, 0xf6, 0x03, 0x03, 0x18, 0x6b, 0x1d, 0x00,
 0x00, 0x00, 0x64, 0x00, 0x00, 0x41, 0x44, 0x01,
 0x00, 0x00, 0xe4, 0xd7, 0xf5, 0x64, 0x02, 0x00,
 0x40, 0xb6, 0x01, 0x00, 0x00, 0x09, 0x24, 0x03,
 0x00, 0x6e, 0x28, 0x0e, 0x6b, 0x07, 0x00, 0x00,
 0x00, 0x09, 0x6e, 0x28, 0x30, 0xae, 0x05, 0x96,
 0x05, 0x01, 0x08, 0x1d, 0x1e, 0x2a, 0x1e, 0x07,
 0x10, 0x0c, 0x0e, 0x00, 0x0c, 0x41, 0x0a, 0x01,
 0xd0, 0x04, 0x02, 0x02, 0x01, 0x05, 0x00, 0x03,
 0x00, 0x29, 0x04, 0xb2, 0x05, 0x00, 0x01, 0x00,
 0xf4, 0x05, 0x00, 0x01, 0x00, 0xb2, 0x05, 0x01,
 0xff, 0xff, 0xff, 0xff, 0x0f, 0x20, 0xf4, 0x05,
 0x01, 0x01, 0x20, 0xf6, 0x03, 0x03, 0x18, 0xf4,
 0x03, 0x02, 0x18, 0xfc, 0x03, 0x06, 0x00, 0x60,
 0x01, 0x00, 0x60, 0x00, 0x00, 0xd7, 0xcf, 0xd8,
 0x11, 0xf8, 0xf0, 0x0b, 0x0e, 0x64, 0x00, 0x00,
 0x40, 0xb6, 0x01, 0x00, 0x00, 0xe0, 0xd0, 0x64,
 0x01, 0x00, 0x41, 0x44, 0x01, 0x00, 0x00, 0xe5,
 0xd7, 0xf5, 0xd8, 0x0a, 0x24, 0x03, 0x00, 0x29,
 0xae, 0x05, 0xa0, 0x05, 0x01, 0x0a, 0x48, 0x42,
 0x35, 0x39, 0x2a, 0x1e, 0x07, 0x10, 0x0c, 0x0e,
 0x00, 0x0c, 0x43, 0x0a, 0x01, 0xd2, 0x04, 0x02,
 0x00, 0x02, 0x04, 0x00, 0x02, 0x00, 0x10, 0x02,
 0xb2, 0x05, 0x00, 0x01, 0x00, 0xf4, 0x05, 0x00,
 0x01, 0x00, 0xf4, 0x03, 0x02, 0x18, 0xfc, 0x03,
 0x06, 0x00, 0x64, 0x00, 0x00, 0x41, 0x3e, 0x01,
 0x00, 0x00, 0xe4, 0xd7, 0xf5, 0xd8, 0x24, 0x02,
 0x00, 0x29, 0xae, 0x05, 0xa4, 0x05, 0x01, 0x08,
 0x03, 0x08, 0x2a, 0x1c, 0x07, 0x10, 0x0c, 0x0e,
 0x00, 0x0c, 0x41, 0x0a, 0x01, 0xd4, 0x04, 0x02,
 0x03, 0x01, 0x05, 0x00, 0x02, 0x00, 0x52, 0x05,
 0xb2, 0x05, 0x00, 0x01, 0x00, 0xae, 0x06, 0x00,
 0x01, 0x00, 0xb2, 0x05, 0x01, 0xff, 0xff, 0xff,
 0xff, 0x0f, 0x20, 0xae, 0x06, 0x01, 0x01, 0x20,
 0xe0, 0x05, 0x02, 0x00, 0x30, 0x94, 0x04, 0x16,
 0x00, 0xf4, 0x03, 0x02, 0x18, 0x60, 0x01, 0x00,
 0x60, 0x00, 0x00, 0xd7, 0xcf, 0xd8, 0x11, 0xf8,
 0xf0, 0x04, 0x0e, 0xba, 0xe0, 0xd0, 0x60, 0x02,
 0x00, 0xe3, 0xd7, 0x04, 0xc7, 0x01, 0x00, 0x00,
 0xf6, 0xd1, 0x6b, 0x1d, 0x00, 0x00, 0x00, 0x64,
 0x01, 0x00, 0x41, 0x41, 0x01, 0x00, 0x00, 0x61,
 0x02, 0x00, 0xd8, 0x24, 0x02, 0x00, 0x0e, 0x0e,
 0x06, 0x6c, 0x0c, 0x00, 0x00, 0x00, 0x0e, 0x29,
 0x6c, 0x05, 0x00, 0x00, 0x00, 0x30, 0x64, 0x01,
 0x00, 0x41, 0x2e, 0x01, 0x00, 0x00, 0x61, 0x02,
 0x00, 0x24, 0x01, 0x00, 0x0e, 0x6d, 0x29, 0xae,
 0x05, 0xa8, 0x05, 0x01, 0x0e, 0x67, 0x1e, 0x07,
 0x12, 0x46, 0x1f, 0x2a, 0x24, 0x11, 0x08, 0x68,
 0x2b, 0x2a, 0x1c, 0x00, 0x0c, 0x43, 0x0a, 0x01,
 0xd6, 0x04, 0x01, 0x00, 0x01, 0x04, 0x00, 0x01,
 0x00, 0x44, 0x01, 0x88, 0x01, 0x00, 0x01, 0x00,
 0xf8, 0x03, 0x04, 0x00, 0xd7, 0x96, 0x04, 0x4a,
 0x00, 0x00, 0x00, 0xad, 0xf0, 0x03, 0xd7, 0x28,
 0xd7, 0x38, 0xa8, 0x00, 0x00, 0x00, 0xa9, 0xf0,
 0x0f, 0xd7, 0x41, 0xc8, 0x01, 0x00, 0x00, 0x24,
 0x00, 0x00, 0xc3, 0xe8, 0x03, 0x9a, 0x28, 0xd7,
 0x96, 0x04, 0x4c, 0x00, 0x00, 0x00, 0xad, 0xf0,
 0x0a, 0x38, 0xa1, 0x00, 0x00, 0x00, 0xd7, 0x23,
 0x01, 0x00, 0xe3, 0x04, 0xc9, 0x01, 0x00, 0x00,
 0x04, 0xca, 0x01, 0x00, 0x00, 0xd7, 0xf7, 0x30,
 0xae, 0x05, 0xb2, 0x05, 0x01, 0x1c, 0x03, 0x1e,
 0x07, 0x14, 0x30, 0x13, 0x0f, 0x0d, 0x07, 0x22,
 0x2b, 0x13, 0x20, 0x0c, 0x11, 0x18, 0x1e, 0x23,
 0x07, 0x14, 0x30, 0x13, 0x1b, 0x0e, 0x19, 0x17,
 0x39, 0x5c, 0x00, 0x0c, 0x43, 0x0a, 0x01, 0xd8,
 0x04, 0x03, 0x00, 0x03, 0x06, 0x00, 0x03, 0x00,
 0x15, 0x03, 0xb2, 0x05, 0x00, 0x01, 0x00, 0x96,
 0x07, 0x00, 0x01, 0x00, 0x98, 0x07, 0x00, 0x01,
 0x00, 0xf4, 0x03, 0x02, 0x18, 0xfc, 0x03, 0x06,
 0x00, 0xd6, 0x04, 0x37, 0x00, 0x64, 0x00, 0x00,
 0x41, 0xcd, 0x01, 0x00, 0x00, 0xe4, 0xd7, 0xf5,
 0xe5, 0xd8, 0xf5, 0xe5, 0xd9, 0xf5, 0x24, 0x03,
 0x00, 0x29, 0xae, 0x05, 0xc2, 0x05, 0x01, 0x0e,
 0x03, 0x08, 0x2a, 0x1c, 0x07, 0x10, 0x0c, 0x0e,
 0x07, 0x16, 0x0c, 0x10, 0x07, 0x16, 0x00, 0x0c,
 0x43, 0x0a, 0x01, 0xda, 0x04, 0x04, 0x00, 0x04,
 0x08, 0x00, 0x05, 0x00, 0x36, 0x04, 0xb2, 0x05,
 0x00, 0x01, 0x00, 0xea, 0x01, 0x00, 0x01, 0x00,
 0xf4, 0x05, 0x00, 0x01, 0x00, 0xe2, 0x05, 0x00,
 0x01, 0x00, 0xf4, 0x03, 0x02, 0x18, 0xfc, 0x03,
 0x06, 0x00, 0x82, 0x04, 0x09, 0x00, 0x86, 0x04,
 0x0b, 0x00, 0x88, 0x04, 0x0c, 0x00, 0xd8, 0xfb,
 0xf0, 0x0f, 0xd8, 0xde, 0x04, 0xa6, 0x01, 0x00,
 0x00, 0xdc, 0xc3, 0xb6, 0x01, 0xdd, 0xf2, 0x0b,
 0xd9, 0xfb, 0xf0, 0x07, 0xd9, 0xde, 0xc3, 0xb6,
 0x01, 0xdd, 0x64, 0x00, 0x00, 0x41, 0x2d, 0x01,
 0x00, 0x00, 0xe4, 0xd7, 0xf5, 0xe5, 0xd8, 0xf5,
 0xd9, 0xe6, 0x5d, 0x04, 0x00, 0xda, 0xf5, 0xf5,
 0x24, 0x04, 0x00, 0x29, 0xae, 0x05, 0xcb, 0x05,
 0x01, 0x24, 0x03, 0x1e, 0x07, 0x14, 0x12, 0x0b,
 0x0d, 0x15, 0x21, 0x00, 0x21, 0x1c, 0x07, 0x12,
 0x12, 0x17, 0x0d, 0x15, 0x19, 0x07, 0x2a, 0x1a,
 0x07, 0x10, 0x0c, 0x0e, 0x07, 0x1c, 0x0c, 0x10,
 0x07, 0x0c, 0x07, 0x0c, 0x11, 0x18, 0x00, 0x0c,
 0x43, 0x0a, 0x01, 0xdc, 0x04, 0x02, 0x00, 0x02,
 0x06, 0x00, 0x04, 0x00, 0x14, 0x02, 0xe0, 0x05,
 0x00, 0x01, 0x00, 0xe2, 0x05, 0x00, 0x01, 0x00,
 0xf4, 0x03, 0x02, 0x18, 0x84, 0x04, 0x0a, 0x00,
 0x86, 0x04, 0x0b, 0x00, 0x88, 0x04, 0x0c, 0x00,
 0x64, 0x00, 0x00, 0x41, 0x2e, 0x01, 0x00, 0x00,
 0xe4, 0xd7, 0xf5, 0xe5, 0xe6, 0xd8, 0xf5, 0xf5,
 0x24, 0x02, 0x00, 0x29, 0xae, 0x05, 0xd8, 0x05,
 0x01, 0x0c, 0x03, 0x08, 0x2a, 0x1c, 0x07, 0x0c,
 0x0c, 0x0a, 0x07, 0x0c, 0x07, 0x18, 0x00, 0x0c,
 0x43, 0x0a, 0x01, 0xde, 0x04, 0x06, 0x00, 0x06,
 0x0a, 0x00, 0x06, 0x00, 0xb3, 0x01, 0x06, 0xe0,
 0x05, 0x00, 0x01, 0x00, 0x98, 0x06, 0x00, 0x01,
 0x00, 0x9a, 0x06, 0x00, 0x01, 0x00, 0x66, 0x00,
 0x01, 0x00, 0x9c, 0x06, 0x00, 0x01, 0x00, 0xe2,
 0x05, 0x00, 0x01, 0x00, 0xf0, 0x03, 0x00, 0x18,
 0x84, 0x04, 0x0a, 0x00, 0xf4, 0x03, 0x02, 0x18,
 0x9c, 0x04, 0x1a, 0x00, 0x86, 0x04, 0x0b, 0x00,
 0x88, 0x04, 0x0c, 0x00, 0xd8, 0xfb, 0xf0, 0x23,
 0xd8, 0x5b, 0x05, 0x00, 0x64, 0x00, 0x00, 0x41,
 0xce, 0x01, 0x00, 0x00, 0xc3, 0x00, 0x40, 0x24,
 0x01, 0x00, 0xdc, 0xba, 0xdd, 0xd8, 0x40, 0x8f,
 0x01, 0x00, 0x00, 0xde, 0x07, 0x5b, 0x04, 0x00,
 0xf2, 0x4b, 0xd9, 0x96, 0x04, 0x4d, 0x00, 0x00,
 0x00, 0xad, 0xf0, 0x41, 0xd9, 0x07, 0xae, 0xf0,
 0x3c, 0xda, 0x5b, 0x05, 0x00, 0xf2, 0x32, 0x11,
 0x70, 0x11, 0x40, 0x8d, 0x01, 0x00, 0x00, 0x11,
 0xf8, 0xf0, 0x03, 0x0e, 0xba, 0xdd, 0x11, 0xef,
 0x11, 0xf8, 0xf0, 0x0a, 0x0e, 0xd8, 0x40, 0x8f,
 0x01, 0x00, 0x00, 0xd9, 0x9d, 0xde, 0x11, 0x40,
 0x8e, 0x01, 0x00, 0x00, 0x11, 0xf8, 0xf0, 0x03,
 0x0e, 0x07, 0x5b, 0x04, 0x00, 0x0e, 0xf2, 0x04,
 0xd9, 0xf2, 0xcd, 0x0e, 0xe4, 0xd7, 0xf5, 0x0e,
 0x64, 0x02, 0x00, 0x41, 0x2f, 0x01, 0x00, 0x00,
 0xd7, 0xe6, 0xd8, 0xf5, 0xd9, 0x11, 0xaf, 0xf0,
 0x03, 0x0e, 0xba, 0xda, 0x11, 0xaf, 0xf0, 0x10,
 0x0e, 0xd8, 0x40, 0x8f, 0x01, 0x00, 0x00, 0xd9,
 0x11, 0xaf, 0xf0, 0x03, 0x0e, 0xba, 0x9d, 0x5a,
 0x04, 0x00, 0x11, 0xaf, 0xf0, 0x03, 0x0e, 0xb9,
 0x5d, 0x04, 0x00, 0x5d, 0x05, 0x00, 0x5a, 0x05,
 0x00, 0xf5, 0xf5, 0x24, 0x06, 0x00, 0x29, 0xae,
 0x05, 0xdc, 0x05, 0x01, 0x3f, 0x04, 0x1e, 0x07,
 0x16, 0x12, 0x0d, 0x17, 0x03, 0x2a, 0x0e, 0x26,
 0x1f, 0x0d, 0x12, 0x26, 0x11, 0x21, 0x1c, 0x07,
 0x16, 0x2f, 0x18, 0x07, 0x16, 0x17, 0x49, 0x17,
 0x15, 0x7a, 0x30, 0x20, 0x28, 0x6b, 0x38, 0x19,
 0x97, 0x01, 0x07, 0x0c, 0x13, 0x0b, 0x2b, 0x08,
 0x08, 0x00, 0x07, 0x1a, 0x0d, 0x19, 0x26, 0x00,
 0x20, 0x14, 0x20, 0x2a, 0x2b, 0x3d, 0x30, 0x00,
 0x11, 0x0c, 0x11, 0x18, 0x00, 0x0c, 0x43, 0x0a,
 0x01, 0xe0, 0x04, 0x06, 0x03, 0x06, 0x0a, 0x00,
 0x06, 0x00, 0xea, 0x01, 0x09, 0xe0, 0x05, 0x00,
 0x01, 0x00, 0xa0, 0x06, 0x00, 0x01, 0x00, 0xa2,
 0x06, 0x00, 0x01, 0x00, 0xa4, 0x06, 0x00, 0x01,
 0x00, 0x9c, 0x06, 0x00, 0x01, 0x00, 0xe2, 0x05,
 0x00, 0x01, 0x00, 0xa6, 0x06, 0x03, 0x03, 0x30,
 0xa6, 0x06, 0x01, 0x00, 0x30, 0x9a, 0x06, 0x01,
 0x02, 0x30, 0x84, 0x04, 0x0a, 0x00, 0xf0, 0x03,
 0x00, 0x18, 0xf4, 0x03, 0x02, 0x18, 0x86, 0x04,
 0x0b, 0x00, 0x88, 0x04, 0x0c, 0x00, 0x9c, 0x04,
 0x1a, 0x00, 0x60, 0x02, 0x00, 0x60, 0x01, 0x00,
 0xe3, 0xd7, 0xf5, 0x0e, 0xd8, 0x96, 0x04, 0x4c,
 0x00, 0x00, 0x00, 0xad, 0xf0, 0x60, 0x60, 0x00,
 0x00, 0xd9, 0xfb, 0xf0, 0x0f, 0xd9, 0x5b, 0x05,
 0x00, 0x07, 0xdd, 0x04, 0x66, 0x01, 0x00, 0x00,
 0xde, 0xf2, 0x0f, 0xda, 0xfb, 0xf0, 0x0b, 0xda,
 0x5b, 0x05, 0x00, 0x04, 0x66, 0x01, 0x00, 0x00,
 0xde, 0x64, 0x01, 0x00, 0x41, 0x83, 0x00, 0x00,
 0x00, 0xd8, 0xda, 0x11, 0xf1, 0x07, 0x0e, 0x04,
 0x66, 0x01, 0x00, 0x00, 0x24, 0x02, 0x00, 0xcf,
 0x64, 0x02, 0x00, 0x41, 0x30, 0x01, 0x00, 0x00,
 0xd7, 0x61, 0x00, 0x00, 0xba, 0x61, 0x00, 0x00,
 0xef, 0xd9, 0x11, 0xaf, 0xf0, 0x03, 0x0e, 0xb9,
 0xe6, 0x5d, 0x04, 0x00, 0x5a, 0x05, 0x00, 0xf5,
 0xf5, 0x24, 0x06, 0x00, 0x29, 0xd9, 0xfb, 0xf0,
 0x0f, 0xd9, 0x5b, 0x05, 0x00, 0xba, 0xdd, 0x07,
 0xde, 0x07, 0x5b, 0x04, 0x00, 0xf2, 0x21, 0xda,
 0xfb, 0xf0, 0x0d, 0xda, 0x5b, 0x05, 0x00, 0x07,
 0xde, 0x07, 0x5b, 0x04, 0x00, 0xf2, 0x11, 0x5a,
 0x04, 0x00, 0xfb, 0xf0, 0x0b, 0x5a, 0x04, 0x00,
 0x5b, 0x05, 0x00, 0x07, 0x5b, 0x04, 0x00, 0x5d,
 0x05, 0x00, 0xd8, 0xf5, 0xd0, 0xd9, 0x11, 0xaf,
 0xf0, 0x03, 0x0e, 0xba, 0xd1, 0x64, 0x02, 0x00,
 0x41, 0x30, 0x01, 0x00, 0x00, 0xd7, 0x61, 0x01,
 0x00, 0x61, 0x02, 0x00, 0xda, 0x11, 0xaf, 0xf0,
 0x0e, 0x0e, 0x61, 0x01, 0x00, 0x40, 0x8f, 0x01,
 0x00, 0x00, 0x61, 0x02, 0x00, 0x9d, 0x5a, 0x04,
 0x00, 0x11, 0xaf, 0xf0, 0x03, 0x0e, 0xb9, 0xe6,
 0x5d, 0x04, 0x00, 0x5a, 0x05, 0x00, 0xf5, 0xf5,
 0x24, 0x06, 0x00, 0x29, 0xae, 0x05, 0xf5, 0x05,
 0x01, 0x6d, 0x21, 0x08, 0x07, 0x0c, 0x13, 0x0a,
 0x07, 0x12, 0x40, 0x09, 0x07, 0x2a, 0x12, 0x21,
 0x17, 0x15, 0x0d, 0x00, 0x2b, 0x1c, 0x07, 0x2a,
 0x12, 0x2f, 0x17, 0x15, 0x23, 0x14, 0x2a, 0x18,
 0x07, 0x0c, 0x4a, 0x3f, 0x2a, 0x1c, 0x07, 0x08,
 0x16, 0x14, 0x16, 0x1c, 0x25, 0x30, 0x07, 0x0c,
 0x11, 0x18, 0x00, 0x09, 0x0a, 0x99, 0x01, 0x07,
 0x2a, 0x12, 0x21, 0x17, 0x15, 0x0d, 0x00, 0x0d,
 0x00, 0x21, 0x1c, 0x07, 0x2a, 0x12, 0x2f, 0x17,
 0x15, 0x0d, 0x00, 0x21, 0x1c, 0x11, 0x1a, 0x12,
 0x1f, 0x21, 0x15, 0x19, 0x14, 0x11, 0x1a, 0x12,
 0x17, 0x2c, 0x1d, 0x2b, 0x08, 0x08, 0x00, 0x12,
 0x00, 0x12, 0x00, 0x20, 0x28, 0x2a, 0x26, 0x17,
 0x4d, 0x30, 0x00, 0x07, 0x0c, 0x11, 0x18, 0x00,
 0x0c, 0x43, 0x0a, 0x01, 0xe2, 0x04, 0x01, 0x00,
 0x01, 0x02, 0x01, 0x02, 0x01, 0x06, 0x01, 0xe2,
 0x05, 0x00, 0x01, 0x40, 0x00, 0x8e, 0x04, 0x11,
 0x10, 0x86, 0x04, 0x0b, 0x00, 0x0c, 0x42, 0x0a,
 0x01, 0x00, 0x02, 0x00, 0x02, 0x05, 0x00, 0x02,
 0x00, 0x13, 0x02, 0xa2, 0x05, 0x00, 0x01, 0x00,
 0xf0, 0x01, 0x00, 0x01, 0x00, 0xe2, 0x05, 0x00,
 0x01, 0x8e, 0x04, 0x00, 0x12, 0xd7, 0xf0, 0x05,
 0xe3, 0xd7, 0xf5, 0x28, 0xe3, 0x07, 0x64, 0x01,
 0x00, 0x11, 0xd8, 0x21, 0x01, 0x00, 0xf6, 0x28,
 0xae, 0x05, 0xa6, 0x06, 0x0c, 0x0e, 0x02, 0x2a,
 0x11, 0x0c, 0x07, 0x12, 0x11, 0x0e, 0x07, 0x12,
 0x07, 0x14, 0x16, 0x0c, 0x00, 0xe4, 0xc5, 0x00,
 0x23, 0x01, 0x00, 0xae, 0x05, 0xa5, 0x06, 0x01,
 0x02, 0x03, 0x16, 0x00, 0x0c, 0x43, 0x0a, 0x01,
 0xe4, 0x04, 0x03, 0x01, 0x03, 0x05, 0x00, 0x04,
 0x00, 0x30, 0x04, 0xb2, 0x05, 0x00, 0x01, 0x00,
 0xd0, 0x05, 0x00, 0x01, 0x00, 0xe2, 0x05, 0x00,
 0x01, 0x00, 0xe8, 0x05, 0x01, 0x00, 0x30, 0x8a,
 0x04, 0x0d, 0x00, 0xf4, 0x03, 0x02, 0x18, 0xfc,
 0x03, 0x06, 0x00, 0xe2, 0x04, 0x3d, 0x00, 0x60,
 0x00, 0x00, 0x06, 0x11, 0xf8, 0xf1, 0x0d, 0x7e,
 0x81, 0x00, 0x0e, 0x0e, 0x81, 0x00, 0x0e, 0xcf,
 0x83, 0xf2, 0x09, 0x0e, 0xe3, 0xd8, 0xd9, 0x0b,
 0xf7, 0xf2, 0xed, 0x64, 0x01, 0x00, 0x41, 0x32,
 0x01, 0x00, 0x00, 0xe5, 0xd7, 0xf5, 0xe6, 0x61,
 0x00, 0x00, 0xf5, 0x24, 0x02, 0x00, 0x29, 0xae,
 0x05, 0xa9, 0x06, 0x01, 0x12, 0x58, 0x14, 0x16,
 0x12, 0x07, 0x26, 0x07, 0x12, 0x1d, 0x55, 0x2a,
 0x1a, 0x07, 0x10, 0x0c, 0x0e, 0x07, 0x1a, 0x00,
 0x0c, 0x43, 0x0a, 0x01, 0xe6, 0x04, 0x03, 0x01,
 0x03, 0x05, 0x00, 0x04, 0x00, 0x30, 0x04, 0xb2,
 0x05, 0x00, 0x01, 0x00, 0xd0, 0x05, 0x00, 0x01,
 0x00, 0xe2, 0x05, 0x00, 0x01, 0x00, 0xe8, 0x05,
 0x01, 0x00, 0x30, 0x8a, 0x04, 0x0d, 0x00, 0xf4,
 0x03, 0x02, 0x18, 0xfc, 0x03, 0x06, 0x00, 0xe2,
 0x04, 0x3d, 0x00, 0x60, 0x00, 0x00, 0x06, 0x11,
 0xf8, 0xf1, 0x0d, 0x7e, 0x81, 0x00, 0x0e, 0x0e,
 0x81, 0x00, 0x0e, 0xcf, 0x83, 0xf2, 0x09, 0x0e,
 0xe3, 0xd8, 0xd9, 0x0b, 0xf7, 0xf2, 0xed, 0x64,
 0x01, 0x00, 0x41, 0x33, 0x01, 0x00, 0x00, 0xe5,
 0xd7, 0xf5, 0xe6, 0x61, 0x00, 0x00, 0xf5, 0x24,
 0x02, 0x00, 0x29, 0xae, 0x05, 0xaf, 0x06, 0x01,
 0x12, 0x58, 0x14, 0x16, 0x12, 0x07, 0x26, 0x07,
 0x12, 0x1d, 0x55, 0x2a, 0x1c, 0x07, 0x10, 0x0c,
 0x0e, 0x07, 0x1a, 0x00, 0x0c, 0x43, 0x0a, 0x01,
 0xe8, 0x04, 0x03, 0x01, 0x03, 0x05, 0x00, 0x04,
 0x00, 0x30, 0x04, 0xe0, 0x05, 0x00, 0x01, 0x00,
 0xd0, 0x05, 0x00, 0x01, 0x00, 0xe2, 0x05, 0x00,
 0x01, 0x00, 0xe8, 0x05, 0x01, 0x00, 0x30, 0x8a,
 0x04, 0x0d, 0x00, 0xf4, 0x03, 0x02, 0x18, 0x84,
 0x04, 0x0a, 0x00, 0xe2, 0x04, 0x3d, 0x00, 0x60,
 0x00, 0x00, 0x06, 0x11, 0xf8, 0xf1, 0x0d, 0x7e,
 0x81, 0x00, 0x0e, 0x0e, 0x81, 0x00, 0x0e, 0xcf,
 0x83, 0xf2, 0x09, 0x0e, 0xe3, 0xd8, 0xd9, 0x0b,
 0xf7, 0xf2, 0xed, 0x64, 0x01, 0x00, 0x41, 0x34,
 0x01, 0x00, 0x00, 0xe5, 0xd7, 0xf5, 0xe6, 0x61,
 0x00, 0x00, 0xf5, 0x24, 0x02, 0x00, 0x29, 0xae,
 0x05, 0xb5, 0x06, 0x01, 0x12, 0x58, 0x14, 0x16,
 0x12, 0x07, 0x26, 0x07, 0x12, 0x1d, 0x55, 0x2a,
 0x1c, 0x07, 0x0c, 0x0c, 0x0a, 0x07, 0x1a, 0x00,
 0x0c, 0x43, 0x0a, 0x01, 0xea, 0x04, 0x03, 0x04,
 0x03, 0x06, 0x04, 0x06, 0x01, 0x5e, 0x07, 0xb2,
 0x05, 0x00, 0x01, 0x00, 0xd0, 0x05, 0x00, 0x01,
 0x00, 0xe2, 0x05, 0x00, 0x01, 0x00, 0xd4, 0x05,
 0x01, 0x00, 0x70, 0x03, 0xd4, 0x06, 0x01, 0x01,
 0x70, 0x02, 0xe8, 0x05, 0x01, 0x02, 0x70, 0x01,
 0xd6, 0x06, 0x01, 0x03, 0x70, 0x00, 0x92, 0x04,
 0x15, 0x10, 0xf0, 0x03, 0x00, 0x18, 0x8a, 0x04,
 0x0d, 0x00, 0xfc, 0x03, 0x06, 0x00, 0xf4, 0x03,
 0x02, 0x18, 0x86, 0x04, 0x0b, 0x00, 0x0c, 0x42,
 0x0a, 0x01, 0x00, 0x02, 0x00, 0x02, 0x05, 0x00,
 0x06, 0x02, 0x45, 0x02, 0xa2, 0x05, 0x00, 0x01,
 0x00, 0xd8, 0x06, 0x00, 0x01, 0x00, 0x92, 0x04,
 0x00, 0x12, 0xd6, 0x06, 0x03, 0x18, 0xf0, 0x03,
 0x01, 0x1a, 0xe8, 0x05, 0x02, 0x18, 0xd4, 0x06,
 0x01, 0x18, 0xd4, 0x05, 0x00, 0x18, 0x0c, 0x42,
 0x0a, 0x01, 0x00, 0x01, 0x00, 0x01, 0x05, 0x00,
 0x02, 0x00, 0x17, 0x01, 0xda, 0x06, 0x00, 0x01,
 0x00, 0x92, 0x04, 0x00, 0x12, 0xd6, 0x06, 0x01,
 0x1a, 0x64, 0x00, 0x00, 0x11, 0xd7, 0x40, 0x3a,
 0x00, 0x00, 0x00, 0xd7, 0x40, 0x79, 0x01, 0x00,
 0x00, 0x64, 0x01, 0x00, 0x21, 0x03, 0x00, 0x28,
 0xae, 0x05, 0xcb, 0x06, 0x22, 0x08, 0x02, 0x12,
 0x16, 0x0e, 0x20, 0x10, 0x20, 0x10, 0x00, 0x0c,
 0x42, 0x0a, 0x01, 0x00, 0x01, 0x00, 0x01, 0x04,
 0x00, 0x01, 0x00, 0x11, 0x01, 0x74, 0x00, 0x01,
 0x00, 0xf0, 0x03, 0x02, 0x1a, 0x64, 0x00, 0x00,
 0x41, 0x83, 0x00, 0x00, 0x00, 0xd7, 0x04, 0x66,
 0x01, 0x00, 0x00, 0x25, 0x02, 0x00, 0xae, 0x05,
 0xcd, 0x06, 0x22, 0x04, 0x02, 0x10, 0x2a, 0x18,
 0x00, 0xd7, 0xf0, 0x07, 0x64, 0x03, 0x00, 0xd7,
 0xf5, 0x29, 0x64, 0x04, 0x00, 0xf0, 0x13, 0x64,
 0x03, 0x00, 0x07, 0xd8, 0x41, 0xae, 0x01, 0x00,
 0x00, 0xc5, 0x00, 0x24, 0x01, 0x00, 0xf6, 0x0e,
 0x29, 0x64, 0x05, 0x00, 0x04, 0x8c, 0x01, 0x00,
 0x00, 0xad, 0xf0, 0x13, 0x64, 0x03, 0x00, 0x07,
 0xd8, 0x41, 0xae, 0x01, 0x00, 0x00, 0xc5, 0x01,
 0x24, 0x01, 0x00, 0xf6, 0x0e, 0x29, 0x64, 0x03,
 0x00, 0x07, 0xd8, 0xf6, 0x0e, 0x29, 0xae, 0x05,
 0xc3, 0x06, 0x29, 0x24, 0x03, 0x37, 0x12, 0x00,
 0x11, 0x06, 0x00, 0x03, 0x0a, 0x05, 0x1c, 0x00,
 0x11, 0x06, 0x07, 0x0c, 0x20, 0x18, 0x2b, 0x1b,
 0x11, 0x1a, 0x2b, 0x27, 0x11, 0x06, 0x07, 0x0c,
 0x20, 0x18, 0x2c, 0x29, 0x11, 0x06, 0x07, 0x0c,
 0x00, 0x60, 0x03, 0x00, 0x60, 0x02, 0x00, 0x60,
 0x01, 0x00, 0x60, 0x00, 0x00, 0x06, 0x11, 0xf8,
 0xf1, 0x1a, 0x7e, 0x81, 0x00, 0x0e, 0x70, 0x41,
 0x6a, 0x01, 0x00, 0x00, 0xcf, 0x41, 0xaa, 0x01,
 0x00, 0x00, 0xd0, 0x0e, 0x81, 0x00, 0x0e, 0xd1,
 0x83, 0xf2, 0x19, 0x0e, 0xe5, 0xd8, 0xd9, 0x0b,
 0x04, 0x66, 0x01, 0x00, 0x00, 0x4b, 0x6a, 0x01,
 0x00, 0x00, 0x09, 0x4b, 0xaa, 0x01, 0x00, 0x00,
 0xf7, 0xf2, 0xd0, 0xe6, 0xd7, 0xf5, 0xd2, 0x64,
 0x04, 0x00, 0x41, 0x35, 0x01, 0x00, 0x00, 0x61,
 0x03, 0x00, 0x61, 0x01, 0x00, 0x5d, 0x05, 0x00,
 0xc5, 0x00, 0xf5, 0x24, 0x03, 0x00, 0x29, 0xae,
 0x05, 0xbb, 0x06, 0x01, 0x16, 0xc6, 0x14, 0x16,
 0x48, 0x07, 0x26, 0x07, 0x12, 0x00, 0x15, 0x0a,
 0x73, 0x07, 0x10, 0x13, 0x27, 0x2a, 0x20, 0x11,
 0x0a, 0x11, 0x1e, 0x00, 0x0c, 0x43, 0x0a, 0x01,
 0xec, 0x04, 0x02, 0x00, 0x02, 0x06, 0x00, 0x04,
 0x00, 0x14, 0x02, 0xb2, 0x05, 0x00, 0x01, 0x00,
 0xe2, 0x05, 0x00, 0x01, 0x00, 0xf4, 0x03, 0x02,
 0x18, 0xfc, 0x03, 0x06, 0x00, 0x86, 0x04, 0x0b,
 0x00, 0x88, 0x04, 0x0c, 0x00, 0x64, 0x00, 0x00,
 0x41, 0x36, 0x01, 0x00, 0x00, 0xe4, 0xd7, 0xf5,
 0xe5, 0xe6, 0xd8, 0xf5, 0xf5, 0x24, 0x02, 0x00,
 0x29, 0xae, 0x05, 0xd4, 0x06, 0x01, 0x0c, 0x03,
 0x08, 0x2a, 0x1e, 0x07, 0x10, 0x0c, 0x0e, 0x07,
 0x0c, 0x07, 0x18, 0x00, 0x0c, 0x43, 0x0a, 0x01,
 0xee, 0x04, 0x03, 0x00, 0x03, 0x08, 0x00, 0x04,
 0x00, 0x22, 0x03, 0x86, 0x02, 0x00, 0x01, 0x00,
 0x80, 0x07, 0x00, 0x01, 0x00, 0xe2, 0x05, 0x00,
 0x01, 0x00, 0xf4, 0x03, 0x02, 0x18, 0xfc, 0x03,
 0x06, 0x00, 0x86, 0x04, 0x0b, 0x00, 0x88, 0x04,
 0x0c, 0x00, 0x64, 0x00, 0x00, 0x41, 0x37, 0x01,
 0x00, 0x00, 0xe4, 0xd7, 0x04, 0xc1, 0x01, 0x00,
 0x00, 0xf6, 0xe4, 0xd8, 0x04, 0xc2, 0x01, 0x00,
 0x00, 0xf6, 0xba, 0xe5, 0xe6, 0xd9, 0xf5, 0xf5,
 0x24, 0x04, 0x00, 0x29, 0xae, 0x05, 0xd8, 0x06,
 0x01, 0x10, 0x03, 0x08, 0x2a, 0x1e, 0x07, 0x10,
 0x25, 0x24, 0x07, 0x10, 0x2a, 0x26, 0x07, 0x0c,
 0x07, 0x18, 0x00, 0x0c, 0x43, 0x0a, 0x01, 0xf0,
 0x04, 0x03, 0x00, 0x03, 0x08, 0x00, 0x04, 0x00,
 0x22, 0x03, 0x86, 0x02, 0x00, 0x01, 0x00, 0x80,
 0x07, 0x00, 0x01, 0x00, 0xe2, 0x05, 0x00, 0x01,
 0x00, 0xf4, 0x03, 0x02, 0x18, 0xfc, 0x03, 0x06,
 0x00, 0x86, 0x04, 0x0b, 0x00, 0x88, 0x04, 0x0c,
 0x00, 0x64, 0x00, 0x00, 0x41, 0x38, 0x01, 0x00,
 0x00, 0xe4, 0xd7, 0x04, 0xc3, 0x01, 0x00, 0x00,
 0xf6, 0xe4, 0xd8, 0x04, 0xc2, 0x01, 0x00, 0x00,
 0xf6, 0xba, 0xe5, 0xe6, 0xd9, 0xf5, 0xf5, 0x24,
 0x04, 0x00, 0x29, 0xae, 0x05, 0xdc, 0x06, 0x01,
 0x10, 0x03, 0x08, 0x2a, 0x1a, 0x07, 0x10, 0x25,
 0x2e, 0x07, 0x10, 0x2a, 0x26, 0x07, 0x0c, 0x07,
 0x18, 0x00, 0x0c, 0x43, 0x0a, 0x01, 0xf2, 0x04,
 0x04, 0x00, 0x04, 0x08, 0x00, 0x04, 0x00, 0x23,
 0x04, 0xbc, 0x01, 0x00, 0x01, 0x00, 0xb2, 0x05,
 0x00, 0x01, 0x00, 0xf2, 0x05, 0x00, 0x01, 0x00,
 0xe2, 0x05, 0x00, 0x01, 0x00, 0xf4, 0x03, 0x02,
 0x18, 0xfc, 0x03, 0x06, 0x00, 0x86, 0x04, 0x0b,
 0x00, 0x88, 0x04, 0x0c, 0x00, 0xd9, 0xfb, 0xf0,
 0x03, 0xd9, 0xde, 0x64, 0x00, 0x00, 0x41, 0x39,
 0x01, 0x00, 0x00, 0xe4, 0xd7, 0x04, 0x5e, 0x00,
 0x00, 0x00, 0xf6, 0xe4, 0xd8, 0xf5, 0xba, 0xe5,
 0xe6, 0xda, 0xf5, 0xf5, 0x24, 0x04, 0x00, 0x29,
 0xae, 0x05, 0xe0, 0x06, 0x01, 0x16, 0x03, 0x1e,
 0x07, 0x12, 0x12, 0x09, 0x0f, 0x1d, 0x2a, 0x20,
 0x07, 0x10, 0x25, 0x26, 0x07, 0x10, 0x11, 0x14,
 0x07, 0x0c, 0x07, 0x18, 0x00, 0x0c, 0x43, 0x0a,
 0x01, 0xf4, 0x04, 0x04, 0x00, 0x04, 0x08, 0x00,
 0x04, 0x00, 0x2a, 0x04, 0x86, 0x02, 0x00, 0x01,
 0x00, 0x80, 0x07, 0x00, 0x01, 0x00, 0xf4, 0x05,
 0x00, 0x01, 0x00, 0xe2, 0x05, 0x00, 0x01, 0x00,
 0xf4, 0x03, 0x02, 0x18, 0xfc, 0x03, 0x06, 0x00,
 0x86, 0x04, 0x0b, 0x00, 0x88, 0x04, 0x0c, 0x00,
 0xd9, 0xfb, 0xf0, 0x05, 0xd9, 0xde, 0xba, 0xdd,
 0x64, 0x00, 0x00, 0x41, 0xc4, 0x01, 0x00, 0x00,
 0xe4, 0xd7, 0x04, 0xc5, 0x01, 0x00, 0x00, 0xf6,
 0xe4, 0xd8, 0x04, 0xc6, 0x01, 0x00, 0x00, 0xf6,
 0xd9, 0xe5, 0xe6, 0xda, 0xf5, 0xf5, 0x24, 0x04,
 0x00, 0x29, 0xae, 0x05, 0xe8, 0x06, 0x01, 0x1a,
 0x03, 0x1e, 0x07, 0x12, 0x12, 0x09, 0x0d, 0x15,
 0x0f, 0x07, 0x2a, 0x22, 0x07, 0x10, 0x25, 0x1c,
 0x07, 0x10, 0x25, 0x1a, 0x07, 0x0c, 0x07, 0x0c,
 0x07, 0x18, 0x00, 0x0c, 0x43, 0x0a, 0x01, 0xf6,
 0x04, 0x03, 0x02, 0x03, 0x05, 0x02, 0x05, 0x01,
 0x45, 0x05, 0xb2, 0x05, 0x00, 0x01, 0x00, 0xd0,
 0x05, 0x00, 0x01, 0x00, 0xe2, 0x05, 0x00, 0x01,
 0x00, 0xd4, 0x05, 0x01, 0x00, 0x70, 0x01, 0xe8,
 0x05, 0x01, 0x01, 0x70, 0x00, 0xf0, 0x03, 0x00,
 0x18, 0x8a, 0x04, 0x0d, 0x00, 0xf4, 0x03, 0x02,
 0x18, 0xfc, 0x03, 0x06, 0x00, 0x86, 0x04, 0x0b,
 0x00, 0x0c, 0x42, 0x0a, 0x01, 0x00, 0x02, 0x00,
 0x02, 0x06, 0x00, 0x03, 0x00, 0x30, 0x02, 0xa2,
 0x05, 0x00, 0x01, 0x00, 0xfc, 0x06, 0x00, 0x01,
 0x00, 0xe8, 0x05, 0x01, 0x18, 0xd4, 0x05, 0x00,
 0x18, 0xf0, 0x03, 0x00, 0x1a, 0xd7, 0xf0, 0x08,
 0x64, 0x00, 0x00, 0xd7, 0xf5, 0x0e, 0x29, 0x64,
 0x00, 0x00, 0x07, 0x64, 0x01, 0x00, 0x04, 0x8c,
 0x01, 0x00, 0x00, 0xad, 0xf0, 0x14, 0x64, 0x02,
 0x00, 0x41, 0x83, 0x00, 0x00, 0x00, 0xd8, 0x04,
 0x66, 0x01, 0x00, 0x00, 0x24, 0x02, 0x00, 0xf2,
 0x02, 0xd8, 0xf6, 0x0e, 0x29, 0xae, 0x05, 0xf4,
 0x06, 0x25, 0x14, 0x03, 0x2f, 0x12, 0x00, 0x11,
 0x06, 0x18, 0x05, 0x11, 0x06, 0x07, 0x0c, 0x11,
 0x1a, 0x2a, 0x16, 0x2a, 0x18, 0x39, 0x24, 0x00,
 0x60, 0x01, 0x00, 0x60, 0x00, 0x00, 0x06, 0x11,
 0xf8, 0xf1, 0x14, 0x7e, 0x81, 0x00, 0x0e, 0x70,
 0x41, 0x6a, 0x01, 0x00, 0x00, 0xcf, 0x0e, 0x81,
 0x00, 0x0e, 0xd0, 0x83, 0xf2, 0x13, 0x0e, 0xe4,
 0xd8, 0xd9, 0x0b, 0x04, 0x66, 0x01, 0x00, 0x00,
 0x4b, 0x6a, 0x01, 0x00, 0x00, 0xf7, 0xf2, 0xdc,
 0x64, 0x02, 0x00, 0x41, 0x3b, 0x01, 0x00, 0x00,
 0xe6, 0xd7, 0xf5, 0x5d, 0x04, 0x00, 0xc5, 0x00,
 0xf5, 0x24, 0x02, 0x00, 0x29, 0xae, 0x05, 0xf1,
 0x06, 0x01, 0x10, 0x8a, 0x14, 0x16, 0x2a, 0x07,
 0x26, 0x07, 0x12, 0x4f, 0x6d, 0x2a, 0x22, 0x07,
 0x10, 0x0c, 0x0e, 0x00, 0x0c, 0x43, 0x0a, 0x01,
 0xf8, 0x04, 0x03, 0x02, 0x03, 0x05, 0x03, 0x04,
 0x01, 0x40, 0x05, 0xb2, 0x05, 0x00, 0x01, 0x40,
 0x00, 0xd0, 0x05, 0x00, 0x01, 0x00, 0xe2, 0x05,
 0x00, 0x01, 0x00, 0xd4, 0x05, 0x01, 0x00, 0x70,
 0x02, 0xe8, 0x05, 0x01, 0x01, 0x70, 0x01, 0xee,
 0x03, 0x05, 0x01, 0xfc, 0x03, 0x06, 0x00, 0xf0,
 0x03, 0x00, 0x18, 0x8a, 0x04, 0x0d, 0x00, 0x0c,
 0x42, 0x0a, 0x01, 0x00, 0x00, 0x02, 0x00, 0x06,
 0x00, 0x06, 0x00, 0x57, 0x02, 0xfc, 0x06, 0x01,
 0x00, 0x20, 0xa2, 0x05, 0x03, 0x01, 0x03, 0xee,
 0x03, 0x00, 0x02, 0xfc, 0x03, 0x01, 0x02, 0xb2,
 0x05, 0x00, 0x01, 0xe8, 0x05, 0x01, 0x18, 0xd4,
 0x05, 0x00, 0x18, 0xf0, 0x03, 0x02, 0x1a, 0x60,
 0x00, 0x00, 0x06, 0xcf, 0x6b, 0x18, 0x00, 0x00,
 0x00, 0xe3, 0x41, 0x25, 0x01, 0x00, 0x00, 0xe4,
 0xe5, 0xf5, 0x24, 0x01, 0x00, 0x11, 0x62, 0x00,
 0x00, 0x0e, 0x0e, 0xf2, 0x11, 0xd0, 0x6b, 0x0d,
 0x00, 0x00, 0x00, 0x64, 0x03, 0x00, 0xcc, 0xf5,
 0x0e, 0x06, 0x6e, 0x28, 0x30, 0x64, 0x03, 0x00,
 0x07, 0x64, 0x04, 0x00, 0x04, 0x8c, 0x01, 0x00,
 0x00, 0xad, 0xf0, 0x16, 0x64, 0x05, 0x00, 0x41,
 0x83, 0x00, 0x00, 0x00, 0x61, 0x00, 0x00, 0x04,
 0x66, 0x01, 0x00, 0x00, 0x24, 0x02, 0x00, 0xf2,
 0x04, 0x61, 0x00, 0x00, 0xf6, 0x29, 0xae, 0x05,
 0x83, 0x07, 0x0d, 0x1c, 0x00, 0x0a, 0x08, 0x12,
 0x20, 0x2c, 0x07, 0x10, 0x63, 0x4d, 0x11, 0x06,
 0x00, 0x07, 0x0a, 0x0d, 0x11, 0x06, 0x07, 0x0c,
 0x11, 0x1a, 0x2a, 0x16, 0x2a, 0x18, 0x43, 0x24,
 0x00, 0x60, 0x01, 0x00, 0x60, 0x00, 0x00, 0x06,
 0x11, 0xf8, 0xf1, 0x14, 0x7e, 0x81, 0x00, 0x0e,
 0x70, 0x41, 0x6a, 0x01, 0x00, 0x00, 0xcf, 0x0e,
 0x81, 0x00, 0x0e, 0xd0, 0x83, 0xf2, 0x13, 0x0e,
 0xe6, 0xd8, 0xd9, 0x0b, 0x04, 0x66, 0x01, 0x00,
 0x00, 0x4b, 0x6a, 0x01, 0x00, 0x00, 0xf7, 0xf2,
 0xdc, 0x38, 0xcf, 0x01, 0x00, 0x00, 0x41, 0xd0,
 0x01, 0x00, 0x00, 0xc5, 0x00, 0x24, 0x01, 0x00,
 0x29, 0xae, 0x05, 0xfd, 0x06, 0x01, 0x0e, 0x8a,
 0x14, 0x16, 0x2a, 0x07, 0x26, 0x07, 0x12, 0x00,
 0x0f, 0x0a, 0x6d, 0x34, 0x10, 0x00, 0x0c, 0x43,
 0x0a, 0x01, 0xfa, 0x04, 0x03, 0x02, 0x03, 0x06,
 0x02, 0x04, 0x01, 0x4f, 0x05, 0xfa, 0x06, 0x00,
 0x01, 0x00, 0xd0, 0x05, 0x00, 0x01, 0x00, 0xe2,
 0x05, 0x00, 0x01, 0x00, 0xd4, 0x05, 0x01, 0x00,
 0x70, 0x01, 0xe8, 0x05, 0x01, 0x01, 0x70, 0x00,
 0xf0, 0x03, 0x00, 0x18, 0x8a, 0x04, 0x0d, 0x00,
 0xf4, 0x03, 0x02, 0x18, 0x86, 0x04, 0x0b, 0x00,
 0x0c, 0x42, 0x0a, 0x01, 0x00, 0x02, 0x00, 0x02,
 0x06, 0x00, 0x03, 0x00, 0x30, 0x02, 0xa2, 0x05,
 0x00, 0x01, 0x00, 0xfc, 0x06, 0x00, 0x01, 0x00,
 0xe8, 0x05, 0x01, 0x18, 0xd4, 0x05, 0x00, 0x18,
 0xf0, 0x03, 0x00, 0x1a, 0xd7, 0xf0, 0x08, 0x64,
 0x00, 0x00, 0xd7, 0xf5, 0x0e, 0x29, 0x64, 0x00,
 0x00, 0x07, 0x64, 0x01, 0x00, 0x04, 0x8c, 0x01,
 0x00, 0x00, 0xad, 0xf0, 0x14, 0x64, 0x02, 0x00,
 0x41, 0x83, 0x00, 0x00, 0x00, 0xd8, 0x04, 0x66,
 0x01, 0x00, 0x00, 0x24, 0x02, 0x00, 0xf2, 0x02,
 0xd8, 0xf6, 0x0e, 0x29, 0xae, 0x05, 0x97, 0x07,
 0x28, 0x14, 0x03, 0x35, 0x12, 0x00, 0x11, 0x06,
 0x18, 0x05, 0x11, 0x06, 0x07, 0x0c, 0x11, 0x1a,
 0x2a, 0x16, 0x2a, 0x18, 0x39, 0x24, 0x00, 0x60,
 0x01, 0x00, 0x60, 0x00, 0x00, 0x06, 0x11, 0xf8,
 0xf1, 0x14, 0x7e, 0x81, 0x00, 0x0e, 0x70, 0x41,
 0x6a, 0x01, 0x00, 0x00, 0xcf, 0x0e, 0x81, 0x00,
 0x0e, 0xd0, 0x83, 0xf2, 0x13, 0x0e, 0xe4, 0xd8,
 0xd9, 0x0b, 0x04, 0x66, 0x01, 0x00, 0x00, 0x4b,
 0x6a, 0x01, 0x00, 0x00, 0xf7, 0xf2, 0xdc, 0x64,
 0x02, 0x00, 0x41, 0x3d, 0x01, 0x00, 0x00, 0xc6,
 0x41, 0x64, 0x00, 0x00, 0x00, 0xd7, 0x04, 0xbf,
 0x01, 0x00, 0x00, 0x24, 0x02, 0x00, 0xe6, 0xc5,
 0x00, 0xf5, 0x24, 0x02, 0x00, 0x29, 0xae, 0x05,
 0x94, 0x07, 0x01, 0x10, 0x8a, 0x14, 0x16, 0x2a,
 0x07, 0x26, 0x07, 0x12, 0x4f, 0x6d, 0x2a, 0x10,
 0x20, 0x16, 0x2f, 0x20, 0x00, 0x0c, 0x43, 0x0a,
 0x01, 0xfc, 0x04, 0x03, 0x00, 0x03, 0x07, 0x00,
 0x04, 0x00, 0x15, 0x03, 0xb2, 0x05, 0x00, 0x01,
 0x00, 0xf4, 0x05, 0x00, 0x01, 0x00, 0xe2, 0x05,
 0x00, 0x01, 0x00, 0xf4, 0x03, 0x02, 0x18, 0xfc,
 0x03, 0x06, 0x00, 0x86, 0x04, 0x0b, 0x00, 0x88,
 0x04, 0x0c, 0x00, 0x64, 0x00, 0x00, 0x41, 0x3e,
 0x01, 0x00, 0x00, 0xe4, 0xd7, 0xf5, 0xd8, 0xe5,
 0xe6, 0xd9, 0xf5, 0xf5, 0x24, 0x03, 0x00, 0x29,
 0xae, 0x05, 0xa0, 0x07, 0x01, 0x0e, 0x03, 0x08,
 0x2a, 0x1c, 0x07, 0x10, 0x0c, 0x0e, 0x07, 0x0c,
 0x07, 0x0c, 0x07, 0x18, 0x00, 0x0c, 0x43, 0x0a,
 0x01, 0xfe, 0x04, 0x02, 0x00, 0x02, 0x07, 0x00,
 0x04, 0x00, 0x15, 0x02, 0xe0, 0x05, 0x00, 0x01,
 0x00, 0xe2, 0x05, 0x00, 0x01, 0x00, 0xf4, 0x03,
 0x02, 0x18, 0x84, 0x04, 0x0a, 0x00, 0x86, 0x04,
 0x0b, 0x00, 0x88, 0x04, 0x0c, 0x00, 0x64, 0x00,
 0x00, 0x41, 0x3f, 0x01, 0x00, 0x00, 0xe4, 0xd7,
 0xf5, 0x09, 0xe5, 0xe6, 0xd8, 0xf5, 0xf5, 0x24,
 0x03, 0x00, 0x29, 0xae, 0x05, 0xa4, 0x07, 0x01,
 0x0c, 0x03, 0x08, 0x2a, 0x1c, 0x07, 0x0c, 0x11,
 0x18, 0x07, 0x0c, 0x07, 0x18, 0x00, 0x0c, 0x43,
 0x0a, 0x01, 0x80, 0x05, 0x02, 0x00, 0x02, 0x07,
 0x00, 0x04, 0x00, 0x15, 0x02, 0xe0, 0x05, 0x00,
 0x01, 0x00, 0xe2, 0x05, 0x00, 0x01, 0x00, 0xf4,
 0x03, 0x02, 0x18, 0x84, 0x04, 0x0a, 0x00, 0x86,
 0x04, 0x0b, 0x00, 0x88, 0x04, 0x0c, 0x00, 0x64,
 0x00, 0x00, 0x41, 0x3f, 0x01, 0x00, 0x00, 0xe4,
 0xd7, 0xf5, 0x0a, 0xe5, 0xe6, 0xd8, 0xf5, 0xf5,
 0x24, 0x03, 0x00, 0x29, 0xae, 0x05, 0xa8, 0x07,
 0x01, 0x0c, 0x03, 0x08, 0x2a, 0x1c, 0x07, 0x0c,
 0x11, 0x16, 0x07, 0x0c, 0x07, 0x18, 0x00, 0x0c,
 0x43, 0x0a, 0x01, 0x82, 0x05, 0x03, 0x00, 0x03,
 0x07, 0x00, 0x04, 0x00, 0x1d, 0x03, 0xe0, 0x05,
 0x00, 0x01, 0x00, 0xae, 0x06, 0x00, 0x01, 0x00,
 0xe2, 0x05, 0x00, 0x01, 0x00, 0xf4, 0x03, 0x02,
 0x18, 0x84, 0x04, 0x0a, 0x00, 0x86, 0x04, 0x0b,
 0x00, 0x88, 0x04, 0x0c, 0x00, 0xd8, 0xfb, 0xf0,
 0x05, 0xd8, 0xdd, 0xba, 0xdc, 0x64, 0x00, 0x00,
 0x41, 0x41, 0x01, 0x00, 0x00, 0xe4, 0xd7, 0xf5,
 0xd8, 0xe5, 0xe6, 0xd9, 0xf5, 0xf5, 0x24, 0x03,
 0x00, 0x29, 0xae, 0x05, 0xac, 0x07, 0x01, 0x16,
 0x03, 0x1e, 0x07, 0x10, 0x12, 0x07, 0x0d, 0x15,
 0x0f, 0x07, 0x2a, 0x24, 0x07, 0x0c, 0x0c, 0x0a,
 0x07, 0x0a, 0x07, 0x0c, 0x07, 0x18, 0x00, 0x0c,
 0x43, 0x0a, 0x01, 0x84, 0x05, 0x03, 0x01, 0x03,
 0x05, 0x02, 0x04, 0x01, 0x1f, 0x04, 0xb2, 0x05,
 0x00, 0x01, 0x00, 0xae, 0x06, 0x00, 0x01, 0x40,
 0x01, 0xe2, 0x05, 0x00, 0x01, 0x00, 0xe8, 0x05,
 0x01, 0x00, 0x70, 0x00, 0xdc, 0x04, 0x3a, 0x00,
 0x82, 0x05, 0x4d, 0x00, 0x88, 0x04, 0x0c, 0x00,
 0xda, 0x04, 0x39, 0x00, 0x0c, 0x42, 0x0a, 0x01,
 0x00, 0x02, 0x00, 0x02, 0x04, 0x01, 0x04, 0x01,
 0x10, 0x02, 0xa2, 0x05, 0x00, 0x01, 0x00, 0xe0,
 0x05, 0x00, 0x01, 0x40, 0x00, 0xe8, 0x05, 0x00,
 0x18, 0xdc, 0x04, 0x00, 0x02, 0x82, 0x05, 0x01,
 0x02, 0xae, 0x06, 0x01, 0x01, 0x0c, 0x42, 0x0a,
 0x01, 0x00, 0x01, 0x00, 0x01, 0x03, 0x01, 0x03,
 0x01, 0x07, 0x01, 0xa2, 0x07, 0x00, 0x01, 0x40,
 0x00, 0xe8, 0x05, 0x00, 0x1a, 0xdc, 0x04, 0x01,
 0x02, 0xe0, 0x05, 0x01, 0x01, 0x0c, 0x42, 0x0a,
 0x01, 0x00, 0x01, 0x00, 0x01, 0x03, 0x00, 0x02,
 0x00, 0x0c, 0x01, 0xa4, 0x07, 0x00, 0x01, 0x00,
 0xe8, 0x05, 0x00, 0x1a, 0xa2, 0x07, 0x00, 0x01,
 0x64, 0x00, 0x00, 0xe4, 0x11, 0xf1, 0x03, 0x0e,
 0xd7, 0x23, 0x01, 0x00, 0xae, 0x05, 0xc4, 0x07,
 0x32, 0x06, 0x02, 0x18, 0x11, 0x06, 0x1b, 0x18,
 0x00, 0xe4, 0xe5, 0xc5, 0x00, 0x23, 0x02, 0x00,
 0xae, 0x05, 0xc4, 0x07, 0x1c, 0x04, 0x02, 0x18,
 0x07, 0x0c, 0x00, 0xd7, 0xf0, 0x07, 0x64, 0x00,
 0x00, 0xd7, 0xf5, 0x29, 0xe5, 0xd8, 0xe6, 0xc5,
 0x00, 0xf7, 0x29, 0xae, 0x05, 0xbd, 0x07, 0x1d,
 0x0e, 0x03, 0x1f, 0x12, 0x00, 0x11, 0x06, 0x00,
 0x03, 0x0a, 0x0d, 0x07, 0x14, 0x07, 0x08, 0x00,
 0x60, 0x00, 0x00, 0xd8, 0xfb, 0xf0, 0x05, 0xd8,
 0xdd, 0xba, 0xdc, 0xe5, 0xd9, 0xf5, 0xcf, 0xe6,
 0xd7, 0x04, 0xc7, 0x01, 0x00, 0x00, 0xc3, 0xb6,
 0x01, 0xc5, 0x00, 0x22, 0x04, 0x00, 0x29, 0xae,
 0x05, 0xb5, 0x07, 0x01, 0x10, 0x12, 0x1e, 0x07,
 0x10, 0x12, 0x07, 0x0d, 0x15, 0x0f, 0x0e, 0x07,
 0x18, 0x13, 0x2d, 0x07, 0x0a, 0x00, 0x0c, 0x43,
 0x0a, 0x01, 0x86, 0x05, 0x04, 0x00, 0x04, 0x08,
 0x00, 0x05, 0x00, 0x1c, 0x04, 0xb2, 0x05, 0x00,
 0x01, 0x00, 0x96, 0x07, 0x00, 0x01, 0x00, 0x98,
 0x07, 0x00, 0x01, 0x00, 0xe2, 0x05, 0x00, 0x01,
 0x00, 0xf4, 0x03, 0x02, 0x18, 0xfc, 0x03, 0x06,
 0x00, 0xd6, 0x04, 0x37, 0x00, 0x86, 0x04, 0x0b,
 0x00, 0x88, 0x04, 0x0c, 0x00, 0x64, 0x00, 0x00,
 0x41, 0xcd, 0x01, 0x00, 0x00, 0xe4, 0xd7, 0xf5,
 0xe5, 0xd8, 0xf5, 0xe5, 0xd9, 0xf5, 0xe6, 0x5d,
 0x04, 0x00, 0xda, 0xf5, 0xf5, 0x24, 0x04, 0x00,
 0x29, 0xae, 0x05, 0xc8, 0x07, 0x01, 0x14, 0x03,
 0x08, 0x2a, 0x1c, 0x07, 0x10, 0x0c, 0x0e, 0x07,
 0x16, 0x0c, 0x10, 0x07, 0x16, 0x0c, 0x10, 0x07,
 0x0c, 0x11, 0x18, 0x00, 0x0c, 0x43, 0x0a, 0x01,
 0x88, 0x05, 0x03, 0x00, 0x03, 0x08, 0x00, 0x05,
 0x00, 0x27, 0x03, 0xb2, 0x05, 0x00, 0x01, 0x00,
 0xf4, 0x05, 0x00, 0x01, 0x00, 0xe2, 0x05, 0x00,
 0x01, 0x00, 0xf6, 0x03, 0x03, 0x18, 0xf4, 0x03,
 0x02, 0x18, 0xfc, 0x03, 0x06, 0x00, 0x86, 0x04,
 0x0b, 0x00, 0x88, 0x04, 0x0c, 0x00, 0xd8, 0xfb,
 0xf0, 0x0c, 0xd8, 0xdd, 0x64, 0x00, 0x00, 0x40,
 0xb6, 0x01, 0x00, 0x00, 0xdc, 0x64, 0x01, 0x00,
 0x41, 0x44, 0x01, 0x00, 0x00, 0xe5, 0xd7, 0xf5,
 0xd8, 0x09, 0xe6, 0x5d, 0x04, 0x00, 0xd9, 0xf5,
 0xf5, 0x24, 0x04, 0x00, 0x29, 0xae, 0x05, 0xcc,
 0x07, 0x01, 0x16, 0x03, 0x1e, 0x07, 0x12, 0x12,
 0x09, 0x0d, 0x07, 0x32, 0x15, 0x2a, 0x1e, 0x07,
 0x10, 0x0c, 0x0e, 0x0c, 0x1a, 0x07, 0x0c, 0x11,
 0x18, 0x00, 0x0c, 0x43, 0x0a, 0x01, 0x8a, 0x05,
 0x02, 0x01, 0x02, 0x04, 0x01, 0x03, 0x01, 0x15,
 0x03, 0xb2, 0x05, 0x00, 0x01, 0x00, 0xe2, 0x05,
 0x00, 0x01, 0x00, 0xe8, 0x05, 0x01, 0x00, 0x70,
 0x00, 0x88, 0x04, 0x0c, 0x00, 0x88, 0x05, 0x50,
 0x00, 0xf6, 0x03, 0x03, 0x18, 0x0c, 0x42, 0x0a,
 0x01, 0x00, 0x01, 0x00, 0x01, 0x02, 0x00, 0x01,
 0x00, 0x08, 0x01, 0xa2, 0x05, 0x00, 0x01, 0x00,
 0xe8, 0x05, 0x00, 0x18, 0x64, 0x00, 0x00, 0xd7,
 0x95, 0x23, 0x01, 0x00, 0xae, 0x05, 0xda, 0x07,
 0x22, 0x04, 0x02, 0x0e, 0x11, 0x08, 0x00, 0x60,
 0x00, 0x00, 0xe3, 0xd8, 0xf5, 0xcf, 0xe4, 0xd7,
 0x64, 0x02, 0x00, 0x40, 0xb6, 0x01, 0x00, 0x00,
 0xc5, 0x00, 0xf7, 0x29, 0xae, 0x05, 0xd7, 0x07,
 0x01, 0x0a, 0x12, 0x1e, 0x07, 0x18, 0x13, 0x2d,
 0x07, 0x0e, 0x07, 0x0c, 0x00, 0x0c, 0x43, 0x0a,
 0x01, 0x8c, 0x05, 0x03, 0x08, 0x03, 0x06, 0x04,
 0x06, 0x02, 0xb6, 0x01, 0x0b, 0xb2, 0x05, 0x00,
 0x01, 0x00, 0xd0, 0x05, 0x00, 0x01, 0x00, 0xe2,
 0x05, 0x00, 0x01, 0x00, 0xde, 0x06, 0x01, 0x00,
 0x30, 0xe0, 0x06, 0x01, 0x01, 0x30, 0xf4, 0x05,
 0x01, 0x02, 0x70, 0x03, 0xe8, 0x05, 0x01, 0x03,
 0x70, 0x02, 0xd6, 0x06, 0x01, 0x04, 0x30, 0xa6,
 0x07, 0x01, 0x05, 0x30, 0xa8, 0x07, 0x01, 0x06,
 0x70, 0x01, 0xaa, 0x07, 0x01, 0x07, 0x70, 0x00,
 0xf2, 0x03, 0x01, 0x18, 0xf4, 0x03, 0x02, 0x18,
 0xf6, 0x03, 0x03, 0x18, 0x86, 0x04, 0x0b, 0x00,
 0x8a, 0x04, 0x0d, 0x00, 0xfc, 0x03, 0x06, 0x00,
 0x0c, 0x42, 0x0a, 0x01, 0x00, 0x02, 0x00, 0x02,
 0x07, 0x02, 0x06, 0x01, 0x1c, 0x02, 0xe4, 0x06,
 0x00, 0x01, 0x40, 0x01, 0xe2, 0x06, 0x00, 0x01,
 0x40, 0x00, 0xaa, 0x07, 0x07, 0x18, 0xf2, 0x03,
 0x00, 0x1a, 0xa8, 0x07, 0x06, 0x18, 0xf4, 0x03,
 0x01, 0x1a, 0xf6, 0x03, 0x02, 0x1a, 0x86, 0x04,
 0x03, 0x02, 0x0c, 0x42, 0x0a, 0x01, 0x00, 0x01,
 0x01, 0x01, 0x04, 0x00, 0x05, 0x00, 0x4f, 0x02,
 0xa2, 0x05, 0x00, 0x01, 0x00, 0xe6, 0x06, 0x01,
 0x00, 0x30, 0xaa, 0x07, 0x00, 0x1a, 0xe2, 0x06,
 0x01, 0x01, 0xe4, 0x06, 0x00, 0x01, 0xf2, 0x03,
 0x01, 0x1a, 0xa8, 0x07, 0x02, 0x1a, 0x60, 0x00,
 0x00, 0xd7, 0x95, 0xf0, 0x10, 0x64, 0x00, 0x00,
 0xe4, 0xe4, 0xef, 0xbb, 0x9d, 0x38, 0x49, 0x00,
 0x00, 0x00, 0xf7, 0x29, 0xe4, 0x41, 0xa2, 0x01,
 0x00, 0x00, 0xe5, 0x24, 0x01, 0x00, 0x0e, 0x64,
 0x03, 0x00, 0x41, 0xb7, 0x01, 0x00, 0x00, 0xe5,
 0x24, 0x01, 0x00, 0xcf, 0x61, 0x00, 0x00, 0xe5,
 0xad, 0xf0, 0x11, 0x64, 0x00, 0x00, 0xe4, 0xe4,
 0xef, 0xbb, 0x9d, 0x38, 0x49, 0x00, 0x00, 0x00,
 0xf7, 0x0e, 0x29, 0x64, 0x04, 0x00, 0x61, 0x00,
 0x00, 0xe4, 0xf6, 0x0e, 0x29, 0xae, 0x05, 0xef,
 0x07, 0x3e, 0x2a, 0x12, 0x57, 0x17, 0x01, 0x11,
 0x16, 0x07, 0x12, 0x0c, 0x22, 0x0c, 0x06, 0x00,
 0x07, 0x0a, 0x57, 0x20, 0x1a, 0x1d, 0x04, 0x2a,
 0x26, 0x1d, 0x3b, 0x11, 0x16, 0x17, 0x15, 0x11,
 0x16, 0x07, 0x12, 0x0c, 0x22, 0x0c, 0x06, 0x2c,
 0x4f, 0x11, 0x0e, 0x11, 0x10, 0x00, 0x64, 0x03,
 0x00, 0x41, 0x44, 0x01, 0x00, 0x00, 0xd7, 0x64,
 0x04, 0x00, 0x40, 0xb6, 0x01, 0x00, 0x00, 0x09,
 0x5d, 0x05, 0x00, 0xc5, 0x00, 0xf5, 0x24, 0x04,
 0x00, 0x29, 0xae, 0x05, 0xec, 0x07, 0x14, 0x0a,
 0x05, 0x15, 0x2a, 0x1e, 0x07, 0x12, 0x2f, 0x2e,
 0x11, 0x0c, 0x00, 0x0c, 0x42, 0x0a, 0x01, 0x00,
 0x03, 0x00, 0x03, 0x06, 0x03, 0x05, 0x01, 0x24,
 0x03, 0xe2, 0x06, 0x00, 0x01, 0x40, 0x00, 0xbe,
 0x01, 0x00, 0x01, 0x40, 0x01, 0xe8, 0x06, 0x00,
 0x01, 0x40, 0x02, 0xe8, 0x05, 0x03, 0x18, 0xaa,
 0x07, 0x07, 0x18, 0xf4, 0x03, 0x01, 0x1a, 0xf4,
 0x05, 0x02, 0x18, 0x86, 0x04, 0x03, 0x02, 0x0c,
 0x42, 0x0a, 0x01, 0x00, 0x01, 0x00, 0x01, 0x05,
 0x00, 0x05, 0x00, 0x35, 0x01, 0xa2, 0x05, 0x00,
 0x01, 0x00, 0xe8, 0x05, 0x00, 0x1a, 0xaa, 0x07,
 0x01, 0x1a, 0xe2, 0x06, 0x00, 0x01, 0xbe, 0x01,
 0x01, 0x01, 0xe8, 0x06, 0x02, 0x01, 0xd7, 0xf0,
 0x15, 0xd7, 0x40, 0x56, 0x01, 0x00, 0x00, 0x04,
 0xb8, 0x01, 0x00, 0x00, 0xae, 0xf0, 0x07, 0x64,
 0x00, 0x00, 0xd7, 0xf5, 0x29, 0x64, 0x01, 0x00,
 0xe5, 0xe6, 0xbb, 0x9d, 0x5d, 0x04, 0x00, 0x11,
 0xaf, 0xf0, 0x0f, 0x0e, 0xd7, 0xf0, 0x08, 0x38,
 0x49, 0x00, 0x00, 0x00, 0xf2, 0x04, 0xe5, 0xe6,
 0x46, 0xf7, 0x29, 0xae, 0x05, 0x89, 0x08, 0x33,
 0x1e, 0x03, 0x43, 0x11, 0x0e, 0x20, 0x1a, 0x2b,
 0x27, 0x11, 0x06, 0x00, 0x03, 0x0a, 0x0d, 0x11,
 0x16, 0x07, 0x12, 0x07, 0x10, 0x0c, 0x06, 0x2a,
 0x14, 0x11, 0x0c, 0x25, 0x18, 0x07, 0x10, 0x00,
 0xd8, 0xba, 0xa5, 0xf0, 0x08, 0x64, 0x00, 0x00,
 0x07, 0xd9, 0xf6, 0x29, 0x64, 0x02, 0x00, 0x41,
 0x46, 0x01, 0x00, 0x00, 0xd7, 0xd8, 0x46, 0x64,
 0x03, 0x00, 0x5d, 0x04, 0x00, 0xc5, 0x00, 0xf5,
 0x24, 0x03, 0x00, 0x29, 0xae, 0x05, 0x82, 0x08,
 0x18, 0x18, 0x03, 0x15, 0x07, 0x10, 0x17, 0x0f,
 0x11, 0x06, 0x07, 0x0c, 0x00, 0x03, 0x0a, 0x19,
 0x2a, 0x1c, 0x07, 0x10, 0x0c, 0x10, 0x11, 0x0c,
 0x11, 0x0c, 0x00, 0x60, 0x07, 0x00, 0x60, 0x06,
 0x00, 0x60, 0x05, 0x00, 0x60, 0x04, 0x00, 0x60,
 0x03, 0x00, 0x60, 0x02, 0x00, 0x60, 0x01, 0x00,
 0x60, 0x00, 0x00, 0xd8, 0x96, 0x04, 0x4a, 0x00,
 0x00, 0x00, 0xad, 0xf0, 0x0a, 0x0b, 0xd8, 0x4b,
 0x7a, 0x01, 0x00, 0x00, 0xf2, 0x02, 0xd8, 0xcf,
 0x06, 0x11, 0xf8, 0xf1, 0x28, 0x7e, 0x81, 0x00,
 0x0e, 0x70, 0x41, 0xb0, 0x01, 0x00, 0x00, 0x11,
 0xf8, 0xf0, 0x03, 0x0e, 0x09, 0xd0, 0x41, 0x7a,
 0x01, 0x00, 0x00, 0x11, 0xf8, 0xf0, 0x05, 0x0e,
 0xc3, 0xff, 0x01, 0xd1, 0x0e, 0x81, 0x00, 0x0e,
 0xd2, 0x83, 0xf2, 0x0d, 0x0e, 0x5d, 0x04, 0x00,
 0x61, 0x00, 0x00, 0xd9, 0x0b, 0xf7, 0xf2, 0xce,
 0x5d, 0x05, 0x00, 0xd7, 0xf5, 0xc8, 0x04, 0x61,
 0x01, 0x00, 0x95, 0xf0, 0x18, 0x64, 0x01, 0x00,
 0x41, 0x46, 0x01, 0x00, 0x00, 0x61, 0x04, 0x00,
 0x61, 0x02, 0x00, 0xe6, 0x61, 0x03, 0x00, 0xf5,
 0x24, 0x03, 0x00, 0x29, 0x64, 0x00, 0x00, 0x41,
 0x8a, 0x00, 0x00, 0x00, 0x61, 0x04, 0x00, 0x24,
 0x01, 0x00, 0xc8, 0x05, 0xc5, 0x00, 0x4c, 0xd4,
 0x01, 0x00, 0x00, 0xc8, 0x06, 0xc5, 0x01, 0x4c,
 0xd5, 0x01, 0x00, 0x00, 0xc8, 0x07, 0x61, 0x06,
 0x00, 0x61, 0x05, 0x00, 0x26, 0x00, 0x00, 0xf6,
 0x29, 0xae, 0x05, 0xdd, 0x07, 0x01, 0x2c, 0x7b,
 0x30, 0x07, 0x18, 0x34, 0x26, 0x2a, 0x18, 0xda,
 0x71, 0x16, 0x58, 0x11, 0x26, 0x11, 0x0c, 0x1c,
 0x7d, 0x11, 0x10, 0x18, 0x1d, 0x21, 0x01, 0x2a,
 0x1c, 0x11, 0x0a, 0x11, 0x0c, 0x07, 0x0c, 0x00,
 0x08, 0x0e, 0x23, 0x2a, 0x26, 0x00, 0x1a, 0x54,
 0x47, 0x11, 0x0e, 0x00, 0x0c, 0x43, 0x0a, 0x01,
 0x8e, 0x05, 0x03, 0x00, 0x03, 0x06, 0x00, 0x04,
 0x00, 0x4e, 0x03, 0xb2, 0x05, 0x00, 0x01, 0x00,
 0xd0, 0x05, 0x00, 0x01, 0x00, 0xe2, 0x05, 0x00,
 0x01, 0x00, 0xf4, 0x03, 0x02, 0x18, 0xfc, 0x03,
 0x06, 0x00, 0x86, 0x04, 0x0b, 0x00, 0x88, 0x04,
 0x0c, 0x00, 0xd8, 0xfb, 0xf0, 0x09, 0xd8, 0xdd,
 0x38, 0x49, 0x00, 0x00, 0x00, 0xdc, 0xd8, 0xf0,
 0x2c, 0xd8, 0x40, 0xb0, 0x01, 0x00, 0x00, 0x38,
 0x49, 0x00, 0x00, 0x00, 0xae, 0xf0, 0x1e, 0x38,
 0xda, 0x00, 0x00, 0x00, 0x11, 0x04, 0xb9, 0x01,
 0x00, 0x00, 0x41, 0x64, 0x00, 0x00, 0x00, 0xd8,
 0x40, 0xb0, 0x01, 0x00, 0x00, 0x24, 0x01, 0x00,
 0x21, 0x01, 0x00, 0x30, 0x64, 0x00, 0x00, 0x41,
 0x47, 0x01, 0x00, 0x00, 0xe4, 0xd7, 0xf5, 0xe5,
 0xe6, 0xd9, 0xf5, 0xf5, 0x24, 0x02, 0x00, 0x29,
 0xae, 0x05, 0x97, 0x08, 0x01, 0x21, 0x03, 0x1e,
 0x07, 0x18, 0x12, 0x0f, 0x0d, 0x01, 0x23, 0x13,
 0x11, 0x16, 0x20, 0x2c, 0x2b, 0x2d, 0x53, 0x7e,
 0x00, 0x0d, 0x08, 0x99, 0x01, 0x2a, 0x1c, 0x07,
 0x10, 0x0c, 0x0e, 0x07, 0x0c, 0x07, 0x18, 0x00,
 0x0c, 0x43, 0x0a, 0x01, 0x90, 0x05, 0x03, 0x04,
 0x03, 0x06, 0x04, 0x08, 0x01, 0x59, 0x07, 0xb2,
 0x05, 0x00, 0x01, 0x00, 0xd0, 0x05, 0x00, 0x01,
 0x00, 0xe2, 0x05, 0x00, 0x01, 0x00, 0xe0, 0x06,
 0x01, 0x00, 0x70, 0x03, 0xf4, 0x06, 0x01, 0x01,
 0x70, 0x02, 0xe8, 0x05, 0x01, 0x02, 0x70, 0x00,
 0xbc, 0x01, 0x01, 0x03, 0x70, 0x01, 0xf4, 0x03,
 0x02, 0x18, 0x86, 0x04, 0x0b, 0x00, 0x90, 0x05,
 0x54, 0x00, 0xf2, 0x03, 0x01, 0x18, 0xf6, 0x03,
 0x03, 0x18, 0xfa, 0x03, 0x05, 0x00, 0x8a, 0x04,
 0x0d, 0x00, 0xfc, 0x03, 0x06, 0x00, 0x0c, 0x42,
 0x0a, 0x01, 0x00, 0x02, 0x00, 0x02, 0x06, 0x00,
 0x0a, 0x01, 0x84, 0x01, 0x02, 0xa2, 0x05, 0x00,
 0x01, 0x00, 0xf0, 0x01, 0x00, 0x01, 0x00, 0xe8,
 0x05, 0x02, 0x18, 0xf4, 0x03, 0x00, 0x1a, 0xbc,
 0x01, 0x03, 0x18, 0x86, 0x04, 0x01, 0x02, 0x90,
 0x05, 0x02, 0x02, 0xf2, 0x03, 0x03, 0x1a, 0xf4,
 0x06, 0x01, 0x18, 0xf6, 0x03, 0x04, 0x1a, 0xe0,
 0x06, 0x00, 0x18, 0xfa, 0x03, 0x05, 0x02, 0x0c,
 0x42, 0x0a, 0x01, 0x00, 0x02, 0x01, 0x02, 0x02,
 0x02, 0x07, 0x01, 0x1a, 0x03, 0xac, 0x07, 0x00,
 0x01, 0x00, 0xae, 0x07, 0x00, 0x01, 0x40, 0x01,
 0xe4, 0x01, 0x01, 0x00, 0x70, 0x00, 0xe8, 0x05,
 0x00, 0x1a, 0xf4, 0x03, 0x01, 0x1a, 0xbc, 0x01,
 0x02, 0x1a, 0x86, 0x04, 0x03, 0x02, 0x90, 0x05,
 0x04, 0x02, 0xf2, 0x03, 0x05, 0x1a, 0xf4, 0x06,
 0x06, 0x1a, 0x0c, 0x42, 0x0a, 0x01, 0x00, 0x01,
 0x00, 0x01, 0x06, 0x01, 0x09, 0x01, 0x43, 0x01,
 0xbe, 0x01, 0x00, 0x01, 0x40, 0x00, 0xe8, 0x05,
 0x00, 0x1a, 0xe4, 0x01, 0x00, 0x18, 0xae, 0x07,
 0x01, 0x01, 0xf4, 0x03, 0x01, 0x1a, 0xbc, 0x01,
 0x02, 0x1a, 0x86, 0x04, 0x03, 0x02, 0x90, 0x05,
 0x04, 0x02, 0xf2, 0x03, 0x05, 0x1a, 0xf4, 0x06,
 0x06, 0x1a, 0x0c, 0x42, 0x0a, 0x01, 0x00, 0x01,
 0x00, 0x01, 0x03, 0x00, 0x03, 0x00, 0x13, 0x01,
 0xb0, 0x07, 0x00, 0x01, 0x00, 0xe8, 0x05, 0x00,
 0x1a, 0xe4, 0x01, 0x01, 0x1a, 0xbe, 0x01, 0x00,
 0x01, 0xd7, 0xf0, 0x08, 0x64, 0x00, 0x00, 0xd7,
 0xf5, 0x0e, 0x29, 0x64, 0x01, 0x00, 0xe5, 0xbb,
 0x9c, 0xf5, 0x0e, 0x29, 0xae, 0x05, 0xcb, 0x08,
 0x57, 0x0c, 0x03, 0x7b, 0x12, 0x00, 0x11, 0x06,
 0x18, 0x05, 0x11, 0x0a, 0x07, 0x10, 0x00, 0xd7,
 0xe5, 0xef, 0xa8, 0xf0, 0x17, 0x64, 0x03, 0x00,
 0x41, 0x47, 0x01, 0x00, 0x00, 0x64, 0x04, 0x00,
 0x5d, 0x05, 0x00, 0x64, 0x00, 0x00, 0xf5, 0x24,
 0x02, 0x00, 0x29, 0x5d, 0x06, 0x00, 0x64, 0x07,
 0x00, 0x41, 0x63, 0x00, 0x00, 0x00, 0x64, 0x04,
 0x00, 0xe5, 0xd7, 0x46, 0x24, 0x02, 0x00, 0x0b,
 0x0a, 0x4b, 0xb0, 0x01, 0x00, 0x00, 0x64, 0x08,
 0x00, 0x4b, 0xba, 0x01, 0x00, 0x00, 0xc5, 0x00,
 0xf7, 0x29, 0xae, 0x05, 0xc4, 0x08, 0x1a, 0x18,
 0x03, 0x09, 0x07, 0x12, 0x1c, 0x11, 0x2a, 0x1c,
 0x11, 0x10, 0x11, 0x0c, 0x00, 0x08, 0x0a, 0x3f,
 0x11, 0x06, 0x2a, 0x20, 0x11, 0x10, 0x07, 0x0c,
 0x00, 0x60, 0x00, 0x00, 0xd7, 0xf0, 0x07, 0x64,
 0x00, 0x00, 0xd7, 0xf5, 0x29, 0xc5, 0x00, 0x4c,
 0x72, 0x00, 0x00, 0x00, 0xcf, 0x61, 0x00, 0x00,
 0xba, 0xf5, 0x29, 0xae, 0x05, 0xbd, 0x08, 0x28,
 0x0a, 0x12, 0x2d, 0x12, 0x00, 0x11, 0x06, 0x00,
 0x0b, 0x2a, 0x0d, 0x00, 0xd7, 0xf0, 0x1d, 0x64,
 0x00, 0x00, 0x64, 0x06, 0x00, 0xf0, 0x12, 0xd7,
 0x40, 0x56, 0x01, 0x00, 0x00, 0x04, 0x9a, 0x01,
 0x00, 0x00, 0xad, 0xf0, 0x04, 0x07, 0xf2, 0x02,
 0xd7, 0xf5, 0x29, 0xd8, 0x40, 0x7a, 0x01, 0x00,
 0x00, 0x64, 0x07, 0x00, 0x40, 0x7b, 0x01, 0x00,
 0x00, 0xa1, 0x64, 0x07, 0x00, 0x40, 0x7e, 0x01,
 0x00, 0x00, 0xae, 0xf0, 0x15, 0x64, 0x01, 0x00,
 0x41, 0x36, 0x01, 0x00, 0x00, 0x64, 0x02, 0x00,
 0xe6, 0x64, 0x00, 0x00, 0xf5, 0x24, 0x02, 0x00,
 0x29, 0x64, 0x08, 0x00, 0x95, 0xf0, 0x1e, 0x64,
 0x00, 0x00, 0x5d, 0x09, 0x00, 0x04, 0xbb, 0x01,
 0x00, 0x00, 0x04, 0xbc, 0x01, 0x00, 0x00, 0x04,
 0x48, 0x01, 0x00, 0x00, 0x64, 0x02, 0x00, 0x22,
 0x04, 0x00, 0xf5, 0x29, 0x64, 0x01, 0x00, 0x41,
 0x35, 0x01, 0x00, 0x00, 0x64, 0x02, 0x00, 0x09,
 0xe6, 0xc5, 0x00, 0xf5, 0x24, 0x03, 0x00, 0x29,
 0xae, 0x05, 0xaa, 0x08, 0x1b, 0x2e, 0x03, 0x1b,
 0x12, 0x00, 0x11, 0x06, 0x1b, 0x12, 0x20, 0x1a,
 0x39, 0x24, 0x00, 0x03, 0x0a, 0x53, 0x20, 0x16,
 0x2f, 0x2c, 0x3a, 0x43, 0x2a, 0x1e, 0x11, 0x10,
 0x07, 0x0c, 0x00, 0x08, 0x0a, 0x37, 0x21, 0x01,
 0x11, 0x06, 0x5c, 0x70, 0x00, 0x08, 0x0a, 0x7d,
 0x2a, 0x20, 0x16, 0x1e, 0x00, 0x60, 0x03, 0x00,
 0x60, 0x02, 0x00, 0x60, 0x01, 0x00, 0x60, 0x00,
 0x00, 0x06, 0x11, 0xf8, 0xf1, 0x26, 0x7e, 0x81,
 0x00, 0x0e, 0x70, 0x41, 0xb0, 0x01, 0x00, 0x00,
 0x11, 0xf8, 0xf0, 0x03, 0x0e, 0x09, 0xcf, 0x41,
 0xba, 0x01, 0x00, 0x00, 0x11, 0xf8, 0xf0, 0x03,
 0x0e, 0x09, 0xd0, 0x0e, 0x81, 0x00, 0x0e, 0xd1,
 0x83, 0xf2, 0x0b, 0x0e, 0x5d, 0x06, 0x00, 0xd8,
 0xd9, 0x0b, 0xf7, 0xf2, 0xd2, 0x5d, 0x07, 0x00,
 0xd7, 0xf5, 0xd2, 0x64, 0x00, 0x00, 0x41, 0x33,
 0x01, 0x00, 0x00, 0x61, 0x03, 0x00, 0xe4, 0xc5,
 0x00, 0xf5, 0x24, 0x02, 0x00, 0x29, 0xae, 0x05,
 0xa6, 0x08, 0x01, 0x14, 0x00, 0x33, 0x02, 0x14,
 0x16, 0x5a, 0x11, 0x26, 0x07, 0x12, 0x1c, 0x7f,
 0x11, 0x10, 0x13, 0x2d, 0x2a, 0x1c, 0x11, 0x10,
 0x00, 0x0c, 0x43, 0x0a, 0x01, 0x92, 0x05, 0x03,
 0x05, 0x03, 0x07, 0x04, 0x08, 0x02, 0x83, 0x01,
 0x08, 0xb2, 0x05, 0x00, 0x01, 0x00, 0xd0, 0x05,
 0x00, 0x01, 0x00, 0xe2, 0x05, 0x00, 0x01, 0x00,
 0xd4, 0x05, 0x01, 0x00, 0x70, 0x01, 0xc6, 0x06,
 0x01, 0x01, 0x30, 0xe8, 0x05, 0x01, 0x02, 0x70,
 0x00, 0xc8, 0x06, 0x01, 0x03, 0x70, 0x02, 0xb2,
 0x07, 0x01, 0x04, 0x70, 0x03, 0xf4, 0x03, 0x02,
 0x18, 0x86, 0x04, 0x0b, 0x00, 0xf0, 0x03, 0x00,
 0x18, 0xac, 0x04, 0x22, 0x18, 0xf6, 0x03, 0x03,
 0x18, 0x8a, 0x04, 0x0d, 0x00, 0xfc, 0x03, 0x06,
 0x00, 0x82, 0x04, 0x09, 0x00, 0x0c, 0x42, 0x0a,
 0x01, 0x00, 0x01, 0x01, 0x01, 0x05, 0x02, 0x08,
 0x02, 0x1e, 0x02, 0xe0, 0x05, 0x00, 0x01, 0x40,
 0x00, 0xe2, 0x01, 0x01, 0x00, 0x70, 0x01, 0xe8,
 0x05, 0x02, 0x18, 0xd4, 0x05, 0x00, 0x18, 0xc8,
 0x06, 0x03, 0x18, 0xf4, 0x03, 0x00, 0x1a, 0x86,
 0x04, 0x01, 0x02, 0xf0, 0x03, 0x02, 0x1a, 0xac,
 0x04, 0x03, 0x1a, 0xf6, 0x03, 0x04, 0x1a, 0x0c,
 0x42, 0x0a, 0x01, 0x00, 0x02, 0x01, 0x02, 0x05,
 0x03, 0x06, 0x02, 0x2c, 0x03, 0xa2, 0x05, 0x00,
 0x01, 0x40, 0x00, 0xa0, 0x06, 0x00, 0x01, 0x40,
 0x01, 0xb4, 0x07, 0x01, 0x00, 0x70, 0x02, 0xe8,
 0x05, 0x00, 0x1a, 0xd4, 0x05, 0x01, 0x1a, 0xc8,
 0x06, 0x02, 0x1a, 0xf4, 0x03, 0x03, 0x1a, 0xe0,
 0x05, 0x00, 0x01, 0x86, 0x04, 0x04, 0x02, 0x0c,
 0x42, 0x0a, 0x01, 0x00, 0x00, 0x00, 0x00, 0x05,
 0x00, 0x04, 0x00, 0x23, 0x00, 0xa2, 0x05, 0x00,
 0x01, 0xe8, 0x05, 0x00, 0x1a, 0xd4, 0x05, 0x01,
 0x1a, 0xa0, 0x06, 0x01, 0x01, 0xe3, 0xf0, 0x07,
 0x64, 0x01, 0x00, 0xe3, 0xf5, 0x28, 0x64, 0x01,
 0x00, 0x07, 0x64, 0x02, 0x00, 0xf0, 0x0f, 0xe6,
 0x41, 0x3b, 0x00, 0x00, 0x00, 0x64, 0x02, 0x00,
 0x24, 0x01, 0x00, 0xf2, 0x02, 0xe6, 0xf6, 0x28,
 0xae, 0x05, 0xe1, 0x08, 0x1c, 0x12, 0x02, 0x0e,
 0x11, 0x0c, 0x11, 0x06, 0x11, 0x0e, 0x11, 0x06,
 0x07, 0x0c, 0x1b, 0x16, 0x20, 0x1c, 0x2a, 0x18,
 0x00, 0x0c, 0x42, 0x0a, 0x01, 0x00, 0x01, 0x00,
 0x01, 0x01, 0x00, 0x02, 0x00, 0x0e, 0x01, 0xa4,
 0x07, 0x00, 0x01, 0x00, 0xa2, 0x05, 0x00, 0x01,
 0xb4, 0x07, 0x00, 0x18, 0xe3, 0x95, 0xf0, 0x06,
 0xd7, 0xf0, 0x03, 0xd7, 0xe7, 0x64, 0x01, 0x00,
 0xf4, 0x29, 0xae, 0x05, 0xe6, 0x08, 0x29, 0x08,
 0x03, 0x1d, 0x16, 0x0e, 0x12, 0x03, 0x0f, 0x13,
 0x00, 0x60, 0x00, 0x00, 0xc5, 0x00, 0x4c, 0xda,
 0x01, 0x00, 0x00, 0xcf, 0x64, 0x02, 0x00, 0xf0,
 0x07, 0x61, 0x00, 0x00, 0xf4, 0x0e, 0x29, 0x64,
 0x03, 0x00, 0x41, 0x2e, 0x01, 0x00, 0x00, 0x5d,
 0x04, 0x00, 0x5d, 0x05, 0x00, 0xc5, 0x01, 0xf5,
 0x24, 0x02, 0x00, 0x0e, 0x29, 0xae, 0x05, 0xe0,
 0x08, 0x16, 0x0c, 0x3c, 0x09, 0x1c, 0x00, 0x22,
 0x00, 0x2a, 0x1c, 0x11, 0x08, 0x11, 0x0c, 0x00,
 0x0c, 0x42, 0x0a, 0x01, 0x00, 0x02, 0x06, 0x02,
 0x03, 0x06, 0x07, 0x02, 0x78, 0x08, 0xb6, 0x07,
 0x00, 0x01, 0x00, 0xf0, 0x01, 0x00, 0x01, 0x00,
 0x64, 0x01, 0x00, 0x70, 0x02, 0xb8, 0x06, 0x05,
 0x06, 0x70, 0x00, 0xb8, 0x07, 0x05, 0x02, 0x70,
 0x01, 0xbc, 0x06, 0x01, 0x01, 0x70, 0x03, 0xbe,
 0x06, 0x01, 0x04, 0x60, 0x04, 0xb8, 0x07, 0x01,
 0x05, 0x70, 0x05, 0xe2, 0x01, 0x00, 0x18, 0xf4,
 0x03, 0x03, 0x1a, 0xe0, 0x05, 0x00, 0x01, 0x86,
 0x04, 0x04, 0x02, 0xf0, 0x03, 0x05, 0x1a, 0xac,
 0x04, 0x06, 0x1a, 0xf6, 0x03, 0x07, 0x1a, 0x0c,
 0x42, 0x0a, 0x01, 0x00, 0x01, 0x00, 0x01, 0x09,
 0x01, 0x07, 0x01, 0x2f, 0x01, 0xde, 0x04, 0x00,
 0x01, 0x40, 0x00, 0xe2, 0x01, 0x00, 0x1a, 0xb8,
 0x06, 0x01, 0x18, 0xb8, 0x07, 0x02, 0x18, 0x64,
 0x00, 0x18, 0xf4, 0x03, 0x01, 0x1a, 0xe0, 0x05,
 0x02, 0x02, 0x86, 0x04, 0x03, 0x02, 0x0c, 0x42,
 0x0a, 0x01, 0x00, 0x02, 0x00, 0x02, 0x06, 0x00,
 0x04, 0x00, 0x2c, 0x02, 0xac, 0x07, 0x00, 0x01,
 0x00, 0xba, 0x06, 0x00, 0x01, 0x00, 0xe2, 0x01,
 0x00, 0x1a, 0xb8, 0x06, 0x01, 0x1a, 0xde, 0x04,
 0x00, 0x01, 0xb8, 0x07, 0x02, 0x1a, 0xd7, 0xf0,
 0x08, 0x64, 0x00, 0x00, 0xd7, 0xf5, 0x0e, 0x29,
 0xd8, 0xba, 0xad, 0xf0, 0x15, 0x64, 0x00, 0x00,
 0x07, 0x64, 0x01, 0x00, 0x41, 0xa1, 0x01, 0x00,
 0x00, 0xba, 0xe5, 0x24, 0x02, 0x00, 0xf6, 0x0e,
 0x29, 0x64, 0x03, 0x00, 0xe5, 0xd8, 0x9c, 0xf5,
 0x0e, 0x29, 0xae, 0x05, 0x85, 0x09, 0x42, 0x1a,
 0x03, 0x49, 0x12, 0x00, 0x11, 0x0a, 0x17, 0x04,
 0x07, 0x0c, 0x17, 0x19, 0x11, 0x0a, 0x07, 0x0c,
 0x2a, 0x08, 0x07, 0x12, 0x27, 0x2f, 0x11, 0x0a,
 0x07, 0x0e, 0x00, 0xd7, 0x64, 0x03, 0x00, 0xa8,
 0xf0, 0x0a, 0x64, 0x00, 0x00, 0x07, 0x64, 0x01,
 0x00, 0xf6, 0x29, 0x64, 0x04, 0x00, 0x41, 0x2f,
 0x01, 0x00, 0x00, 0x5d, 0x05, 0x00, 0x64, 0x01,
 0x00, 0xd7, 0x64, 0x03, 0x00, 0xd7, 0x9d, 0xb9,
 0x5d, 0x06, 0x00, 0xc5, 0x00, 0xf5, 0x24, 0x06,
 0x00, 0x29, 0xae, 0x05, 0xfe, 0x08, 0x1e, 0x1a,
 0x03, 0x09, 0x07, 0x10, 0x21, 0x0f, 0x11, 0x0a,
 0x07, 0x0c, 0x00, 0x05, 0x0a, 0x1d, 0x2a, 0x1a,
 0x11, 0x08, 0x11, 0x0a, 0x07, 0x0c, 0x11, 0x0e,
 0x11, 0x14, 0x00, 0x0c, 0x42, 0x0a, 0x01, 0x00,
 0x00, 0x01, 0x00, 0x09, 0x01, 0x09, 0x01, 0x2f,
 0x01, 0xb8, 0x06, 0x01, 0x00, 0x70, 0x00, 0xe2,
 0x01, 0x00, 0x1a, 0xbc, 0x06, 0x03, 0x18, 0xf0,
 0x03, 0x04, 0x1a, 0xbe, 0x06, 0x04, 0x10, 0xac,
 0x04, 0x05, 0x1a, 0xb8, 0x07, 0x05, 0x18, 0xf4,
 0x03, 0x01, 0x1a, 0xe0, 0x05, 0x02, 0x02, 0x86,
 0x04, 0x03, 0x02, 0x0c, 0x42, 0x0a, 0x01, 0x00,
 0x02, 0x00, 0x02, 0x06, 0x00, 0x07, 0x00, 0x6b,
 0x02, 0xac, 0x07, 0x00, 0x01, 0x00, 0xba, 0x06,
 0x00, 0x01, 0x00, 0xe2, 0x01, 0x00, 0x1a, 0xbc,
 0x06, 0x01, 0x1a, 0xf0, 0x03, 0x02, 0x1a, 0xbe,
 0x06, 0x03, 0x12, 0xac, 0x04, 0x04, 0x1a, 0xb8,
 0x06, 0x00, 0x18, 0xb8, 0x07, 0x05, 0x1a, 0xd7,
 0xf0, 0x08, 0x64, 0x00, 0x00, 0xd7, 0xf5, 0x0e,
 0x29, 0xd8, 0xba, 0xad, 0xf0, 0x28, 0x64, 0x00,
 0x00, 0x07, 0x64, 0x01, 0x00, 0xef, 0xbb, 0xad,
 0xf0, 0x08, 0x64, 0x01, 0x00, 0xba, 0x46, 0xf2,
 0x12, 0x64, 0x02, 0x00, 0x41, 0x64, 0x00, 0x00,
 0x00, 0x64, 0x01, 0x00, 0x64, 0x03, 0x00, 0x24,
 0x02, 0x00, 0xf6, 0x0e, 0x29, 0x64, 0x01, 0x00,
 0x41, 0xa2, 0x01, 0x00, 0x00, 0xd8, 0x64, 0x04,
 0x00, 0xad, 0xf0, 0x06, 0x64, 0x05, 0x00, 0xf2,
 0x0e, 0x64, 0x05, 0x00, 0x41, 0xa1, 0x01, 0x00,
 0x00, 0xba, 0xd8, 0x24, 0x02, 0x00, 0x24, 0x01,
 0x00, 0x0e, 0x64, 0x03, 0x00, 0xd8, 0x9c, 0x11,
 0x65, 0x03, 0x00, 0x0e, 0x64, 0x06, 0x00, 0xf4,
 0x0e, 0x29, 0xae, 0x05, 0x9b, 0x09, 0x35, 0x2f,
 0x03, 0x37, 0x12, 0x00, 0x11, 0x0a, 0x17, 0x04,
 0x07, 0x0c, 0x17, 0x19, 0x11, 0x0a, 0x07, 0x0c,
 0x16, 0x24, 0x16, 0x08, 0x25, 0x18, 0x2a, 0x1c,
 0x11, 0x10, 0x31, 0x85, 0x01, 0x2a, 0x18, 0x07,
 0x0c, 0x20, 0x10, 0x1b, 0x0c, 0x2a, 0x08, 0x07,
 0x12, 0x2b, 0x59, 0x11, 0x12, 0x26, 0x11, 0x00,
 0x60, 0x00, 0x00, 0x64, 0x02, 0x00, 0x41, 0xa0,
 0x01, 0x00, 0x00, 0x64, 0x04, 0x00, 0x24, 0x01,
 0x00, 0xcf, 0x64, 0x06, 0x00, 0x41, 0x2f, 0x01,
 0x00, 0x00, 0x5d, 0x07, 0x00, 0x61, 0x00, 0x00,
 0xba, 0x64, 0x04, 0x00, 0xb9, 0x5d, 0x08, 0x00,
 0xc5, 0x00, 0xf5, 0x24, 0x06, 0x00, 0x29, 0xae,
 0x05, 0x98, 0x09, 0x1a, 0x0e, 0x12, 0x06, 0x2a,
 0x26, 0x27, 0x3d, 0x2a, 0x1a, 0x11, 0x08, 0x16,
 0x10, 0x16, 0x16, 0x00, 0x60, 0x05, 0x00, 0x60,
 0x04, 0x00, 0x60, 0x03, 0x00, 0x60, 0x00, 0x00,
 0xd7, 0xf0, 0x07, 0x64, 0x00, 0x00, 0xd7, 0xf5,
 0x29, 0xd8, 0x40, 0x7a, 0x01, 0x00, 0x00, 0x64,
 0x06, 0x00, 0x40, 0x7b, 0x01, 0x00, 0x00, 0xa1,
 0x64, 0x06, 0x00, 0x40, 0x7d, 0x01, 0x00, 0x00,
 0xad, 0xf0, 0x09, 0xd8, 0x40, 0x32, 0x00, 0x00,
 0x00, 0xf2, 0x02, 0xba, 0xcf, 0x61, 0x00, 0x00,
 0xba, 0xa7, 0xf0, 0x24, 0x60, 0x02, 0x00, 0x60,
 0x01, 0x00, 0x64, 0x04, 0x00, 0x41, 0xa0, 0x01,
 0x00, 0x00, 0x61, 0x00, 0x00, 0x24, 0x01, 0x00,
 0xd0, 0xc5, 0x00, 0x4c, 0xdc, 0x01, 0x00, 0x00,
 0xd1, 0x61, 0x02, 0x00, 0xba, 0xf5, 0x29, 0x26,
 0x00, 0x00, 0xd2, 0xba, 0xc8, 0x04, 0xc5, 0x01,
 0x4c, 0xdc, 0x01, 0x00, 0x00, 0xc8, 0x05, 0x61,
 0x05, 0x00, 0xf4, 0x29, 0xae, 0x05, 0xf0, 0x08,
 0x1b, 0x22, 0x3f, 0x13, 0x12, 0x00, 0x11, 0x0a,
 0x00, 0x03, 0x0a, 0x0a, 0x20, 0x16, 0x2f, 0x2c,
 0x39, 0x28, 0x00, 0x0a, 0x08, 0x7d, 0x11, 0x0e,
 0x35, 0x0a, 0x2a, 0x26, 0x00, 0x0f, 0x28, 0x3d,
 0x00, 0x16, 0x30, 0x07, 0x00, 0x60, 0x00, 0x00,
 0xc5, 0x00, 0x4c, 0x71, 0x00, 0x00, 0x00, 0xcf,
 0x64, 0x03, 0x00, 0x41, 0x34, 0x01, 0x00, 0x00,
 0xd7, 0x5d, 0x04, 0x00, 0xc5, 0x01, 0xf5, 0x24,
 0x02, 0x00, 0x29, 0xae, 0x05, 0xdf, 0x08, 0x14,
 0x08, 0x00, 0x0b, 0x22, 0x15, 0x2a, 0x1c, 0x07,
 0x08, 0x00, 0x0c, 0x42, 0x0a, 0x01, 0x00, 0x02,
 0x00, 0x02, 0x02, 0x00, 0x02, 0x00, 0x11, 0x02,
 0xa2, 0x05, 0x00, 0x01, 0x00, 0xe0, 0x05, 0x00,
 0x01, 0x00, 0xe8, 0x05, 0x02, 0x18, 0xb2, 0x07,
 0x04, 0x18, 0xd7, 0xf0, 0x08, 0x64, 0x00, 0x00,
 0xd7, 0xf5, 0x0e, 0x29, 0x64, 0x01, 0x00, 0xd8,
 0xf5, 0x0e, 0x29, 0xae, 0x05, 0xb2, 0x09, 0x3d,
 0x0a, 0x03, 0x5f, 0x12, 0x00, 0x11, 0x06, 0x18,
 0x05, 0x11, 0x0e, 0x00, 0x60, 0x04, 0x00, 0x60,
 0x03, 0x00, 0x60, 0x02, 0x00, 0x60, 0x01, 0x00,
 0x60, 0x00, 0x00, 0x06, 0x11, 0xf8, 0xf1, 0x1a,
 0x7e, 0x81, 0x00, 0x0e, 0x70, 0x41, 0x6a, 0x01,
 0x00, 0x00, 0xcf, 0x41, 0xa3, 0x01, 0x00, 0x00,
 0xd0, 0x0e, 0x81, 0x00, 0x0e, 0xd1, 0x83, 0xf2,
 0x1b, 0x0e, 0x5d, 0x05, 0x00, 0xd8, 0xd9, 0x0b,
 0x07, 0x4b, 0x6a, 0x01, 0x00, 0x00, 0x04, 0xa6,
 0x01, 0x00, 0x00, 0x4b, 0xa3, 0x01, 0x00, 0x00,
 0xf7, 0xf2, 0xce, 0xd7, 0x96, 0x04, 0x4a, 0x00,
 0x00, 0x00, 0xad, 0xd2, 0xc5, 0x00, 0x4c, 0xd9,
 0x01, 0x00, 0x00, 0xc8, 0x04, 0x61, 0x03, 0x00,
 0xf0, 0x07, 0x61, 0x04, 0x00, 0xd7, 0xf5, 0x29,
 0x64, 0x00, 0x00, 0x41, 0x2d, 0x01, 0x00, 0x00,
 0x5d, 0x06, 0x00, 0xd7, 0xf5, 0x5d, 0x07, 0x00,
 0x61, 0x01, 0x00, 0xf5, 0xc3, 0xb6, 0x01, 0xe4,
 0xc5, 0x01, 0xf5, 0x24, 0x04, 0x00, 0x29, 0xae,
 0x05, 0xdb, 0x08, 0x01, 0x23, 0xd5, 0x14, 0x16,
 0x36, 0x11, 0x26, 0x07, 0x12, 0x6c, 0x51, 0x07,
 0x12, 0x00, 0x11, 0x9e, 0x01, 0x31, 0x1c, 0x00,
 0x11, 0x0e, 0x00, 0x03, 0x0a, 0x15, 0x2a, 0x1a,
 0x11, 0x10, 0x0c, 0x0e, 0x11, 0x1c, 0x25, 0x1c,
 0x00, 0x0c, 0x43, 0x0a, 0x01, 0x94, 0x05, 0x05,
 0x07, 0x05, 0x07, 0x04, 0x07, 0x02, 0xc3, 0x01,
 0x0c, 0xb2, 0x05, 0x00, 0x01, 0x00, 0xa0, 0x06,
 0x00, 0x01, 0x00, 0xd0, 0x05, 0x00, 0x01, 0x00,
 0xe2, 0x05, 0x00, 0x01, 0x00, 0xba, 0x07, 0x00,
 0x01, 0x00, 0xd4, 0x05, 0x01, 0x00, 0x30, 0xf4,
 0x05, 0x01, 0x01, 0x30, 0xc6, 0x06, 0x01, 0x02,
 0x30, 0xe8, 0x05, 0x01, 0x03, 0x70, 0x00, 0xa6,
 0x06, 0x01, 0x04, 0x70, 0x02, 0xc8, 0x06, 0x01,
 0x05, 0x70, 0x01, 0xb2, 0x07, 0x01, 0x06, 0x70,
 0x03, 0xf4, 0x03, 0x02, 0x18, 0x86, 0x04, 0x0b,
 0x00, 0x8a, 0x04, 0x0d, 0x00, 0xf0, 0x03, 0x00,
 0x18, 0x9c, 0x04, 0x1a, 0x00, 0xfc, 0x03, 0x06,
 0x00, 0x82, 0x04, 0x09, 0x00, 0x0c, 0x42, 0x0a,
 0x01, 0x00, 0x01, 0x02, 0x01, 0x02, 0x03, 0x05,
 0x02, 0x1c, 0x03, 0xe0, 0x05, 0x00, 0x01, 0x40,
 0x00, 0xe2, 0x01, 0x01, 0x00, 0x70, 0x01, 0xb8,
 0x07, 0x01, 0x01, 0x70, 0x02, 0xe8, 0x05, 0x03,
 0x18, 0xc8, 0x06, 0x05, 0x18, 0xf4, 0x03, 0x00,
 0x1a, 0x86, 0x04, 0x01, 0x02, 0xa6, 0x06, 0x04,
 0x18, 0x0c, 0x42, 0x0a, 0x01, 0x00, 0x01, 0x00,
 0x01, 0x05, 0x01, 0x05, 0x01, 0x20, 0x01, 0xa2,
 0x05, 0x00, 0x01, 0x40, 0x00, 0xe8, 0x05, 0x00,
 0x1a, 0xc8, 0x06, 0x01, 0x1a, 0xf4, 0x03, 0x02,
 0x1a, 0xe0, 0x05, 0x00, 0x01, 0x86, 0x04, 0x03,
 0x02, 0x0c, 0x42, 0x0a, 0x01, 0x00, 0x01, 0x00,
 0x01, 0x03, 0x00, 0x02, 0x00, 0x0c, 0x01, 0xa4,
 0x07, 0x00, 0x01, 0x00, 0xe8, 0x05, 0x00, 0x1a,
 0xa2, 0x05, 0x00, 0x01, 0x64, 0x00, 0x00, 0xe4,
 0x11, 0xf1, 0x03, 0x0e, 0xd7, 0x23, 0x01, 0x00,
 0xae, 0x05, 0xca, 0x09, 0x29, 0x06, 0x02, 0x18,
 0x11, 0x06, 0x1b, 0x0e, 0x00, 0x64, 0x01, 0x00,
 0xf0, 0x08, 0x64, 0x00, 0x00, 0xd7, 0xf5, 0x0e,
 0x29, 0x64, 0x02, 0x00, 0x41, 0x2e, 0x01, 0x00,
 0x00, 0xe6, 0x5d, 0x04, 0x00, 0xc5, 0x00, 0xf5,
 0x24, 0x02, 0x00, 0x0e, 0x29, 0xae, 0x05, 0xc6,
 0x09, 0x16, 0x0e, 0x03, 0x09, 0x1c, 0x00, 0x11,
 0x06, 0x18, 0x05, 0x2a, 0x1c, 0x07, 0x08, 0x11,
 0x0c, 0x00, 0x0c, 0x42, 0x0a, 0x01, 0x00, 0x01,
 0x00, 0x01, 0x09, 0x01, 0x06, 0x01, 0x36, 0x01,
 0xce, 0x06, 0x00, 0x01, 0x40, 0x00, 0xe2, 0x01,
 0x00, 0x18, 0xb8, 0x07, 0x01, 0x18, 0xa6, 0x06,
 0x04, 0x1a, 0xf4, 0x03, 0x02, 0x1a, 0xe0, 0x05,
 0x00, 0x01, 0x86, 0x04, 0x03, 0x02, 0x0c, 0x42,
 0x0a, 0x01, 0x00, 0x02, 0x00, 0x02, 0x03, 0x00,
 0x03, 0x00, 0x1f, 0x02, 0xa2, 0x05, 0x00, 0x01,
 0x00, 0xba, 0x06, 0x00, 0x01, 0x00, 0xe2, 0x01,
 0x00, 0x1a, 0xb8, 0x07, 0x01, 0x1a, 0xce, 0x06,
 0x00, 0x01, 0xd7, 0xf0, 0x08, 0x64, 0x00, 0x00,
 0xd7, 0xf5, 0x0e, 0x29, 0xd8, 0xba, 0xad, 0xf0,
 0x08, 0x64, 0x00, 0x00, 0x07, 0xf5, 0x0e, 0x29,
 0x64, 0x01, 0x00, 0xe5, 0xd8, 0x9c, 0xf5, 0x0e,
 0x29, 0xae, 0x05, 0xd5, 0x09, 0x4f, 0x14, 0x03,
 0x73, 0x12, 0x00, 0x11, 0x0a, 0x17, 0x04, 0x07,
 0x0c, 0x17, 0x19, 0x11, 0x0a, 0x18, 0x09, 0x11,
 0x0a, 0x07, 0x14, 0x00, 0xd7, 0x64, 0x02, 0x00,
 0x40, 0x8f, 0x01, 0x00, 0x00, 0xa8, 0xf0, 0x07,
 0x64, 0x00, 0x00, 0x07, 0xf5, 0x29, 0x64, 0x03,
 0x00, 0x41, 0x30, 0x01, 0x00, 0x00, 0x5d, 0x04,
 0x00, 0x64, 0x02, 0x00, 0xd7, 0x64, 0x02, 0x00,
 0x40, 0x8f, 0x01, 0x00, 0x00, 0xd7, 0x9d, 0xb9,
 0x5d, 0x05, 0x00, 0xc5, 0x00, 0xf5, 0x24, 0x06,
 0x00, 0x29, 0xae, 0x05, 0xce, 0x09, 0x16, 0x18,
 0x03, 0x09, 0x07, 0x16, 0x3a, 0x15, 0x11, 0x0a,
 0x00, 0x03, 0x0a, 0x11, 0x2a, 0x1c, 0x11, 0x08,
 0x11, 0x0e, 0x07, 0x12, 0x2a, 0x26, 0x11, 0x1a,
 0x00, 0x60, 0x01, 0x00, 0x60, 0x00, 0x00, 0xc5,
 0x00, 0x4c, 0x71, 0x00, 0x00, 0x00, 0xcf, 0xc5,
 0x01, 0x4c, 0xdc, 0x01, 0x00, 0x00, 0xd0, 0x61,
 0x01, 0x00, 0xba, 0xf5, 0x29, 0xae, 0x05, 0xc5,
 0x09, 0x14, 0x04, 0x00, 0x16, 0x36, 0x15, 0x00,
 0x0c, 0x42, 0x0a, 0x01, 0x00, 0x02, 0x00, 0x02,
 0x02, 0x00, 0x02, 0x00, 0x11, 0x02, 0xa2, 0x05,
 0x00, 0x01, 0x00, 0xe0, 0x05, 0x00, 0x01, 0x00,
 0xe8, 0x05, 0x03, 0x18, 0xb2, 0x07, 0x06, 0x18,
 0xd7, 0xf0, 0x08, 0x64, 0x00, 0x00, 0xd7, 0xf5,
 0x0e, 0x29, 0x64, 0x01, 0x00, 0xd8, 0xf5, 0x0e,
 0x29, 0xae, 0x05, 0xe9, 0x09, 0x3c, 0x0a, 0x03,
 0x5d, 0x12, 0x00, 0x11, 0x06, 0x18, 0x05, 0x11,
 0x0e, 0x00, 0x60, 0x06, 0x00, 0x60, 0x05, 0x00,
 0x60, 0x04, 0x00, 0x60, 0x03, 0x00, 0x60, 0x02,
 0x00, 0x60, 0x01, 0x00, 0x60, 0x00, 0x00, 0x06,
 0x11, 0xf8, 0xf1, 0x20, 0x7e, 0x81, 0x00, 0x0e,
 0x70, 0x41, 0x6a, 0x01, 0x00, 0x00, 0xcf, 0x41,
 0x7a, 0x01, 0x00, 0x00, 0xd0, 0x41, 0xa3, 0x01,
 0x00, 0x00, 0xd1, 0x0e, 0x81, 0x00, 0x0e, 0xd2,
 0x83, 0xf2, 0x23, 0x0e, 0xe5, 0xd9, 0xda, 0x0b,
 0x04, 0x66, 0x01, 0x00, 0x00, 0x4b, 0x6a, 0x01,
 0x00, 0x00, 0xc3, 0xb6, 0x01, 0x4b, 0x7a, 0x01,
 0x00, 0x00, 0x5a, 0x04, 0x00, 0x4b, 0xa3, 0x01,
 0x00, 0x00, 0xf7, 0xf2, 0xc0, 0xd8, 0x96, 0x04,
 0x4c, 0x00, 0x00, 0x00, 0xad, 0xf0, 0x1b, 0x64,
 0x03, 0x00, 0x41, 0x83, 0x00, 0x00, 0x00, 0xd8,
 0x61, 0x00, 0x00, 0x11, 0xf1, 0x07, 0x0e, 0x04,
 0x66, 0x01, 0x00, 0x00, 0x24, 0x02, 0x00, 0xf2,
 0x06, 0x5d, 0x04, 0x00, 0xd8, 0xf5, 0xc8, 0x04,
 0xd7, 0x96, 0x04, 0x4a, 0x00, 0x00, 0x00, 0xad,
 0xc8, 0x05, 0xc5, 0x00, 0x4c, 0xd9, 0x01, 0x00,
 0x00, 0xc8, 0x06, 0x61, 0x05, 0x00, 0xf0, 0x07,
 0x61, 0x06, 0x00, 0xd7, 0xf5, 0x29, 0x64, 0x00,
 0x00, 0x41, 0x2d, 0x01, 0x00, 0x00, 0x5d, 0x05,
 0x00, 0xd7, 0xf5, 0x5d, 0x06, 0x00, 0x61, 0x02,
 0x00, 0xf5, 0x61, 0x01, 0x00, 0xe4, 0xc5, 0x01,
 0xf5, 0x24, 0x04, 0x00, 0x29, 0xae, 0x05, 0xbb,
 0x09, 0x01, 0x37, 0x00, 0x36, 0x02, 0x14, 0x16,
 0x42, 0x07, 0x26, 0x07, 0x12, 0x69, 0x71, 0x3c,
 0x16, 0x07, 0x12, 0x2f, 0x16, 0x2a, 0x18, 0x07,
 0x0c, 0x57, 0x2c, 0x11, 0x1a, 0x17, 0x93, 0x01,
 0x07, 0x12, 0x00, 0x12, 0x40, 0x31, 0x1c, 0x00,
 0x11, 0x0e, 0x00, 0x03, 0x0a, 0x15, 0x2a, 0x1a,
 0x11, 0x10, 0x0c, 0x0e, 0x11, 0x1c, 0x16, 0x0e,
 0x11, 0x0c, 0x00, 0x0c, 0x43, 0x0a, 0x01, 0x96,
 0x05, 0x04, 0x00, 0x04, 0x06, 0x00, 0x01, 0x00,
 0x0e, 0x04, 0xb2, 0x05, 0x00, 0x01, 0x00, 0xa0,
 0x06, 0x00, 0x01, 0x00, 0xd0, 0x05, 0x00, 0x01,
 0x00, 0xe2, 0x05, 0x00, 0x01, 0x00, 0x94, 0x05,
 0x56, 0x00, 0xe3, 0xd7, 0xd8, 0xd9, 0xda, 0x04,
 0xa8, 0x01, 0x00, 0x00, 0x22, 0x05, 0x00, 0x29,
 0xae, 0x05, 0xf2, 0x09, 0x01, 0x0a, 0x03, 0x08,
 0x07, 0x1c, 0x07, 0x0c, 0x07, 0x0c, 0x07, 0x12,
 0x00, 0x0c, 0x43, 0x0a, 0x01, 0x98, 0x05, 0x04,
 0x00, 0x04, 0x06, 0x00, 0x01, 0x00, 0x0e, 0x04,
 0xb2, 0x05, 0x00, 0x01, 0x00, 0xa0, 0x06, 0x00,
 0x01, 0x00, 0xd0, 0x05, 0x00, 0x01, 0x00, 0xe2,
 0x05, 0x00, 0x01, 0x00, 0x94, 0x05, 0x56, 0x00,
 0xe3, 0xd7, 0xd8, 0xd9, 0xda, 0x04, 0xa9, 0x01,
 0x00, 0x00, 0x22, 0x05, 0x00, 0x29, 0xae, 0x05,
 0xf6, 0x09, 0x01, 0x0a, 0x03, 0x08, 0x07, 0x1c,
 0x07, 0x0c, 0x07, 0x0c, 0x07, 0x12, 0x00, 0x0c,
 0x43, 0x0a, 0x01, 0x9a, 0x05, 0x01, 0x00, 0x01,
 0x01, 0x01, 0x00, 0x01, 0x03, 0x01, 0xb0, 0x06,
 0x00, 0x01, 0x40, 0x00, 0x0c, 0x40, 0x0a, 0x01,
 0x00, 0x01, 0x00, 0x00, 0x03, 0x01, 0x01, 0x01,
 0x10, 0x01, 0xe4, 0x05, 0x00, 0x01, 0x40, 0x00,
 0xb0, 0x06, 0x00, 0x01, 0x0c, 0x42, 0x0a, 0x01,
 0x00, 0x02, 0x00, 0x02, 0x04, 0x02, 0x02, 0x01,
 0x12, 0x02, 0x94, 0x02, 0x00, 0x01, 0x40, 0x01,
 0x96, 0x02, 0x00, 0x01, 0x40, 0x00, 0xb0, 0x06,
 0x00, 0x02, 0xe4, 0x05, 0x00, 0x01, 0x0c, 0x42,
 0x0a, 0x01, 0x00, 0x02, 0x00, 0x02, 0x02, 0x00,
 0x02, 0x00, 0x0b, 0x02, 0xa2, 0x05, 0x00, 0x01,
 0x00, 0xfc, 0x06, 0x00, 0x01, 0x00, 0x96, 0x02,
 0x01, 0x01, 0x94, 0x02, 0x00, 0x01, 0xd7, 0xf0,
 0x05, 0xe3, 0xd7, 0xf5, 0x28, 0xe4, 0xd8, 0xf5,
 0x28, 0xae, 0x05, 0x82, 0x0a, 0x15, 0x0a, 0x02,
 0x24, 0x11, 0x0c, 0x07, 0x0e, 0x11, 0x0e, 0x07,
 0x10, 0x00, 0xe3, 0x26, 0x00, 0x00, 0xba, 0xe4,
 0x51, 0xc5, 0x00, 0x50, 0x8e, 0x0e, 0x06, 0x1b,
 0x27, 0x00, 0x00, 0x29, 0xae, 0x05, 0x81, 0x0a,
 0x1d, 0x04, 0x03, 0x27, 0x1b, 0x0c, 0x00, 0x0d,
 0x00, 0x00, 0xdb, 0x38, 0xce, 0x00, 0x00, 0x00,
 0x11, 0xc5, 0x00, 0x21, 0x01, 0x00, 0x28, 0xae,
 0x05, 0x81, 0x0a, 0x0c, 0x02, 0x16, 0x22, 0x00,
 0xc5, 0x00, 0x28, 0xae, 0x05, 0x80, 0x0a, 0x01,
 0x00, 0x00, 0xc5, 0x00, 0xc8, 0x04, 0xc5, 0x01,
 0xc8, 0x05, 0xc5, 0x02, 0xc8, 0x06, 0xc5, 0x03,
 0xc8, 0x07, 0xc5, 0x04, 0xc8, 0x09, 0xc5, 0x05,
 0xc8, 0x0a, 0xc5, 0x06, 0xc8, 0x0b, 0xc5, 0x07,
 0xc8, 0x0c, 0xc5, 0x08, 0xc8, 0x0d, 0xc5, 0x09,
 0xc8, 0x0e, 0xc5, 0x1b, 0xc8, 0x16, 0xc5, 0x1c,
 0xc8, 0x17, 0xc5, 0x1d, 0xc8, 0x18, 0xc5, 0x1e,
 0xc8, 0x19, 0xc5, 0x1f, 0xc8, 0x1a, 0xc5, 0x20,
 0xc8, 0x1b, 0xc5, 0x21, 0xc8, 0x1c, 0xc5, 0x22,
 0xc8, 0x1d, 0xc5, 0x23, 0xc8, 0x1e, 0xc5, 0x24,
 0xc8, 0x1f, 0xc5, 0x25, 0xc8, 0x20, 0xc5, 0x26,
 0xc8, 0x21, 0xc5, 0x27, 0xc8, 0x23, 0xc5, 0x28,
 0xc8, 0x24, 0xc5, 0x29, 0xc8, 0x25, 0xc5, 0x2a,
 0xc8, 0x26, 0xc5, 0x2b, 0xc8, 0x27, 0xc5, 0x2c,
 0xc8, 0x28, 0xc5, 0x2d, 0xc8, 0x29, 0xc5, 0x2e,
 0xc8, 0x2a, 0xc5, 0x2f, 0xc8, 0x2b, 0xc5, 0x30,
 0xc8, 0x2c, 0xc5, 0x31, 0xc8, 0x2d, 0xc5, 0x32,
 0xc8, 0x2e, 0xc5, 0x33, 0xc8, 0x2f, 0xc5, 0x34,
 0xc8, 0x30, 0xc5, 0x35, 0xc8, 0x31, 0xc5, 0x36,
 0xc8, 0x32, 0xc5, 0x37, 0xc8, 0x33, 0xc5, 0x38,
 0xc8, 0x34, 0xc5, 0x39, 0xc8, 0x35, 0xc5, 0x3a,
 0xc8, 0x36, 0xc5, 0x3b, 0xc8, 0x37, 0xc5, 0x3c,
 0xc8, 0x38, 0xc5, 0x3d, 0xc8, 0x39, 0xc5, 0x3e,
 0xc8, 0x3a, 0xc5, 0x3f, 0xc8, 0x3b, 0xc5, 0x40,
 0xc8, 0x3c, 0xc5, 0x41, 0xc8, 0x3d, 0xc5, 0x42,
 0xc8, 0x3e, 0xc5, 0x43, 0xc8, 0x3f, 0xc5, 0x44,
 0xc8, 0x40, 0xc5, 0x45, 0xc8, 0x41, 0xc5, 0x46,
 0xc8, 0x42, 0xc5, 0x47, 0xc8, 0x43, 0xc5, 0x48,
 0xc8, 0x44, 0xc5, 0x49, 0xc8, 0x45, 0xc5, 0x4a,
 0xc8, 0x46, 0xc5, 0x4b, 0xc8, 0x47, 0xc5, 0x4c,
 0xc8, 0x48, 0xc5, 0x4d, 0xc8, 0x49, 0xc5, 0x4e,
 0xc8, 0x4a, 0xc5, 0x4f, 0xc8, 0x4b, 0xc5, 0x50,
 0xc8, 0x4c, 0xc5, 0x51, 0xc8, 0x4d, 0xc5, 0x52,
 0xc8, 0x4e, 0xc5, 0x53, 0xc8, 0x4f, 0xc5, 0x54,
 0xc8, 0x50, 0xc5, 0x55, 0xc8, 0x51, 0xc5, 0x56,
 0xc8, 0x52, 0xc5, 0x57, 0xc8, 0x53, 0xc5, 0x58,
 0xc8, 0x54, 0xc5, 0x59, 0xc8, 0x55, 0xc5, 0x5a,
 0xc8, 0x56, 0xc5, 0x5b, 0xc8, 0x57, 0xc5, 0x5c,
 0xc8, 0x58, 0xc5, 0x5d, 0xc8, 0x59, 0x60, 0x5a,
 0x00, 0x60, 0x22, 0x00, 0x60, 0x15, 0x00, 0x60,
 0x12, 0x00, 0x60, 0x11, 0x00, 0x60, 0x08, 0x00,
 0x60, 0x03, 0x00, 0x60, 0x02, 0x00, 0x60, 0x01,
 0x00, 0x60, 0x00, 0x00, 0x06, 0x11, 0xf8, 0xf1,
 0x0b, 0x70, 0x41, 0xf8, 0x00, 0x00, 0x00, 0xcf,
 0x0e, 0xf2, 0x0b, 0x0e, 0xd8, 0x04, 0x8c, 0x01,
 0x00, 0x00, 0xf5, 0xf2, 0xed, 0xd8, 0x04, 0x59,
 0x01, 0x00, 0x00, 0xf5, 0xd0, 0x5a, 0x05, 0x00,
 0x40, 0xde, 0x01, 0x00, 0x00, 0xd1, 0x61, 0x02,
 0x00, 0x40, 0xfb, 0x00, 0x00, 0x00, 0xd2, 0x0b,
 0x61, 0x03, 0x00, 0x40, 0x6c, 0x01, 0x00, 0x00,
 0x4b, 0xa6, 0x01, 0x00, 0x00, 0x61, 0x03, 0x00,
 0x40, 0x6c, 0x01, 0x00, 0x00, 0x61, 0x03, 0x00,
 0x40, 0xdf, 0x01, 0x00, 0x00, 0xa3, 0x4b, 0xe0,
 0x01, 0x00, 0x00, 0x61, 0x03, 0x00, 0x40, 0x6c,
 0x01, 0x00, 0x00, 0x61, 0x03, 0x00, 0x40, 0xdf,
 0x01, 0x00, 0x00, 0xa3, 0x4b, 0xe1, 0x01, 0x00,
 0x00, 0x61, 0x03, 0x00, 0x40, 0xe2, 0x01, 0x00,
 0x00, 0x4b, 0xc7, 0x01, 0x00, 0x00, 0x61, 0x03,
 0x00, 0x40, 0xe2, 0x01, 0x00, 0x00, 0x61, 0x03,
 0x00, 0x40, 0xdf, 0x01, 0x00, 0x00, 0xa3, 0x4b,
 0xe3, 0x01, 0x00, 0x00, 0x61, 0x03, 0x00, 0x40,
 0xe2, 0x01, 0x00, 0x00, 0x61, 0x03, 0x00, 0x40,
 0xdf, 0x01, 0x00, 0x00, 0xa3, 0x4b, 0xe4, 0x01,
 0x00, 0x00, 0x61, 0x03, 0x00, 0x40, 0xe5, 0x01,
 0x00, 0x00, 0x61, 0x03, 0x00, 0x40, 0xe6, 0x01,
 0x00, 0x00, 0xa3, 0x61, 0x03, 0x00, 0x40, 0xe7,
 0x01, 0x00, 0x00, 0xa3, 0x4b, 0xa8, 0x01, 0x00,
 0x00, 0x61, 0x03, 0x00, 0x40, 0xe5, 0x01, 0x00,
 0x00, 0x61, 0x03, 0x00, 0x40, 0xe6, 0x01, 0x00,
 0x00, 0xa3, 0x61, 0x03, 0x00, 0x40, 0xe7, 0x01,
 0x00, 0x00, 0xa3, 0x61, 0x03, 0x00, 0x40, 0xe8,
 0x01, 0x00, 0x00, 0xa3, 0x4b, 0xe9, 0x01, 0x00,
 0x00, 0x61, 0x03, 0x00, 0x40, 0xe5, 0x01, 0x00,
 0x00, 0x61, 0x03, 0x00, 0x40, 0xe6, 0x01, 0x00,
 0x00, 0xa3, 0x61, 0x03, 0x00, 0x40, 0xe7, 0x01,
 0x00, 0x00, 0xa3, 0x61, 0x03, 0x00, 0x40, 0xe8,
 0x01, 0x00, 0x00, 0xa3, 0x4b, 0xea, 0x01, 0x00,
 0x00, 0x61, 0x03, 0x00, 0x40, 0xe5, 0x01, 0x00,
 0x00, 0x61, 0x03, 0x00, 0x40, 0xe6, 0x01, 0x00,
 0x00, 0xa3, 0x61, 0x03, 0x00, 0x40, 0xe2, 0x01,
 0x00, 0x00, 0xa3, 0x4b, 0xeb, 0x01, 0x00, 0x00,
 0x61, 0x03, 0x00, 0x40, 0xe5, 0x01, 0x00, 0x00,
 0x61, 0x03, 0x00, 0x40, 0xe6, 0x01, 0x00, 0x00,
 0xa3, 0x61, 0x03, 0x00, 0x40, 0xe2, 0x01, 0x00,
 0x00, 0xa3, 0x61, 0x03, 0x00, 0x40, 0xe8, 0x01,
 0x00, 0x00, 0xa3, 0x4b, 0xec, 0x01, 0x00, 0x00,
 0x61, 0x03, 0x00, 0x40, 0xe5, 0x01, 0x00, 0x00,
 0x61, 0x03, 0x00, 0x40, 0xe6, 0x01, 0x00, 0x00,
 0xa3, 0x61, 0x03, 0x00, 0x40, 0xe2, 0x01, 0x00,
 0x00, 0xa3, 0x61, 0x03, 0x00, 0x40, 0xe8, 0x01,
 0x00, 0x00, 0xa3, 0x4b, 0xed, 0x01, 0x00, 0x00,
 0x61, 0x03, 0x00, 0x40, 0xee, 0x01, 0x00, 0x00,
 0x61, 0x03, 0x00, 0x40, 0xe6, 0x01, 0x00, 0x00,
 0xa3, 0x61, 0x03, 0x00, 0x40, 0xe7, 0x01, 0x00,
 0x00, 0xa3, 0x4b, 0xa9, 0x01, 0x00, 0x00, 0x61,
 0x03, 0x00, 0x40, 0xee, 0x01, 0x00, 0x00, 0x61,
 0x03, 0x00, 0x40, 0xe6, 0x01, 0x00, 0x00, 0xa3,
 0x61, 0x03, 0x00, 0x40, 0xe7, 0x01, 0x00, 0x00,
 0xa3, 0x61, 0x03, 0x00, 0x40, 0xe8, 0x01, 0x00,
 0x00, 0xa3, 0x4b, 0xef, 0x01, 0x00, 0x00, 0x61,
 0x03, 0x00, 0x40, 0xee, 0x01, 0x00, 0x00, 0x61,
 0x03, 0x00, 0x40, 0xe6, 0x01, 0x00, 0x00, 0xa3,
 0x61, 0x03, 0x00, 0x40, 0xe7, 0x01, 0x00, 0x00,
 0xa3, 0x61, 0x03, 0x00, 0x40, 0xe8, 0x01, 0x00,
 0x00, 0xa3, 0x4b, 0xf0, 0x01, 0x00, 0x00, 0x61,
 0x03, 0x00, 0x40, 0xee, 0x01, 0x00, 0x00, 0x61,
 0x03, 0x00, 0x40, 0xe6, 0x01, 0x00, 0x00, 0xa3,
 0x61, 0x03, 0x00, 0x40, 0xe2, 0x01, 0x00, 0x00,
 0xa3, 0x4b, 0xf1, 0x01, 0x00, 0x00, 0x61, 0x03,
 0x00, 0x40, 0xee, 0x01, 0x00, 0x00, 0x61, 0x03,
 0x00, 0x40, 0xe6, 0x01, 0x00, 0x00, 0xa3, 0x61,
 0x03, 0x00, 0x40, 0xe2, 0x01, 0x00, 0x00, 0xa3,
 0x61, 0x03, 0x00, 0x40, 0xe8, 0x01, 0x00, 0x00,
 0xa3, 0x4b, 0xf2, 0x01, 0x00, 0x00, 0x61, 0x03,
 0x00, 0x40, 0xee, 0x01, 0x00, 0x00, 0x61, 0x03,
 0x00, 0x40, 0xe6, 0x01, 0x00, 0x00, 0xa3, 0x61,
 0x03, 0x00, 0x40, 0xe2, 0x01, 0x00, 0x00, 0xa3,
 0x61, 0x03, 0x00, 0x40, 0xe8, 0x01, 0x00, 0x00,
 0xa3, 0x4b, 0xf3, 0x01, 0x00, 0x00, 0xc8, 0x08,
 0x60, 0x0f, 0x00, 0x06, 0x60, 0x10, 0x00, 0xc4,
 0x0a, 0x55, 0x07, 0x01, 0x00, 0x00, 0x00, 0xc5,
 0x0b, 0x53, 0x7c, 0x01, 0x00, 0x00, 0x00, 0xc5,
 0x0c, 0x53, 0xf4, 0x01, 0x00, 0x00, 0x00, 0xc5,
 0x0d, 0x53, 0xf5, 0x01, 0x00, 0x00, 0x00, 0xc5,
 0x0e, 0x53, 0xf6, 0x01, 0x00, 0x00, 0x00, 0xc5,
 0x0f, 0x53, 0xf7, 0x01, 0x00, 0x00, 0x00, 0xc5,
 0x10, 0x53, 0xf8, 0x01, 0x00, 0x00, 0x00, 0xc5,
 0x11, 0x53, 0xf9, 0x01, 0x00, 0x00, 0x00, 0xc5,
 0x12, 0x53, 0xfa, 0x01, 0x00, 0x00, 0x00, 0x06,
 0xc8, 0x10, 0x0e, 0xc9, 0x0f, 0x67, 0x10, 0x00,
 0xc8, 0x11, 0xc7, 0x0e, 0x61, 0x11, 0x00, 0x40,
 0x3f, 0x00, 0x00, 0x00, 0x04, 0xcb, 0x01, 0x00,
 0x00, 0x04, 0xfb, 0x01, 0x00, 0x00, 0xf7, 0x0e,
 0xc7, 0x0e, 0x61, 0x11, 0x00, 0x40, 0x3f, 0x00,
 0x00, 0x00, 0x04, 0xcc, 0x01, 0x00, 0x00, 0x04,
 0xfc, 0x01, 0x00, 0x00, 0xf7, 0x0e, 0xc7, 0x0e,
 0x61, 0x11, 0x00, 0x40, 0x3f, 0x00, 0x00, 0x00,
 0x04, 0xfd, 0x01, 0x00, 0x00, 0x04, 0xfe, 0x01,
 0x00, 0x00, 0xf7, 0x0e, 0xc7, 0x0e, 0x61, 0x11,
 0x00, 0x40, 0x3f, 0x00, 0x00, 0x00, 0x04, 0xff,
 0x01, 0x00, 0x00, 0x04, 0x00, 0x02, 0x00, 0x00,
 0xf7, 0x0e, 0x38, 0xa4, 0x00, 0x00, 0x00, 0x04,
 0x79, 0x01, 0x00, 0x00, 0xf5, 0xc8, 0x12, 0x60,
 0x13, 0x00, 0x06, 0x60, 0x14, 0x00, 0xc4, 0x13,
 0x55, 0x09, 0x01, 0x00, 0x00, 0x00, 0xc5, 0x14,
 0x53, 0xf4, 0x01, 0x00, 0x00, 0x00, 0xc5, 0x15,
 0x53, 0xf5, 0x01, 0x00, 0x00, 0x00, 0xc5, 0x16,
 0x53, 0xf9, 0x01, 0x00, 0x00, 0x00, 0xc5, 0x17,
 0x53, 0xf8, 0x01, 0x00, 0x00, 0x00, 0xc5, 0x18,
 0x53, 0xfa, 0x01, 0x00, 0x00, 0x00, 0xc5, 0x19,
 0x53, 0xf6, 0x01, 0x00, 0x00, 0x00, 0xc5, 0x1a,
 0x53, 0xf7, 0x01, 0x00, 0x00, 0x00, 0x06, 0xc8,
 0x14, 0x0e, 0xc9, 0x13, 0x67, 0x14, 0x00, 0xc8,
 0x15, 0xc2, 0x40, 0xc3, 0x00, 0x04, 0x99, 0xc8,
 0x22, 0xc7, 0x31, 0xc7, 0x31, 0x42, 0x01, 0x02,
 0x00, 0x00, 0xc7, 0x48, 0xc7, 0x48, 0x42, 0x01,
 0x02, 0x00, 0x00, 0x0b, 0xc7, 0x59, 0xc7, 0x50,
 0xf5, 0x4b, 0x44, 0x01, 0x00, 0x00, 0xc7, 0x59,
 0xc7, 0x58, 0xf5, 0x4b, 0x4c, 0x01, 0x00, 0x00,
 0xc7, 0x59, 0xc7, 0x4a, 0xf5, 0x4b, 0x3e, 0x01,
 0x00, 0x00, 0xc7, 0x59, 0xc7, 0x46, 0xf5, 0x4b,
 0x3a, 0x01, 0x00, 0x00, 0xc7, 0x59, 0xc7, 0x3f,
 0xf5, 0x4b, 0x33, 0x01, 0x00, 0x00, 0xc7, 0x59,
 0xc7, 0x44, 0xf5, 0x4b, 0x38, 0x01, 0x00, 0x00,
 0xc7, 0x59, 0xc7, 0x52, 0xf5, 0x4b, 0x46, 0x01,
 0x00, 0x00, 0xc7, 0x59, 0xc7, 0x49, 0xf5, 0x4b,
 0x3d, 0x01, 0x00, 0x00, 0xc7, 0x59, 0xc7, 0x55,
 0xf5, 0x4b, 0x49, 0x01, 0x00, 0x00, 0xc7, 0x59,
 0xc7, 0x41, 0xf5, 0x4b, 0x35, 0x01, 0x00, 0x00,
 0xc7, 0x59, 0xc7, 0x47, 0xf5, 0x4b, 0x3b, 0x01,
 0x00, 0x00, 0xc7, 0x59, 0xc7, 0x48, 0xf5, 0x4b,
 0x3c, 0x01, 0x00, 0x00, 0xc7, 0x59, 0xc7, 0x43,
 0xf5, 0x4b, 0x37, 0x01, 0x00, 0x00, 0xc7, 0x59,
 0xc7, 0x54, 0xf5, 0x4b, 0x48, 0x01, 0x00, 0x00,
 0xc7, 0x59, 0xc7, 0x53, 0xf5, 0x4b, 0x47, 0x01,
 0x00, 0x00, 0xc7, 0x59, 0xc7, 0x3e, 0xf5, 0x4b,
 0x32, 0x01, 0x00, 0x00, 0xc7, 0x59, 0xc7, 0x45,
 0xf5, 0x4b, 0x39, 0x01, 0x00, 0x00, 0xc7, 0x59,
 0xc7, 0x4e, 0xf5, 0x4b, 0x42, 0x01, 0x00, 0x00,
 0xc7, 0x59, 0xc7, 0x42, 0xf5, 0x4b, 0x36, 0x01,
 0x00, 0x00, 0xc7, 0x59, 0xc7, 0x4f, 0xf5, 0x4b,
 0x43, 0x01, 0x00, 0x00, 0xc7, 0x59, 0xc7, 0x57,
 0xf5, 0x4b, 0x4b, 0x01, 0x00, 0x00, 0x61, 0x03,
 0x00, 0x4b, 0xfb, 0x00, 0x00, 0x00, 0xc8, 0x5a,
 0xd9, 0x0b, 0x61, 0x03, 0x00, 0x4b, 0xfb, 0x00,
 0x00, 0x00, 0x61, 0x5a, 0x00, 0x4b, 0x4e, 0x01,
 0x00, 0x00, 0x61, 0x11, 0x00, 0x4b, 0x07, 0x01,
 0x00, 0x00, 0x61, 0x15, 0x00, 0x4b, 0x09, 0x01,
 0x00, 0x00, 0xc7, 0x50, 0x4b, 0x44, 0x01, 0x00,
 0x00, 0xc7, 0x58, 0x4b, 0x4c, 0x01, 0x00, 0x00,
 0xc7, 0x4a, 0x4b, 0x3e, 0x01, 0x00, 0x00, 0xc7,
 0x3a, 0x4b, 0x2e, 0x01, 0x00, 0x00, 0xc7, 0x46,
 0x4b, 0x3a, 0x01, 0x00, 0x00, 0xc7, 0x51, 0x4b,
 0x45, 0x01, 0x00, 0x00, 0xc7, 0x4c, 0x4b, 0x40,
 0x01, 0x00, 0x00, 0xc7, 0x40, 0x4b, 0x34, 0x01,
 0x00, 0x00, 0xc7, 0x4b, 0x4b, 0x3f, 0x01, 0x00,
 0x00, 0xc7, 0x4d, 0x4b, 0x41, 0x01, 0x00, 0x00,
 0xc7, 0x44, 0x4b, 0x38, 0x01, 0x00, 0x00, 0xc7,
 0x3f, 0x4b, 0x33, 0x01, 0x00, 0x00, 0xc7, 0x52,
 0x4b, 0x46, 0x01, 0x00, 0x00, 0xc7, 0x49, 0x4b,
 0x3d, 0x01, 0x00, 0x00, 0xc7, 0x39, 0x4b, 0x2d,
 0x01, 0x00, 0x00, 0xc7, 0x3b, 0x4b, 0x2f, 0x01,
 0x00, 0x00, 0xc7, 0x55, 0x4b, 0x49, 0x01, 0x00,
 0x00, 0xc7, 0x41, 0x4b, 0x35, 0x01, 0x00, 0x00,
 0xc7, 0x47, 0x4b, 0x3b, 0x01, 0x00, 0x00, 0xc7,
 0x48, 0x4b, 0x3c, 0x01, 0x00, 0x00, 0xc7, 0x43,
 0x4b, 0x37, 0x01, 0x00, 0x00, 0xc7, 0x54, 0x4b,
 0x48, 0x01, 0x00, 0x00, 0xc7, 0x53, 0x4b, 0x47,
 0x01, 0x00, 0x00, 0xc7, 0x3e, 0x4b, 0x32, 0x01,
 0x00, 0x00, 0xc7, 0x45, 0x4b, 0x39, 0x01, 0x00,
 0x00, 0xc7, 0x4e, 0x4b, 0x42, 0x01, 0x00, 0x00,
 0xc7, 0x42, 0x4b, 0x36, 0x01, 0x00, 0x00, 0xc7,
 0x4f, 0x4b, 0x43, 0x01, 0x00, 0x00, 0xc7, 0x3c,
 0x4b, 0x30, 0x01, 0x00, 0x00, 0xc7, 0x57, 0x4b,
 0x4b, 0x01, 0x00, 0x00, 0xc7, 0x34, 0x4b, 0x28,
 0x01, 0x00, 0x00, 0xc7, 0x26, 0x4b, 0x1a, 0x01,
 0x00, 0x00, 0xc7, 0x35, 0x4b, 0x29, 0x01, 0x00,
 0x00, 0xc7, 0x17, 0x4b, 0x0b, 0x01, 0x00, 0x00,
 0xc7, 0x32, 0x4b, 0x26, 0x01, 0x00, 0x00, 0xc7,
 0x33, 0x4b, 0x27, 0x01, 0x00, 0x00, 0xc7, 0x1c,
 0x4b, 0x10, 0x01, 0x00, 0x00, 0xc7, 0x21, 0x4b,
 0x15, 0x01, 0x00, 0x00, 0xc7, 0x1b, 0x4b, 0x0f,
 0x01, 0x00, 0x00, 0xc7, 0x1d, 0x4b, 0x11, 0x01,
 0x00, 0x00, 0xc7, 0x2e, 0x4b, 0x22, 0x01, 0x00,
 0x00, 0xc7, 0x1f, 0x4b, 0x13, 0x01, 0x00, 0x00,
 0xc7, 0x28, 0x4b, 0x1c, 0x01, 0x00, 0x00, 0xc7,
 0x2b, 0x4b, 0x1f, 0x01, 0x00, 0x00, 0xc7, 0x16,
 0x4b, 0x0a, 0x01, 0x00, 0x00, 0xc7, 0x24, 0x4b,
 0x18, 0x01, 0x00, 0x00, 0xc7, 0x18, 0x4b, 0x0c,
 0x01, 0x00, 0x00, 0xc7, 0x27, 0x4b, 0x1b, 0x01,
 0x00, 0x00, 0xc7, 0x30, 0x4b, 0x24, 0x01, 0x00,
 0x00, 0xc7, 0x31, 0x4b, 0x25, 0x01, 0x00, 0x00,
 0xc7, 0x2d, 0x4b, 0x21, 0x01, 0x00, 0x00, 0xc7,
 0x2a, 0x4b, 0x1e, 0x01, 0x00, 0x00, 0xc7, 0x29,
 0x4b, 0x1d, 0x01, 0x00, 0x00, 0xc7, 0x1e, 0x4b,
 0x12, 0x01, 0x00, 0x00, 0xc7, 0x2f, 0x4b, 0x23,
 0x01, 0x00, 0x00, 0xc7, 0x36, 0x4b, 0x2a, 0x01,
 0x00, 0x00, 0xc7, 0x2c, 0x4b, 0x20, 0x01, 0x00,
 0x00, 0xc7, 0x38, 0x4b, 0x2c, 0x01, 0x00, 0x00,
 0xc7, 0x25, 0x4b, 0x19, 0x01, 0x00, 0x00, 0xc7,
 0x19, 0x4b, 0x0d, 0x01, 0x00, 0x00, 0x42, 0xf2,
 0x00, 0x00, 0x00, 0x29, 0xae, 0x05, 0x01, 0x01,
 0x82, 0x02, 0x00, 0xd2, 0x02, 0x1c, 0x00, 0x54,
 0x26, 0x30, 0x00, 0x2c, 0x05, 0x30, 0x04, 0x00,
 0x0a, 0x8e, 0x01, 0x15, 0x44, 0x02, 0x2a, 0x2a,
 0x49, 0x29, 0x2a, 0x2a, 0x49, 0x25, 0x44, 0x02,
 0x2a, 0x26, 0x49, 0x25, 0x2a, 0x26, 0x4a, 0x2d,
 0x2a, 0x28, 0x2f, 0x28, 0x49, 0x4d, 0x2a, 0x28,
 0x2f, 0x28, 0x2f, 0x2a, 0x49, 0x79, 0x2a, 0x28,
 0x2f, 0x28, 0x2f, 0x2a, 0x49, 0x75, 0x2a, 0x28,
 0x2f, 0x28, 0x49, 0x4d, 0x2a, 0x28, 0x2f, 0x28,
 0x2f, 0x26, 0x49, 0x75, 0x2a, 0x28, 0x2f, 0x28,
 0x2f, 0x26, 0x4a, 0x7d, 0x2a, 0x2a, 0x2f, 0x28,
 0x49, 0x4f, 0x2a, 0x2a, 0x2f, 0x28, 0x2f, 0x2a,
 0x49, 0x7b, 0x2a, 0x2a, 0x2f, 0x28, 0x2f, 0x2a,
 0x49, 0x77, 0x2a, 0x2a, 0x2f, 0x28, 0x49, 0x4f,
 0x2a, 0x2a, 0x2f, 0x28, 0x2f, 0x26, 0x49, 0x77,
 0x2a, 0x2a, 0x2f, 0x28, 0x2f, 0x26, 0x00, 0x6a,
 0x82, 0x02, 0x8d, 0x01, 0x0c, 0x16, 0x67, 0x15,
 0x0c, 0x16, 0x67, 0x15, 0x0c, 0x16, 0x67, 0x15,
 0x0c, 0x16, 0x00, 0x14, 0x0c, 0x12, 0x00, 0x61,
 0x9c, 0x02, 0x01, 0x00, 0x06, 0x92, 0x04, 0x25,
 0x0c, 0x2c, 0x00, 0x07, 0x84, 0x04, 0x2b, 0x0c,
 0x24, 0x00, 0x08, 0xea, 0x05, 0x0b, 0x0c, 0x14,
 0x2b, 0x0b, 0x0c, 0x14, 0x2b, 0x1d, 0x0c, 0x14,
 0x2b, 0x0d, 0x0c, 0x14, 0x2b, 0x19, 0x0c, 0x14,
 0x2b, 0x15, 0x0c, 0x14, 0x2b, 0x11, 0x0c, 0x14,
 0x2b, 0x0f, 0x0c, 0x14, 0x2b, 0x11, 0x0c, 0x14,
 0x2b, 0x15, 0x0c, 0x14, 0x2b, 0x11, 0x0c, 0x14,
 0x2b, 0x13, 0x0c, 0x14, 0x2b, 0x17, 0x0c, 0x14,
 0x2b, 0x1b, 0x0c, 0x14, 0x2b, 0x0d, 0x0c, 0x14,
 0x2b, 0x15, 0x0c, 0x14, 0x2b, 0x0d, 0x0c, 0x14,
 0x2b, 0x11, 0x0c, 0x14, 0x2b, 0x17, 0x0c, 0x14,
 0x2b, 0x13, 0x0c, 0x14, 0x2b, 0x0d, 0x0c, 0x14,
 0x00, 0x12, 0x0c, 0x31, 0x00, 0xc5, 0x00, 0xd3,
 0x28, 0xae, 0x05, 0x01, 0x01, 0x00, 0x00,
};



const uint32_t t2__core_querystring_size = 1770;

const uint8_t t2__core_querystring[1770] = {
 0x1b, 0x65, 0x05, 0x93, 0xd5, 0x27, 0x01, 0x0e,
 0x65, 0x78, 0x70, 0x6f, 0x72, 0x74, 0x73, 0x01,
 0x0e, 0x72, 0x65, 0x71, 0x75, 0x69, 0x72, 0x65,
 0x01, 0x0c, 0x6d, 0x6f, 0x64, 0x75, 0x6c, 0x65,
 0x01, 0x14, 0x5f, 0x5f, 0x66, 0x69, 0x6c, 0x65,
 0x6e, 0x61, 0x6d, 0x65, 0x01, 0x12, 0x5f, 0x5f,
 0x64, 0x69, 0x72, 0x6e, 0x61, 0x6d, 0x65, 0x01,
 0x10, 0x5f, 0x5f, 0x6e, 0x61, 0x74, 0x69, 0x76,
 0x65, 0x01, 0x1e, 0x64, 0x65, 0x63, 0x6f, 0x64,
 0x65, 0x43, 0x6f, 0x6d, 0x70, 0x6f, 0x6e, 0x65,
 0x6e, 0x74, 0x01, 0x1e, 0x65, 0x6e, 0x63, 0x6f,
 0x64, 0x65, 0x43, 0x6f, 0x6d, 0x70, 0x6f, 0x6e,
 0x65, 0x6e, 0x74, 0x01, 0x0a, 0x70, 0x61, 0x72,
 0x73, 0x65, 0x01, 0x12, 0x73, 0x74, 0x72, 0x69,
 0x6e, 0x67, 0x69, 0x66, 0x79, 0x01, 0x24, 0x64,
 0x65, 0x63, 0x6f, 0x64, 0x65, 0x55, 0x52, 0x49,
 0x43, 0x6f, 0x6d, 0x70, 0x6f, 0x6e, 0x65, 0x6e,
 0x74, 0x01, 0x0e, 0x72, 0x65, 0x70, 0x6c, 0x61,
 0x63, 0x65, 0x01, 0x02, 0x20, 0x01, 0x12, 0x3c,
 0x75, 0x6e, 0x6e, 0x61, 0x6d, 0x65, 0x64, 0x3e,
 0x01, 0x24, 0x65, 0x6e, 0x63, 0x6f, 0x64, 0x65,
 0x55, 0x52, 0x49, 0x43, 0x6f, 0x6d, 0x70, 0x6f,
 0x6e, 0x65, 0x6e, 0x74, 0x01, 0x06, 0x73, 0x65,
 0x70, 0x01, 0x04, 0x65, 0x71, 0x01, 0x0e, 0x6f,
 0x70, 0x74, 0x69, 0x6f, 0x6e, 0x73, 0x01, 0x0c,
 0x72, 0x65, 0x73, 0x75, 0x6c, 0x74, 0x01, 0x0e,
 0x6d, 0x61, 0x78, 0x4b, 0x65, 0x79, 0x73, 0x01,
 0x0a, 0x70, 0x61, 0x69, 0x72, 0x73, 0x01, 0x08,
 0x70, 0x61, 0x69, 0x72, 0x01, 0x06, 0x6b, 0x65,
 0x79, 0x01, 0x02, 0x26, 0x01, 0x02, 0x3d, 0x01,
 0x0c, 0x63, 0x72, 0x65, 0x61, 0x74, 0x65, 0x01,
 0x0a, 0x73, 0x6c, 0x69, 0x63, 0x65, 0x01, 0x0e,
 0x69, 0x6e, 0x64, 0x65, 0x78, 0x4f, 0x66, 0x01,
 0x1c, 0x68, 0x61, 0x73, 0x4f, 0x77, 0x6e, 0x50,
 0x72, 0x6f, 0x70, 0x65, 0x72, 0x74, 0x79, 0x01,
 0x08, 0x63, 0x61, 0x6c, 0x6c, 0x01, 0x0e, 0x69,
 0x73, 0x41, 0x72, 0x72, 0x61, 0x79, 0x01, 0x08,
 0x70, 0x75, 0x73, 0x68, 0x01, 0x0a, 0x70, 0x61,
 0x72, 0x74, 0x73, 0x01, 0x14, 0x65, 0x6e, 0x63,
 0x6f, 0x64, 0x65, 0x64, 0x4b, 0x65, 0x79, 0x01,
 0x0a, 0x65, 0x6e, 0x74, 0x72, 0x79, 0x01, 0x0c,
 0x64, 0x65, 0x63, 0x6f, 0x64, 0x65, 0x01, 0x0c,
 0x65, 0x6e, 0x63, 0x6f, 0x64, 0x65, 0x01, 0x0c,
 0x65, 0x73, 0x63, 0x61, 0x70, 0x65, 0x01, 0x10,
 0x75, 0x6e, 0x65, 0x73, 0x63, 0x61, 0x70, 0x65,
 0x0c, 0x00, 0x0a, 0x00, 0xa8, 0x01, 0x00, 0x01,
 0x00, 0x01, 0x00, 0x00, 0x01, 0x04, 0x01, 0xaa,
 0x01, 0x00, 0x00, 0x00, 0x0c, 0x43, 0x0a, 0x01,
 0x00, 0x06, 0x04, 0x06, 0x03, 0x02, 0x00, 0x04,
 0x38, 0x0a, 0xe4, 0x03, 0x00, 0x01, 0x00, 0xe6,
 0x03, 0x00, 0x01, 0x00, 0xe8, 0x03, 0x00, 0x01,
 0x00, 0xea, 0x03, 0x00, 0x01, 0x00, 0xec, 0x03,
 0x00, 0x01, 0x00, 0xee, 0x03, 0x00, 0x01, 0x00,
 0xf0, 0x03, 0x00, 0x00, 0x40, 0x00, 0xf2, 0x03,
 0x00, 0x01, 0x40, 0x01, 0xf4, 0x03, 0x00, 0x02,
 0x00, 0xf6, 0x03, 0x00, 0x03, 0x00, 0x0c, 0x43,
 0x0a, 0x01, 0xf0, 0x03, 0x01, 0x00, 0x01, 0x06,
 0x00, 0x00, 0x02, 0x2a, 0x01, 0x88, 0x01, 0x00,
 0x01, 0x00, 0x07, 0x04, 0x5c, 0x2b, 0x07, 0x36,
 0x01, 0x00, 0x01, 0x00, 0x13, 0x00, 0x00, 0x00,
 0x0e, 0x06, 0x00, 0x00, 0x00, 0x06, 0x0d, 0xf5,
 0xff, 0xff, 0xff, 0x13, 0x00, 0x01, 0x2b, 0x00,
 0x14, 0x00, 0x10, 0x6b, 0x1f, 0x00, 0x00, 0x00,
 0x38, 0xfc, 0x00, 0x00, 0x00, 0xd7, 0x41, 0xfd,
 0x00, 0x00, 0x00, 0xc4, 0x00, 0xc4, 0x01, 0x34,
 0x04, 0xfe, 0x00, 0x00, 0x00, 0x24, 0x02, 0x00,
 0xf5, 0x6e, 0x28, 0x0e, 0x6b, 0x07, 0x00, 0x00,
 0x00, 0xd7, 0x6e, 0x28, 0x30, 0xfe, 0x03, 0x0e,
 0x01, 0x0a, 0x1d, 0x1e, 0x1b, 0x26, 0x20, 0x0c,
 0x00, 0x16, 0x08, 0x31, 0x00, 0x0c, 0x43, 0x0a,
 0x01, 0xf2, 0x03, 0x01, 0x00, 0x01, 0x02, 0x00,
 0x00, 0x00, 0x45, 0x01, 0x88, 0x01, 0x00, 0x01,
 0x00, 0xd7, 0xf9, 0x11, 0xf1, 0x09, 0x0e, 0xd7,
 0x38, 0x49, 0x00, 0x00, 0x00, 0xad, 0xf0, 0x03,
 0xc6, 0x28, 0xd7, 0x96, 0x04, 0x4b, 0x00, 0x00,
 0x00, 0xad, 0x11, 0xf1, 0x0a, 0x0e, 0xd7, 0x96,
 0x04, 0x4a, 0x00, 0x00, 0x00, 0xad, 0xf0, 0x0a,
 0x38, 0xa2, 0x00, 0x00, 0x00, 0xd7, 0x23, 0x01,
 0x00, 0xd7, 0x96, 0x04, 0x4c, 0x00, 0x00, 0x00,
 0xae, 0xf0, 0x03, 0xc6, 0x28, 0x38, 0x00, 0x01,
 0x00, 0x00, 0xd7, 0x23, 0x01, 0x00, 0xfe, 0x03,
 0x18, 0x01, 0x20, 0x03, 0x10, 0x07, 0x14, 0x1b,
 0x10, 0x07, 0x14, 0x00, 0x0a, 0x08, 0x29, 0x07,
 0x14, 0x39, 0x28, 0x07, 0x14, 0x30, 0x4f, 0x1b,
 0x0e, 0x19, 0x0d, 0x07, 0x14, 0x00, 0x0b, 0x08,
 0x1b, 0x1b, 0x26, 0x00, 0x0c, 0x41, 0x0a, 0x01,
 0xf4, 0x03, 0x04, 0x0b, 0x01, 0x08, 0x00, 0x01,
 0x00, 0xa8, 0x03, 0x0f, 0xc0, 0x01, 0x00, 0x01,
 0x00, 0x82, 0x04, 0x00, 0x01, 0x00, 0x84, 0x04,
 0x00, 0x01, 0x00, 0x86, 0x04, 0x00, 0x01, 0x00,
 0xc0, 0x01, 0x01, 0xff, 0xff, 0xff, 0xff, 0x0f,
 0x20, 0x82, 0x04, 0x01, 0x01, 0x20, 0x84, 0x04,
 0x01, 0x02, 0x20, 0x86, 0x04, 0x01, 0x03, 0x20,
 0x88, 0x04, 0x02, 0x00, 0x30, 0x8a, 0x04, 0x02,
 0x05, 0x30, 0x8c, 0x04, 0x02, 0x06, 0x20, 0x8e,
 0x04, 0x07, 0x07, 0x30, 0xbe, 0x01, 0x08, 0x08,
 0x30, 0x90, 0x04, 0x08, 0x09, 0x30, 0x88, 0x01,
 0x08, 0x0a, 0x30, 0xf0, 0x03, 0x00, 0x00, 0x60,
 0x03, 0x00, 0x60, 0x02, 0x00, 0x60, 0x01, 0x00,
 0x60, 0x00, 0x00, 0xd7, 0xcf, 0xd8, 0x11, 0xf8,
 0xf0, 0x08, 0x0e, 0x04, 0x09, 0x01, 0x00, 0x00,
 0xe0, 0xd0, 0xd9, 0x11, 0xf8, 0xf0, 0x08, 0x0e,
 0x04, 0x0a, 0x01, 0x00, 0x00, 0xe1, 0xd1, 0xda,
 0x11, 0xf8, 0xf0, 0x04, 0x0e, 0x0b, 0xe2, 0xd2,
 0x60, 0x06, 0x00, 0x60, 0x05, 0x00, 0x60, 0x04,
 0x00, 0x38, 0x9e, 0x00, 0x00, 0x00, 0x41, 0x0b,
 0x01, 0x00, 0x00, 0x07, 0x24, 0x01, 0x00, 0xc8,
 0x04, 0xd7, 0x96, 0x04, 0x4c, 0x00, 0x00, 0x00,
 0xae, 0x11, 0xf1, 0x06, 0x0e, 0xd7, 0xef, 0xba,
 0xad, 0xf0, 0x05, 0x61, 0x04, 0x00, 0x28, 0xda,
 0x40, 0x05, 0x01, 0x00, 0x00, 0x38, 0x49, 0x00,
 0x00, 0x00, 0xad, 0xf0, 0x06, 0xc3, 0xe8, 0x03,
 0xf2, 0x07, 0xda, 0x40, 0x05, 0x01, 0x00, 0x00,
 0xc8, 0x05, 0xd7, 0x41, 0x65, 0x00, 0x00, 0x00,
 0xd8, 0x24, 0x01, 0x00, 0xc8, 0x06, 0x61, 0x05,
 0x00, 0xba, 0xa7, 0xf0, 0x1f, 0x61, 0x06, 0x00,
 0xef, 0x61, 0x05, 0x00, 0xa7, 0xf0, 0x15, 0x61,
 0x06, 0x00, 0x41, 0x0c, 0x01, 0x00, 0x00, 0xba,
 0x61, 0x05, 0x00, 0x24, 0x02, 0x00, 0x11, 0x62,
 0x06, 0x00, 0x0e, 0x60, 0x07, 0x00, 0x61, 0x06,
 0x00, 0x7e, 0xf3, 0xe7, 0x00, 0xc8, 0x07, 0x60,
 0x0a, 0x00, 0x60, 0x09, 0x00, 0x60, 0x08, 0x00,
 0x61, 0x07, 0x00, 0xef, 0xba, 0xad, 0x69, 0xd3,
 0x00, 0x00, 0x00, 0x61, 0x07, 0x00, 0x41, 0x0d,
 0x01, 0x00, 0x00, 0xd9, 0x24, 0x01, 0x00, 0xc8,
 0x08, 0xe3, 0x61, 0x08, 0x00, 0xb9, 0xad, 0xf0,
 0x06, 0x61, 0x07, 0x00, 0xf2, 0x10, 0x61, 0x07,
 0x00, 0x41, 0x0c, 0x01, 0x00, 0x00, 0xba, 0x61,
 0x08, 0x00, 0x24, 0x02, 0x00, 0xf5, 0xc8, 0x09,
 0x61, 0x08, 0x00, 0xb9, 0xad, 0xf0, 0x04, 0xc6,
 0xf2, 0x14, 0xe3, 0x61, 0x07, 0x00, 0x41, 0x0c,
 0x01, 0x00, 0x00, 0x61, 0x08, 0x00, 0xd9, 0xef,
 0x9c, 0x24, 0x01, 0x00, 0xf5, 0xc8, 0x0a, 0x38,
 0x9e, 0x00, 0x00, 0x00, 0x40, 0x3f, 0x00, 0x00,
 0x00, 0x40, 0x0e, 0x01, 0x00, 0x00, 0x41, 0x0f,
 0x01, 0x00, 0x00, 0x61, 0x04, 0x00, 0x61, 0x09,
 0x00, 0x24, 0x02, 0x00, 0x95, 0xf0, 0x19, 0x61,
 0x04, 0x00, 0x61, 0x09, 0x00, 0x1b, 0x11, 0xaf,
 0xf1, 0x04, 0x1b, 0x71, 0x1b, 0x1b, 0x61, 0x0a,
 0x00, 0x1b, 0x71, 0x1b, 0x48, 0xf2, 0x4c, 0x38,
 0x9f, 0x00, 0x00, 0x00, 0x41, 0x10, 0x01, 0x00,
 0x00, 0x61, 0x04, 0x00, 0x61, 0x09, 0x00, 0x46,
 0x24, 0x01, 0x00, 0xf0, 0x16, 0x61, 0x04, 0x00,
 0x61, 0x09, 0x00, 0x46, 0x41, 0x11, 0x01, 0x00,
 0x00, 0x61, 0x0a, 0x00, 0x24, 0x01, 0x00, 0x0e,
 0xf2, 0x21, 0x61, 0x04, 0x00, 0x61, 0x09, 0x00,
 0x1b, 0x11, 0xaf, 0xf1, 0x04, 0x1b, 0x71, 0x1b,
 0x1b, 0x61, 0x04, 0x00, 0x61, 0x09, 0x00, 0x46,
 0x61, 0x0a, 0x00, 0x26, 0x02, 0x00, 0x1b, 0x71,
 0x1b, 0x48, 0x81, 0x00, 0x68, 0x18, 0xff, 0xff,
 0xff, 0x0e, 0x83, 0x61, 0x04, 0x00, 0x28, 0xfe,
 0x03, 0x28, 0x01, 0x78, 0x00, 0x3a, 0x02, 0x26,
 0x34, 0x1c, 0x22, 0x23, 0x07, 0x14, 0x39, 0x18,
 0x0c, 0x22, 0x17, 0x4d, 0x19, 0x0a, 0x20, 0x28,
 0x43, 0x26, 0x2b, 0x55, 0x20, 0x18, 0x22, 0x27,
 0x11, 0x14, 0x16, 0x0a, 0x16, 0x1e, 0x21, 0x2b,
 0x2a, 0x0c, 0x07, 0x12, 0x4b, 0x0f, 0x5d, 0x15,
 0x16, 0x20, 0x00, 0x07, 0x08, 0x0b, 0x2a, 0x1a,
 0x21, 0x1d, 0x07, 0x20, 0x11, 0x14, 0x16, 0x0a,
 0x1b, 0x0e, 0x2a, 0x0a, 0x07, 0x12, 0x30, 0x63,
 0x11, 0x14, 0x25, 0x14, 0x07, 0x20, 0x2a, 0x16,
 0x11, 0x10, 0x31, 0x7f, 0x66, 0x4a, 0x11, 0x10,
 0x30, 0x5b, 0x11, 0x0e, 0x3e, 0x0e, 0x30, 0x0d,
 0x34, 0x1c, 0x11, 0x0e, 0x30, 0x37, 0x11, 0x0e,
 0x2f, 0x14, 0x31, 0x21, 0x11, 0x0e, 0x3e, 0x10,
 0x11, 0x0e, 0x16, 0x0c, 0x00, 0x12, 0x1b, 0x47,
 0x00, 0x01, 0x24, 0x0e, 0x00, 0x0c, 0x41, 0x0a,
 0x01, 0xf6, 0x03, 0x03, 0x08, 0x01, 0x0b, 0x00,
 0x01, 0x00, 0xcd, 0x01, 0x0b, 0x9a, 0x01, 0x00,
 0x01, 0x00, 0x82, 0x04, 0x00, 0x01, 0x00, 0x84,
 0x04, 0x00, 0x01, 0x00, 0x9a, 0x01, 0x01, 0xff,
 0xff, 0xff, 0xff, 0x0f, 0x20, 0x82, 0x04, 0x01,
 0x01, 0x20, 0x84, 0x04, 0x01, 0x02, 0x20, 0xa4,
 0x04, 0x02, 0x00, 0x30, 0x90, 0x04, 0x05, 0x04,
 0x30, 0xa6, 0x04, 0x06, 0x05, 0x30, 0x88, 0x01,
 0x06, 0x06, 0x30, 0xa8, 0x04, 0x09, 0x07, 0x30,
 0xf2, 0x03, 0x01, 0x00, 0x60, 0x02, 0x00, 0x60,
 0x01, 0x00, 0x60, 0x00, 0x00, 0xd7, 0xcf, 0xd8,
 0x11, 0xf8, 0xf0, 0x08, 0x0e, 0x04, 0x09, 0x01,
 0x00, 0x00, 0xe0, 0xd0, 0xd9, 0x11, 0xf8, 0xf0,
 0x08, 0x0e, 0x04, 0x0a, 0x01, 0x00, 0x00, 0xe1,
 0xd1, 0x60, 0x03, 0x00, 0xd7, 0xf9, 0x11, 0xf1,
 0x0a, 0x0e, 0xd7, 0x96, 0x04, 0x4d, 0x00, 0x00,
 0x00, 0xae, 0xf0, 0x03, 0xc6, 0x28, 0x26, 0x00,
 0x00, 0xd2, 0x60, 0x04, 0x00, 0x38, 0x9e, 0x00,
 0x00, 0x00, 0x41, 0x31, 0x00, 0x00, 0x00, 0xd7,
 0x24, 0x01, 0x00, 0x7e, 0xf2, 0x6a, 0xc8, 0x04,
 0x60, 0x06, 0x00, 0x60, 0x05, 0x00, 0xe3, 0x61,
 0x04, 0x00, 0xf5, 0xc8, 0x05, 0xd7, 0x61, 0x04,
 0x00, 0x46, 0xc8, 0x06, 0x38, 0x9f, 0x00, 0x00,
 0x00, 0x41, 0x10, 0x01, 0x00, 0x00, 0x61, 0x06,
 0x00, 0x24, 0x01, 0x00, 0xf0, 0x2b, 0x60, 0x07,
 0x00, 0x61, 0x06, 0x00, 0x7e, 0xf2, 0x1a, 0xc8,
 0x07, 0x61, 0x03, 0x00, 0x41, 0x11, 0x01, 0x00,
 0x00, 0x61, 0x05, 0x00, 0xd9, 0x9c, 0xe3, 0x61,
 0x07, 0x00, 0xf5, 0x9c, 0x24, 0x01, 0x00, 0x0e,
 0x81, 0x00, 0xf0, 0xe4, 0x0e, 0x83, 0xf2, 0x18,
 0x61, 0x03, 0x00, 0x41, 0x11, 0x01, 0x00, 0x00,
 0x61, 0x05, 0x00, 0xd9, 0x9c, 0xe3, 0x61, 0x06,
 0x00, 0xf5, 0x9c, 0x24, 0x01, 0x00, 0x0e, 0x81,
 0x00, 0xf0, 0x94, 0x0e, 0x83, 0x61, 0x03, 0x00,
 0x41, 0x63, 0x00, 0x00, 0x00, 0xd8, 0x25, 0x01,
 0x00, 0xfe, 0x03, 0x4b, 0x01, 0x3e, 0xcb, 0x10,
 0x07, 0x16, 0x1b, 0x1e, 0x07, 0x16, 0x00, 0x12,
 0x0c, 0x2d, 0x34, 0x18, 0x4e, 0x0d, 0x07, 0x20,
 0x21, 0x29, 0x07, 0x0e, 0x22, 0x21, 0x34, 0x1c,
 0x3a, 0x0c, 0x2b, 0x1f, 0x2a, 0x16, 0x11, 0x1a,
 0x0c, 0x0a, 0x07, 0x20, 0x47, 0x61, 0x00, 0x03,
 0x08, 0x00, 0x2a, 0x16, 0x11, 0x1a, 0x0c, 0x0a,
 0x07, 0x20, 0x00, 0x0e, 0x11, 0x69, 0x00, 0x01,
 0x1a, 0x0e, 0x2a, 0x16, 0x00, 0xc5, 0x00, 0xcf,
 0xc5, 0x01, 0xd0, 0xc5, 0x02, 0xd1, 0xc5, 0x03,
 0xd2, 0xd9, 0x0b, 0xcd, 0x4b, 0xfa, 0x00, 0x00,
 0x00, 0xcd, 0x4b, 0x15, 0x01, 0x00, 0x00, 0xce,
 0x4b, 0xfb, 0x00, 0x00, 0x00, 0xce, 0x4b, 0x16,
 0x01, 0x00, 0x00, 0xcc, 0x4b, 0x17, 0x01, 0x00,
 0x00, 0xcb, 0x4b, 0x18, 0x01, 0x00, 0x00, 0x42,
 0xf2, 0x00, 0x00, 0x00, 0x29, 0xfe, 0x03, 0x01,
 0x01, 0x0d, 0x00, 0x0c, 0xc2, 0x01, 0x00, 0x2c,
 0x18, 0x40, 0x00, 0x21, 0x00, 0x21, 0x04, 0x00,
 0xc5, 0x00, 0xd3, 0x28, 0xfe, 0x03, 0x01, 0x01,
 0x00, 0x00,
};



const uint32_t t2__core_stream_size = 46932;

const uint8_t t2__core_stream[46932] = {
 0x1b, 0x29, 0x69, 0xaa, 0x04, 0xb0, 0x04, 0x01,
 0x0e, 0x65, 0x78, 0x70, 0x6f, 0x72, 0x74, 0x73,
 0x01, 0x0e, 0x72, 0x65, 0x71, 0x75, 0x69, 0x72,
 0x65, 0x01, 0x0c, 0x6d, 0x6f, 0x64, 0x75, 0x6c,
 0x65, 0x01, 0x14, 0x5f, 0x5f, 0x66, 0x69, 0x6c,
 0x65, 0x6e, 0x61, 0x6d, 0x65, 0x01, 0x12, 0x5f,
 0x5f, 0x64, 0x69, 0x72, 0x6e, 0x61, 0x6d, 0x65,
 0x01, 0x10, 0x5f, 0x5f, 0x6e, 0x61, 0x74, 0x69,
 0x76, 0x65, 0x01, 0x22, 0x5f, 0x5f, 0x67, 0x65,
 0x74, 0x4f, 0x77, 0x6e, 0x50, 0x72, 0x6f, 0x70,
 0x4e, 0x61, 0x6d, 0x65, 0x73, 0x01, 0x14, 0x5f,
 0x5f, 0x63, 0x6f, 0x6d, 0x6d, 0x6f, 0x6e, 0x4a,
 0x53, 0x01, 0x1c, 0x72, 0x65, 0x71, 0x75, 0x69,
 0x72, 0x65, 0x5f, 0x73, 0x74, 0x72, 0x65, 0x61,
 0x6d, 0x01, 0x26, 0x72, 0x65, 0x71, 0x75, 0x69,
 0x72, 0x65, 0x5f, 0x62, 0x75, 0x66, 0x66, 0x65,
 0x72, 0x5f, 0x6c, 0x69, 0x73, 0x74, 0x01, 0x1e,
 0x72, 0x65, 0x71, 0x75, 0x69, 0x72, 0x65, 0x5f,
 0x64, 0x65, 0x73, 0x74, 0x72, 0x6f, 0x79, 0x01,
 0x1c, 0x72, 0x65, 0x71, 0x75, 0x69, 0x72, 0x65,
 0x5f, 0x65, 0x72, 0x72, 0x6f, 0x72, 0x73, 0x01,
 0x1a, 0x72, 0x65, 0x71, 0x75, 0x69, 0x72, 0x65,
 0x5f, 0x73, 0x74, 0x61, 0x74, 0x65, 0x01, 0x2e,
 0x72, 0x65, 0x71, 0x75, 0x69, 0x72, 0x65, 0x5f,
 0x73, 0x74, 0x72, 0x65, 0x61, 0x6d, 0x5f, 0x77,
 0x72, 0x69, 0x74, 0x61, 0x62, 0x6c, 0x65, 0x01,
 0x2a, 0x72, 0x65, 0x71, 0x75, 0x69, 0x72, 0x65,
 0x5f, 0x73, 0x74, 0x72, 0x65, 0x61, 0x6d, 0x5f,
 0x64, 0x75, 0x70, 0x6c, 0x65, 0x78, 0x01, 0x2a,
 0x72, 0x65, 0x71, 0x75, 0x69, 0x72, 0x65, 0x5f,
 0x65, 0x6e, 0x64, 0x5f, 0x6f, 0x66, 0x5f, 0x73,
 0x74, 0x72, 0x65, 0x61, 0x6d, 0x01, 0x2c, 0x72,
 0x65, 0x71, 0x75, 0x69, 0x72, 0x65, 0x5f, 0x61,
 0x73, 0x79, 0x6e, 0x63, 0x5f, 0x69, 0x74, 0x65,
 0x72, 0x61, 0x74, 0x6f, 0x72, 0x01, 0x18, 0x72,
 0x65, 0x71, 0x75, 0x69, 0x72, 0x65, 0x5f, 0x66,
 0x72, 0x6f, 0x6d, 0x01, 0x2e, 0x72, 0x65, 0x71,
 0x75, 0x69, 0x72, 0x65, 0x5f, 0x73, 0x74, 0x72,
 0x65, 0x61, 0x6d, 0x5f, 0x72, 0x65, 0x61, 0x64,
 0x61, 0x62, 0x6c, 0x65, 0x01, 0x30, 0x72, 0x65,
 0x71, 0x75, 0x69, 0x72, 0x65, 0x5f, 0x73, 0x74,
 0x72, 0x65, 0x61, 0x6d, 0x5f, 0x74, 0x72, 0x61,
 0x6e, 0x73, 0x66, 0x6f, 0x72, 0x6d, 0x01, 0x34,
 0x72, 0x65, 0x71, 0x75, 0x69, 0x72, 0x65, 0x5f,
 0x73, 0x74, 0x72, 0x65, 0x61, 0x6d, 0x5f, 0x70,
 0x61, 0x73, 0x73, 0x74, 0x68, 0x72, 0x6f, 0x75,
 0x67, 0x68, 0x01, 0x20, 0x72, 0x65, 0x71, 0x75,
 0x69, 0x72, 0x65, 0x5f, 0x70, 0x69, 0x70, 0x65,
 0x6c, 0x69, 0x6e, 0x65, 0x01, 0x0c, 0x53, 0x74,
 0x72, 0x65, 0x61, 0x6d, 0x01, 0x10, 0x52, 0x65,
 0x61, 0x64, 0x61, 0x62, 0x6c, 0x65, 0x01, 0x10,
 0x57, 0x72, 0x69, 0x74, 0x61, 0x62, 0x6c, 0x65,
 0x01, 0x0c, 0x44, 0x75, 0x70, 0x6c, 0x65, 0x78,
 0x01, 0x12, 0x54, 0x72, 0x61, 0x6e, 0x73, 0x66,
 0x6f, 0x72, 0x6d, 0x01, 0x16, 0x50, 0x61, 0x73,
 0x73, 0x54, 0x68, 0x72, 0x6f, 0x75, 0x67, 0x68,
 0x01, 0x10, 0x66, 0x69, 0x6e, 0x69, 0x73, 0x68,
 0x65, 0x64, 0x01, 0x10, 0x70, 0x69, 0x70, 0x65,
 0x6c, 0x69, 0x6e, 0x65, 0x01, 0x04, 0x63, 0x62,
 0x01, 0x06, 0x6d, 0x6f, 0x64, 0x01, 0x12, 0x5f,
 0x5f, 0x72, 0x65, 0x71, 0x75, 0x69, 0x72, 0x65,
 0x01, 0x12, 0x3c, 0x75, 0x6e, 0x6e, 0x61, 0x6d,
 0x65, 0x64, 0x3e, 0x01, 0x10, 0x65, 0x78, 0x70,
 0x6f, 0x72, 0x74, 0x73, 0x32, 0x01, 0x0e, 0x6d,
 0x6f, 0x64, 0x75, 0x6c, 0x65, 0x32, 0x01, 0x18,
 0x41, 0x72, 0x72, 0x61, 0x79, 0x49, 0x73, 0x41,
 0x72, 0x72, 0x61, 0x79, 0x01, 0x28, 0x4f, 0x62,
 0x6a, 0x65, 0x63, 0x74, 0x53, 0x65, 0x74, 0x50,
 0x72, 0x6f, 0x74, 0x6f, 0x74, 0x79, 0x70, 0x65,
 0x4f, 0x66, 0x01, 0x04, 0x45, 0x45, 0x01, 0x0e,
 0x53, 0x74, 0x72, 0x65, 0x61, 0x6d, 0x32, 0x01,
 0x1e, 0x70, 0x72, 0x65, 0x70, 0x65, 0x6e, 0x64,
 0x4c, 0x69, 0x73, 0x74, 0x65, 0x6e, 0x65, 0x72,
 0x01, 0x08, 0x6f, 0x70, 0x74, 0x73, 0x01, 0x08,
 0x63, 0x61, 0x6c, 0x6c, 0x01, 0x08, 0x64, 0x65,
 0x73, 0x74, 0x01, 0x0e, 0x6f, 0x70, 0x74, 0x69,
 0x6f, 0x6e, 0x73, 0x01, 0x0c, 0x6f, 0x6e, 0x64,
 0x61, 0x74, 0x61, 0x01, 0x0e, 0x6f, 0x6e, 0x64,
 0x72, 0x61, 0x69, 0x6e, 0x01, 0x10, 0x64, 0x69,
 0x64, 0x4f, 0x6e, 0x45, 0x6e, 0x64, 0x01, 0x0a,
 0x6f, 0x6e, 0x65, 0x6e, 0x64, 0x01, 0x0e, 0x6f,
 0x6e, 0x63, 0x6c, 0x6f, 0x73, 0x65, 0x01, 0x0e,
 0x6f, 0x6e, 0x65, 0x72, 0x72, 0x6f, 0x72, 0x01,
 0x0e, 0x63, 0x6c, 0x65, 0x61, 0x6e, 0x75, 0x70,
 0x01, 0x0a, 0x63, 0x68, 0x75, 0x6e, 0x6b, 0x01,
 0x0a, 0x77, 0x72, 0x69, 0x74, 0x65, 0x01, 0x0a,
 0x70, 0x61, 0x75, 0x73, 0x65, 0x01, 0x10, 0x72,
 0x65, 0x61, 0x64, 0x61, 0x62, 0x6c, 0x65, 0x01,
 0x0c, 0x72, 0x65, 0x73, 0x75, 0x6d, 0x65, 0x01,
 0x06, 0x65, 0x6e, 0x64, 0x01, 0x0e, 0x64, 0x65,
 0x73, 0x74, 0x72, 0x6f, 0x79, 0x01, 0x04, 0x65,
 0x72, 0x01, 0x1a, 0x6c, 0x69, 0x73, 0x74, 0x65,
 0x6e, 0x65, 0x72, 0x43, 0x6f, 0x75, 0x6e, 0x74,
 0x01, 0x08, 0x65, 0x6d, 0x69, 0x74, 0x01, 0x1c,
 0x72, 0x65, 0x6d, 0x6f, 0x76, 0x65, 0x4c, 0x69,
 0x73, 0x74, 0x65, 0x6e, 0x65, 0x72, 0x01, 0x08,
 0x64, 0x61, 0x74, 0x61, 0x01, 0x0a, 0x64, 0x72,
 0x61, 0x69, 0x6e, 0x01, 0x0a, 0x63, 0x6c, 0x6f,
 0x73, 0x65, 0x01, 0x04, 0x6f, 0x6e, 0x01, 0x10,
 0x5f, 0x69, 0x73, 0x53, 0x74, 0x64, 0x69, 0x6f,
 0x01, 0x08, 0x70, 0x69, 0x70, 0x65, 0x01, 0x0e,
 0x65, 0x6d, 0x69, 0x74, 0x74, 0x65, 0x72, 0x01,
 0x0a, 0x65, 0x76, 0x65, 0x6e, 0x74, 0x01, 0x04,
 0x66, 0x6e, 0x01, 0x0e, 0x5f, 0x65, 0x76, 0x65,
 0x6e, 0x74, 0x73, 0x01, 0x0e, 0x75, 0x6e, 0x73,
 0x68, 0x69, 0x66, 0x74, 0x01, 0x0e, 0x69, 0x73,
 0x41, 0x72, 0x72, 0x61, 0x79, 0x01, 0x0c, 0x65,
 0x76, 0x65, 0x6e, 0x74, 0x73, 0x01, 0x1a, 0x5f,
 0x6f, 0x62, 0x6a, 0x65, 0x63, 0x74, 0x53, 0x70,
 0x72, 0x65, 0x61, 0x64, 0x01, 0x1e, 0x5f, 0x64,
 0x65, 0x66, 0x69, 0x6e, 0x65, 0x50, 0x72, 0x6f,
 0x70, 0x65, 0x72, 0x74, 0x79, 0x01, 0x1e, 0x5f,
 0x63, 0x6c, 0x61, 0x73, 0x73, 0x43, 0x61, 0x6c,
 0x6c, 0x43, 0x68, 0x65, 0x63, 0x6b, 0x01, 0x22,
 0x5f, 0x64, 0x65, 0x66, 0x69, 0x6e, 0x65, 0x50,
 0x72, 0x6f, 0x70, 0x65, 0x72, 0x74, 0x69, 0x65,
 0x73, 0x01, 0x18, 0x5f, 0x63, 0x72, 0x65, 0x61,
 0x74, 0x65, 0x43, 0x6c, 0x61, 0x73, 0x73, 0x01,
 0x1c, 0x5f, 0x74, 0x6f, 0x50, 0x72, 0x6f, 0x70,
 0x65, 0x72, 0x74, 0x79, 0x4b, 0x65, 0x79, 0x01,
 0x18, 0x5f, 0x74, 0x6f, 0x50, 0x72, 0x69, 0x6d,
 0x69, 0x74, 0x69, 0x76, 0x65, 0x01, 0x10, 0x5f,
 0x72, 0x65, 0x71, 0x75, 0x69, 0x72, 0x65, 0x01,
 0x0e, 0x42, 0x75, 0x66, 0x66, 0x65, 0x72, 0x32,
 0x01, 0x12, 0x5f, 0x72, 0x65, 0x71, 0x75, 0x69,
 0x72, 0x65, 0x32, 0x01, 0x0e, 0x69, 0x6e, 0x73,
 0x70, 0x65, 0x63, 0x74, 0x01, 0x0c, 0x63, 0x75,
 0x73, 0x74, 0x6f, 0x6d, 0x01, 0x14, 0x63, 0x6f,
 0x70, 0x79, 0x42, 0x75, 0x66, 0x66, 0x65, 0x72,
 0x01, 0x1c, 0x65, 0x6e, 0x75, 0x6d, 0x65, 0x72,
 0x61, 0x62, 0x6c, 0x65, 0x4f, 0x6e, 0x6c, 0x79,
 0x01, 0x0e, 0x73, 0x79, 0x6d, 0x62, 0x6f, 0x6c,
 0x73, 0x01, 0x06, 0x73, 0x79, 0x6d, 0x01, 0x2a,
 0x67, 0x65, 0x74, 0x4f, 0x77, 0x6e, 0x50, 0x72,
 0x6f, 0x70, 0x65, 0x72, 0x74, 0x79, 0x53, 0x79,
 0x6d, 0x62, 0x6f, 0x6c, 0x73, 0x01, 0x0c, 0x66,
 0x69, 0x6c, 0x74, 0x65, 0x72, 0x01, 0x08, 0x70,
 0x75, 0x73, 0x68, 0x01, 0x02, 0x69, 0x01, 0x06,
 0x6b, 0x65, 0x79, 0x01, 0x0e, 0x66, 0x6f, 0x72,
 0x45, 0x61, 0x63, 0x68, 0x01, 0x32, 0x67, 0x65,
 0x74, 0x4f, 0x77, 0x6e, 0x50, 0x72, 0x6f, 0x70,
 0x65, 0x72, 0x74, 0x79, 0x44, 0x65, 0x73, 0x63,
 0x72, 0x69, 0x70, 0x74, 0x6f, 0x72, 0x73, 0x01,
 0x06, 0x6f, 0x62, 0x6a, 0x01, 0x10, 0x69, 0x6e,
 0x73, 0x74, 0x61, 0x6e, 0x63, 0x65, 0x01, 0x16,
 0x43, 0x6f, 0x6e, 0x73, 0x74, 0x72, 0x75, 0x63,
 0x74, 0x6f, 0x72, 0x01, 0x42, 0x43, 0x61, 0x6e,
 0x6e, 0x6f, 0x74, 0x20, 0x63, 0x61, 0x6c, 0x6c,
 0x20, 0x61, 0x20, 0x63, 0x6c, 0x61, 0x73, 0x73,
 0x20, 0x61, 0x73, 0x20, 0x61, 0x20, 0x66, 0x75,
 0x6e, 0x63, 0x74, 0x69, 0x6f, 0x6e, 0x01, 0x0a,
 0x70, 0x72, 0x6f, 0x70, 0x73, 0x01, 0x14, 0x64,
 0x65, 0x73, 0x63, 0x72, 0x69, 0x70, 0x74, 0x6f,
 0x72, 0x01, 0x14, 0x70, 0x72, 0x6f, 0x74, 0x6f,
 0x50, 0x72, 0x6f, 0x70, 0x73, 0x01, 0x16, 0x73,
 0x74, 0x61, 0x74, 0x69, 0x63, 0x50, 0x72, 0x6f,
 0x70, 0x73, 0x01, 0x06, 0x61, 0x72, 0x67, 0x01,
 0x08, 0x68, 0x69, 0x6e, 0x74, 0x01, 0x08, 0x70,
 0x72, 0x69, 0x6d, 0x01, 0x06, 0x72, 0x65, 0x73,
 0x01, 0x16, 0x74, 0x6f, 0x50, 0x72, 0x69, 0x6d,
 0x69, 0x74, 0x69, 0x76, 0x65, 0x01, 0x58, 0x40,
 0x40, 0x74, 0x6f, 0x50, 0x72, 0x69, 0x6d, 0x69,
 0x74, 0x69, 0x76, 0x65, 0x20, 0x6d, 0x75, 0x73,
 0x74, 0x20, 0x72, 0x65, 0x74, 0x75, 0x72, 0x6e,
 0x20, 0x61, 0x20, 0x70, 0x72, 0x69, 0x6d, 0x69,
 0x74, 0x69, 0x76, 0x65, 0x20, 0x76, 0x61, 0x6c,
 0x75, 0x65, 0x2e, 0x01, 0x06, 0x73, 0x72, 0x63,
 0x01, 0x0c, 0x6f, 0x66, 0x66, 0x73, 0x65, 0x74,
 0x01, 0x08, 0x63, 0x6f, 0x70, 0x79, 0x01, 0x14,
 0x42, 0x75, 0x66, 0x66, 0x65, 0x72, 0x4c, 0x69,
 0x73, 0x74, 0x01, 0x08, 0x68, 0x65, 0x61, 0x64,
 0x01, 0x08, 0x74, 0x61, 0x69, 0x6c, 0x01, 0x02,
 0x76, 0x01, 0x0a, 0x65, 0x6e, 0x74, 0x72, 0x79,
 0x01, 0x0a, 0x73, 0x68, 0x69, 0x66, 0x74, 0x01,
 0x06, 0x72, 0x65, 0x74, 0x01, 0x0a, 0x63, 0x6c,
 0x65, 0x61, 0x72, 0x01, 0x02, 0x73, 0x01, 0x02,
 0x70, 0x01, 0x02, 0x6e, 0x01, 0x0a, 0x61, 0x6c,
 0x6c, 0x6f, 0x63, 0x01, 0x16, 0x61, 0x6c, 0x6c,
 0x6f, 0x63, 0x55, 0x6e, 0x73, 0x61, 0x66, 0x65,
 0x01, 0x0e, 0x63, 0x6f, 0x6e, 0x73, 0x75, 0x6d,
 0x65, 0x01, 0x14, 0x68, 0x61, 0x73, 0x53, 0x74,
 0x72, 0x69, 0x6e, 0x67, 0x73, 0x01, 0x0a, 0x73,
 0x6c, 0x69, 0x63, 0x65, 0x01, 0x14, 0x5f, 0x67,
 0x65, 0x74, 0x53, 0x74, 0x72, 0x69, 0x6e, 0x67,
 0x01, 0x14, 0x5f, 0x67, 0x65, 0x74, 0x42, 0x75,
 0x66, 0x66, 0x65, 0x72, 0x01, 0x0a, 0x66, 0x69,
 0x72, 0x73, 0x74, 0x01, 0x02, 0x63, 0x01, 0x06,
 0x73, 0x74, 0x72, 0x01, 0x04, 0x6e, 0x62, 0x01,
 0x06, 0x62, 0x75, 0x66, 0x01, 0x02, 0x5f, 0x01,
 0x0a, 0x64, 0x65, 0x70, 0x74, 0x68, 0x01, 0x1a,
 0x63, 0x75, 0x73, 0x74, 0x6f, 0x6d, 0x49, 0x6e,
 0x73, 0x70, 0x65, 0x63, 0x74, 0x01, 0x0c, 0x62,
 0x75, 0x66, 0x66, 0x65, 0x72, 0x01, 0x0c, 0x42,
 0x75, 0x66, 0x66, 0x65, 0x72, 0x01, 0x08, 0x75,
 0x74, 0x69, 0x6c, 0x01, 0x26, 0x65, 0x6d, 0x69,
 0x74, 0x45, 0x72, 0x72, 0x6f, 0x72, 0x41, 0x6e,
 0x64, 0x43, 0x6c, 0x6f, 0x73, 0x65, 0x4e, 0x54,
 0x01, 0x16, 0x65, 0x6d, 0x69, 0x74, 0x43, 0x6c,
 0x6f, 0x73, 0x65, 0x4e, 0x54, 0x01, 0x12, 0x75,
 0x6e, 0x64, 0x65, 0x73, 0x74, 0x72, 0x6f, 0x79,
 0x01, 0x16, 0x65, 0x6d, 0x69, 0x74, 0x45, 0x72,
 0x72, 0x6f, 0x72, 0x4e, 0x54, 0x01, 0x1c, 0x65,
 0x72, 0x72, 0x6f, 0x72, 0x4f, 0x72, 0x44, 0x65,
 0x73, 0x74, 0x72, 0x6f, 0x79, 0x01, 0x06, 0x65,
 0x72, 0x72, 0x01, 0x0a, 0x5f, 0x74, 0x68, 0x69,
 0x73, 0x01, 0x22, 0x72, 0x65, 0x61, 0x64, 0x61,
 0x62, 0x6c, 0x65, 0x44, 0x65, 0x73, 0x74, 0x72,
 0x6f, 0x79, 0x65, 0x64, 0x01, 0x22, 0x77, 0x72,
 0x69, 0x74, 0x61, 0x62, 0x6c, 0x65, 0x44, 0x65,
 0x73, 0x74, 0x72, 0x6f, 0x79, 0x65, 0x64, 0x01,
 0x08, 0x65, 0x72, 0x72, 0x32, 0x01, 0x1c, 0x5f,
 0x77, 0x72, 0x69, 0x74, 0x61, 0x62, 0x6c, 0x65,
 0x53, 0x74, 0x61, 0x74, 0x65, 0x01, 0x0e, 0x70,
 0x72, 0x6f, 0x63, 0x65, 0x73, 0x73, 0x01, 0x10,
 0x6e, 0x65, 0x78, 0x74, 0x54, 0x69, 0x63, 0x6b,
 0x01, 0x18, 0x65, 0x72, 0x72, 0x6f, 0x72, 0x45,
 0x6d, 0x69, 0x74, 0x74, 0x65, 0x64, 0x01, 0x1c,
 0x5f, 0x72, 0x65, 0x61, 0x64, 0x61, 0x62, 0x6c,
 0x65, 0x53, 0x74, 0x61, 0x74, 0x65, 0x01, 0x12,
 0x64, 0x65, 0x73, 0x74, 0x72, 0x6f, 0x79, 0x65,
 0x64, 0x01, 0x10, 0x5f, 0x64, 0x65, 0x73, 0x74,
 0x72, 0x6f, 0x79, 0x01, 0x0a, 0x73, 0x65, 0x6c,
 0x66, 0x32, 0x01, 0x12, 0x65, 0x6d, 0x69, 0x74,
 0x43, 0x6c, 0x6f, 0x73, 0x65, 0x01, 0x0e, 0x72,
 0x65, 0x61, 0x64, 0x69, 0x6e, 0x67, 0x01, 0x0a,
 0x65, 0x6e, 0x64, 0x65, 0x64, 0x01, 0x14, 0x65,
 0x6e, 0x64, 0x45, 0x6d, 0x69, 0x74, 0x74, 0x65,
 0x64, 0x01, 0x0c, 0x65, 0x6e, 0x64, 0x69, 0x6e,
 0x67, 0x01, 0x16, 0x66, 0x69, 0x6e, 0x61, 0x6c,
 0x43, 0x61, 0x6c, 0x6c, 0x65, 0x64, 0x01, 0x16,
 0x70, 0x72, 0x65, 0x66, 0x69, 0x6e, 0x69, 0x73,
 0x68, 0x65, 0x64, 0x01, 0x0c, 0x73, 0x74, 0x72,
 0x65, 0x61, 0x6d, 0x01, 0x0c, 0x72, 0x53, 0x74,
 0x61, 0x74, 0x65, 0x01, 0x0c, 0x77, 0x53, 0x74,
 0x61, 0x74, 0x65, 0x01, 0x16, 0x61, 0x75, 0x74,
 0x6f, 0x44, 0x65, 0x73, 0x74, 0x72, 0x6f, 0x79,
 0x01, 0x0a, 0x63, 0x6f, 0x64, 0x65, 0x73, 0x01,
 0x1e, 0x63, 0x72, 0x65, 0x61, 0x74, 0x65, 0x45,
 0x72, 0x72, 0x6f, 0x72, 0x54, 0x79, 0x70, 0x65,
 0x01, 0x0a, 0x6f, 0x6e, 0x65, 0x4f, 0x66, 0x01,
 0x14, 0x73, 0x74, 0x61, 0x72, 0x74, 0x73, 0x57,
 0x69, 0x74, 0x68, 0x01, 0x10, 0x65, 0x6e, 0x64,
 0x73, 0x57, 0x69, 0x74, 0x68, 0x01, 0x10, 0x69,
 0x6e, 0x63, 0x6c, 0x75, 0x64, 0x65, 0x73, 0x01,
 0x08, 0x63, 0x6f, 0x64, 0x65, 0x01, 0x08, 0x42,
 0x61, 0x73, 0x65, 0x01, 0x14, 0x67, 0x65, 0x74,
 0x4d, 0x65, 0x73, 0x73, 0x61, 0x67, 0x65, 0x01,
 0x12, 0x4e, 0x6f, 0x64, 0x65, 0x45, 0x72, 0x72,
 0x6f, 0x72, 0x01, 0x08, 0x61, 0x72, 0x67, 0x31,
 0x01, 0x08, 0x61, 0x72, 0x67, 0x32, 0x01, 0x08,
 0x61, 0x72, 0x67, 0x33, 0x01, 0x10, 0x65, 0x78,
 0x70, 0x65, 0x63, 0x74, 0x65, 0x64, 0x01, 0x0a,
 0x74, 0x68, 0x69, 0x6e, 0x67, 0x01, 0x06, 0x6c,
 0x65, 0x6e, 0x01, 0x06, 0x6d, 0x61, 0x70, 0x01,
 0x0e, 0x6f, 0x6e, 0x65, 0x20, 0x6f, 0x66, 0x20,
 0x01, 0x02, 0x20, 0x01, 0x04, 0x2c, 0x20, 0x01,
 0x0a, 0x2c, 0x20, 0x6f, 0x72, 0x20, 0x01, 0x08,
 0x20, 0x6f, 0x72, 0x20, 0x01, 0x06, 0x6f, 0x66,
 0x20, 0x01, 0x0c, 0x73, 0x65, 0x61, 0x72, 0x63,
 0x68, 0x01, 0x06, 0x70, 0x6f, 0x73, 0x01, 0x0c,
 0x73, 0x75, 0x62, 0x73, 0x74, 0x72, 0x01, 0x10,
 0x74, 0x68, 0x69, 0x73, 0x5f, 0x6c, 0x65, 0x6e,
 0x01, 0x12, 0x73, 0x75, 0x62, 0x73, 0x74, 0x72,
 0x69, 0x6e, 0x67, 0x01, 0x0a, 0x73, 0x74, 0x61,
 0x72, 0x74, 0x01, 0x0e, 0x69, 0x6e, 0x64, 0x65,
 0x78, 0x4f, 0x66, 0x01, 0x16, 0x54, 0x68, 0x65,
 0x20, 0x76, 0x61, 0x6c, 0x75, 0x65, 0x20, 0x22,
 0x01, 0x32, 0x22, 0x20, 0x69, 0x73, 0x20, 0x69,
 0x6e, 0x76, 0x61, 0x6c, 0x69, 0x64, 0x20, 0x66,
 0x6f, 0x72, 0x20, 0x6f, 0x70, 0x74, 0x69, 0x6f,
 0x6e, 0x20, 0x22, 0x01, 0x02, 0x22, 0x01, 0x0c,
 0x61, 0x63, 0x74, 0x75, 0x61, 0x6c, 0x01, 0x14,
 0x64, 0x65, 0x74, 0x65, 0x72, 0x6d, 0x69, 0x6e,
 0x65, 0x72, 0x01, 0x06, 0x6d, 0x73, 0x67, 0x01,
 0x08, 0x74, 0x79, 0x70, 0x65, 0x01, 0x08, 0x6e,
 0x6f, 0x74, 0x20, 0x01, 0x16, 0x6d, 0x75, 0x73,
 0x74, 0x20, 0x6e, 0x6f, 0x74, 0x20, 0x62, 0x65,
 0x01, 0x0e, 0x72, 0x65, 0x70, 0x6c, 0x61, 0x63,
 0x65, 0x01, 0x0e, 0x6d, 0x75, 0x73, 0x74, 0x20,
 0x62, 0x65, 0x01, 0x12, 0x20, 0x61, 0x72, 0x67,
 0x75, 0x6d, 0x65, 0x6e, 0x74, 0x01, 0x08, 0x54,
 0x68, 0x65, 0x20, 0x01, 0x02, 0x2e, 0x01, 0x10,
 0x70, 0x72, 0x6f, 0x70, 0x65, 0x72, 0x74, 0x79,
 0x01, 0x10, 0x61, 0x72, 0x67, 0x75, 0x6d, 0x65,
 0x6e, 0x74, 0x01, 0x0a, 0x54, 0x68, 0x65, 0x20,
 0x22, 0x01, 0x04, 0x22, 0x20, 0x01, 0x20, 0x2e,
 0x20, 0x52, 0x65, 0x63, 0x65, 0x69, 0x76, 0x65,
 0x64, 0x20, 0x74, 0x79, 0x70, 0x65, 0x20, 0x01,
 0x34, 0x20, 0x6d, 0x65, 0x74, 0x68, 0x6f, 0x64,
 0x20, 0x69, 0x73, 0x20, 0x6e, 0x6f, 0x74, 0x20,
 0x69, 0x6d, 0x70, 0x6c, 0x65, 0x6d, 0x65, 0x6e,
 0x74, 0x65, 0x64, 0x01, 0x18, 0x43, 0x61, 0x6e,
 0x6e, 0x6f, 0x74, 0x20, 0x63, 0x61, 0x6c, 0x6c,
 0x20, 0x01, 0x3a, 0x20, 0x61, 0x66, 0x74, 0x65,
 0x72, 0x20, 0x61, 0x20, 0x73, 0x74, 0x72, 0x65,
 0x61, 0x6d, 0x20, 0x77, 0x61, 0x73, 0x20, 0x64,
 0x65, 0x73, 0x74, 0x72, 0x6f, 0x79, 0x65, 0x64,
 0x01, 0x24, 0x55, 0x6e, 0x6b, 0x6e, 0x6f, 0x77,
 0x6e, 0x20, 0x65, 0x6e, 0x63, 0x6f, 0x64, 0x69,
 0x6e, 0x67, 0x3a, 0x20, 0x01, 0x2a, 0x45, 0x52,
 0x52, 0x5f, 0x49, 0x4e, 0x56, 0x41, 0x4c, 0x49,
 0x44, 0x5f, 0x4f, 0x50, 0x54, 0x5f, 0x56, 0x41,
 0x4c, 0x55, 0x45, 0x01, 0x28, 0x45, 0x52, 0x52,
 0x5f, 0x49, 0x4e, 0x56, 0x41, 0x4c, 0x49, 0x44,
 0x5f, 0x41, 0x52, 0x47, 0x5f, 0x54, 0x59, 0x50,
 0x45, 0x01, 0x32, 0x45, 0x52, 0x52, 0x5f, 0x53,
 0x54, 0x52, 0x45, 0x41, 0x4d, 0x5f, 0x50, 0x55,
 0x53, 0x48, 0x5f, 0x41, 0x46, 0x54, 0x45, 0x52,
 0x5f, 0x45, 0x4f, 0x46, 0x01, 0x2e, 0x73, 0x74,
 0x72, 0x65, 0x61, 0x6d, 0x2e, 0x70, 0x75, 0x73,
 0x68, 0x28, 0x29, 0x20, 0x61, 0x66, 0x74, 0x65,
 0x72, 0x20, 0x45, 0x4f, 0x46, 0x01, 0x34, 0x45,
 0x52, 0x52, 0x5f, 0x4d, 0x45, 0x54, 0x48, 0x4f,
 0x44, 0x5f, 0x4e, 0x4f, 0x54, 0x5f, 0x49, 0x4d,
 0x50, 0x4c, 0x45, 0x4d, 0x45, 0x4e, 0x54, 0x45,
 0x44, 0x01, 0x34, 0x45, 0x52, 0x52, 0x5f, 0x53,
 0x54, 0x52, 0x45, 0x41, 0x4d, 0x5f, 0x50, 0x52,
 0x45, 0x4d, 0x41, 0x54, 0x55, 0x52, 0x45, 0x5f,
 0x43, 0x4c, 0x4f, 0x53, 0x45, 0x01, 0x1e, 0x50,
 0x72, 0x65, 0x6d, 0x61, 0x74, 0x75, 0x72, 0x65,
 0x20, 0x63, 0x6c, 0x6f, 0x73, 0x65, 0x01, 0x28,
 0x45, 0x52, 0x52, 0x5f, 0x53, 0x54, 0x52, 0x45,
 0x41, 0x4d, 0x5f, 0x44, 0x45, 0x53, 0x54, 0x52,
 0x4f, 0x59, 0x45, 0x44, 0x01, 0x2a, 0x45, 0x52,
 0x52, 0x5f, 0x4d, 0x55, 0x4c, 0x54, 0x49, 0x50,
 0x4c, 0x45, 0x5f, 0x43, 0x41, 0x4c, 0x4c, 0x42,
 0x41, 0x43, 0x4b, 0x01, 0x3c, 0x43, 0x61, 0x6c,
 0x6c, 0x62, 0x61, 0x63, 0x6b, 0x20, 0x63, 0x61,
 0x6c, 0x6c, 0x65, 0x64, 0x20, 0x6d, 0x75, 0x6c,
 0x74, 0x69, 0x70, 0x6c, 0x65, 0x20, 0x74, 0x69,
 0x6d, 0x65, 0x73, 0x01, 0x2c, 0x45, 0x52, 0x52,
 0x5f, 0x53, 0x54, 0x52, 0x45, 0x41, 0x4d, 0x5f,
 0x43, 0x41, 0x4e, 0x4e, 0x4f, 0x54, 0x5f, 0x50,
 0x49, 0x50, 0x45, 0x01, 0x32, 0x43, 0x61, 0x6e,
 0x6e, 0x6f, 0x74, 0x20, 0x70, 0x69, 0x70, 0x65,
 0x2c, 0x20, 0x6e, 0x6f, 0x74, 0x20, 0x72, 0x65,
 0x61, 0x64, 0x61, 0x62, 0x6c, 0x65, 0x01, 0x34,
 0x45, 0x52, 0x52, 0x5f, 0x53, 0x54, 0x52, 0x45,
 0x41, 0x4d, 0x5f, 0x57, 0x52, 0x49, 0x54, 0x45,
 0x5f, 0x41, 0x46, 0x54, 0x45, 0x52, 0x5f, 0x45,
 0x4e, 0x44, 0x01, 0x1e, 0x77, 0x72, 0x69, 0x74,
 0x65, 0x20, 0x61, 0x66, 0x74, 0x65, 0x72, 0x20,
 0x65, 0x6e, 0x64, 0x01, 0x2c, 0x45, 0x52, 0x52,
 0x5f, 0x53, 0x54, 0x52, 0x45, 0x41, 0x4d, 0x5f,
 0x4e, 0x55, 0x4c, 0x4c, 0x5f, 0x56, 0x41, 0x4c,
 0x55, 0x45, 0x53, 0x01, 0x46, 0x4d, 0x61, 0x79,
 0x20, 0x6e, 0x6f, 0x74, 0x20, 0x77, 0x72, 0x69,
 0x74, 0x65, 0x20, 0x6e, 0x75, 0x6c, 0x6c, 0x20,
 0x76, 0x61, 0x6c, 0x75, 0x65, 0x73, 0x20, 0x74,
 0x6f, 0x20, 0x73, 0x74, 0x72, 0x65, 0x61, 0x6d,
 0x01, 0x28, 0x45, 0x52, 0x52, 0x5f, 0x55, 0x4e,
 0x4b, 0x4e, 0x4f, 0x57, 0x4e, 0x5f, 0x45, 0x4e,
 0x43, 0x4f, 0x44, 0x49, 0x4e, 0x47, 0x01, 0x44,
 0x45, 0x52, 0x52, 0x5f, 0x53, 0x54, 0x52, 0x45,
 0x41, 0x4d, 0x5f, 0x55, 0x4e, 0x53, 0x48, 0x49,
 0x46, 0x54, 0x5f, 0x41, 0x46, 0x54, 0x45, 0x52,
 0x5f, 0x45, 0x4e, 0x44, 0x5f, 0x45, 0x56, 0x45,
 0x4e, 0x54, 0x01, 0x40, 0x73, 0x74, 0x72, 0x65,
 0x61, 0x6d, 0x2e, 0x75, 0x6e, 0x73, 0x68, 0x69,
 0x66, 0x74, 0x28, 0x29, 0x20, 0x61, 0x66, 0x74,
 0x65, 0x72, 0x20, 0x65, 0x6e, 0x64, 0x20, 0x65,
 0x76, 0x65, 0x6e, 0x74, 0x01, 0x22, 0x68, 0x69,
 0x67, 0x68, 0x57, 0x61, 0x74, 0x65, 0x72, 0x4d,
 0x61, 0x72, 0x6b, 0x46, 0x72, 0x6f, 0x6d, 0x01,
 0x20, 0x67, 0x65, 0x74, 0x48, 0x69, 0x67, 0x68,
 0x57, 0x61, 0x74, 0x65, 0x72, 0x4d, 0x61, 0x72,
 0x6b, 0x01, 0x10, 0x69, 0x73, 0x44, 0x75, 0x70,
 0x6c, 0x65, 0x78, 0x01, 0x12, 0x64, 0x75, 0x70,
 0x6c, 0x65, 0x78, 0x4b, 0x65, 0x79, 0x01, 0x1a,
 0x68, 0x69, 0x67, 0x68, 0x57, 0x61, 0x74, 0x65,
 0x72, 0x4d, 0x61, 0x72, 0x6b, 0x01, 0x0a, 0x73,
 0x74, 0x61, 0x74, 0x65, 0x01, 0x06, 0x68, 0x77,
 0x6d, 0x01, 0x10, 0x69, 0x73, 0x46, 0x69, 0x6e,
 0x69, 0x74, 0x65, 0x01, 0x0a, 0x66, 0x6c, 0x6f,
 0x6f, 0x72, 0x01, 0x14, 0x6f, 0x62, 0x6a, 0x65,
 0x63, 0x74, 0x4d, 0x6f, 0x64, 0x65, 0x01, 0x1a,
 0x43, 0x6f, 0x72, 0x6b, 0x65, 0x64, 0x52, 0x65,
 0x71, 0x75, 0x65, 0x73, 0x74, 0x01, 0x0e, 0x44,
 0x75, 0x70, 0x6c, 0x65, 0x78, 0x32, 0x01, 0x18,
 0x69, 0x6e, 0x74, 0x65, 0x72, 0x6e, 0x61, 0x6c,
 0x55, 0x74, 0x69, 0x6c, 0x01, 0x1a, 0x4f, 0x75,
 0x72, 0x55, 0x69, 0x6e, 0x74, 0x38, 0x41, 0x72,
 0x72, 0x61, 0x79, 0x01, 0x26, 0x5f, 0x75, 0x69,
 0x6e, 0x74, 0x38, 0x41, 0x72, 0x72, 0x61, 0x79,
 0x54, 0x6f, 0x42, 0x75, 0x66, 0x66, 0x65, 0x72,
 0x01, 0x1a, 0x5f, 0x69, 0x73, 0x55, 0x69, 0x6e,
 0x74, 0x38, 0x41, 0x72, 0x72, 0x61, 0x79, 0x01,
 0x16, 0x64, 0x65, 0x73, 0x74, 0x72, 0x6f, 0x79,
 0x49, 0x6d, 0x70, 0x6c, 0x01, 0x1c, 0x5f, 0x72,
 0x65, 0x71, 0x75, 0x69, 0x72, 0x65, 0x24, 0x63,
 0x6f, 0x64, 0x65, 0x73, 0x01, 0x06, 0x6e, 0x6f,
 0x70, 0x01, 0x1a, 0x57, 0x72, 0x69, 0x74, 0x61,
 0x62, 0x6c, 0x65, 0x53, 0x74, 0x61, 0x74, 0x65,
 0x01, 0x1e, 0x72, 0x65, 0x61, 0x6c, 0x48, 0x61,
 0x73, 0x49, 0x6e, 0x73, 0x74, 0x61, 0x6e, 0x63,
 0x65, 0x01, 0x12, 0x57, 0x72, 0x69, 0x74, 0x61,
 0x62, 0x6c, 0x65, 0x32, 0x01, 0x1a, 0x77, 0x72,
 0x69, 0x74, 0x65, 0x41, 0x66, 0x74, 0x65, 0x72,
 0x45, 0x6e, 0x64, 0x01, 0x14, 0x76, 0x61, 0x6c,
 0x69, 0x64, 0x43, 0x68, 0x75, 0x6e, 0x6b, 0x01,
 0x16, 0x64, 0x65, 0x63, 0x6f, 0x64, 0x65, 0x43,
 0x68, 0x75, 0x6e, 0x6b, 0x01, 0x1a, 0x77, 0x72,
 0x69, 0x74, 0x65, 0x4f, 0x72, 0x42, 0x75, 0x66,
 0x66, 0x65, 0x72, 0x01, 0x0e, 0x64, 0x6f, 0x57,
 0x72, 0x69, 0x74, 0x65, 0x01, 0x18, 0x6f, 0x6e,
 0x77, 0x72, 0x69, 0x74, 0x65, 0x45, 0x72, 0x72,
 0x6f, 0x72, 0x01, 0x24, 0x6f, 0x6e, 0x77, 0x72,
 0x69, 0x74, 0x65, 0x53, 0x74, 0x61, 0x74, 0x65,
 0x55, 0x70, 0x64, 0x61, 0x74, 0x65, 0x01, 0x0e,
 0x6f, 0x6e, 0x77, 0x72, 0x69, 0x74, 0x65, 0x01,
 0x14, 0x61, 0x66, 0x74, 0x65, 0x72, 0x57, 0x72,
 0x69, 0x74, 0x65, 0x01, 0x18, 0x6f, 0x6e, 0x77,
 0x72, 0x69, 0x74, 0x65, 0x44, 0x72, 0x61, 0x69,
 0x6e, 0x01, 0x16, 0x63, 0x6c, 0x65, 0x61, 0x72,
 0x42, 0x75, 0x66, 0x66, 0x65, 0x72, 0x01, 0x14,
 0x6e, 0x65, 0x65, 0x64, 0x46, 0x69, 0x6e, 0x69,
 0x73, 0x68, 0x01, 0x12, 0x63, 0x61, 0x6c, 0x6c,
 0x46, 0x69, 0x6e, 0x61, 0x6c, 0x01, 0x12, 0x70,
 0x72, 0x65, 0x66, 0x69, 0x6e, 0x69, 0x73, 0x68,
 0x01, 0x16, 0x66, 0x69, 0x6e, 0x69, 0x73, 0x68,
 0x4d, 0x61, 0x79, 0x62, 0x65, 0x01, 0x16, 0x65,
 0x6e, 0x64, 0x57, 0x72, 0x69, 0x74, 0x61, 0x62,
 0x6c, 0x65, 0x01, 0x1c, 0x6f, 0x6e, 0x43, 0x6f,
 0x72, 0x6b, 0x65, 0x64, 0x46, 0x69, 0x6e, 0x69,
 0x73, 0x68, 0x01, 0x0c, 0x66, 0x69, 0x6e, 0x69,
 0x73, 0x68, 0x01, 0x10, 0x69, 0x73, 0x42, 0x75,
 0x66, 0x66, 0x65, 0x72, 0x01, 0x10, 0x6e, 0x6f,
 0x44, 0x65, 0x63, 0x6f, 0x64, 0x65, 0x01, 0x24,
 0x77, 0x72, 0x69, 0x74, 0x61, 0x62, 0x6c, 0x65,
 0x4f, 0x62, 0x6a, 0x65, 0x63, 0x74, 0x4d, 0x6f,
 0x64, 0x65, 0x01, 0x2a, 0x77, 0x72, 0x69, 0x74,
 0x61, 0x62, 0x6c, 0x65, 0x48, 0x69, 0x67, 0x68,
 0x57, 0x61, 0x74, 0x65, 0x72, 0x4d, 0x61, 0x72,
 0x6b, 0x01, 0x12, 0x6e, 0x65, 0x65, 0x64, 0x44,
 0x72, 0x61, 0x69, 0x6e, 0x01, 0x1a, 0x64, 0x65,
 0x63, 0x6f, 0x64, 0x65, 0x53, 0x74, 0x72, 0x69,
 0x6e, 0x67, 0x73, 0x01, 0x1e, 0x64, 0x65, 0x66,
 0x61, 0x75, 0x6c, 0x74, 0x45, 0x6e, 0x63, 0x6f,
 0x64, 0x69, 0x6e, 0x67, 0x01, 0x08, 0x75, 0x74,
 0x66, 0x38, 0x01, 0x0e, 0x77, 0x72, 0x69, 0x74,
 0x69, 0x6e, 0x67, 0x01, 0x0c, 0x63, 0x6f, 0x72,
 0x6b, 0x65, 0x64, 0x01, 0x08, 0x73, 0x79, 0x6e,
 0x63, 0x01, 0x20, 0x62, 0x75, 0x66, 0x66, 0x65,
 0x72, 0x50, 0x72, 0x6f, 0x63, 0x65, 0x73, 0x73,
 0x69, 0x6e, 0x67, 0x01, 0x0e, 0x77, 0x72, 0x69,
 0x74, 0x65, 0x63, 0x62, 0x01, 0x10, 0x77, 0x72,
 0x69, 0x74, 0x65, 0x6c, 0x65, 0x6e, 0x01, 0x1e,
 0x62, 0x75, 0x66, 0x66, 0x65, 0x72, 0x65, 0x64,
 0x52, 0x65, 0x71, 0x75, 0x65, 0x73, 0x74, 0x01,
 0x26, 0x6c, 0x61, 0x73, 0x74, 0x42, 0x75, 0x66,
 0x66, 0x65, 0x72, 0x65, 0x64, 0x52, 0x65, 0x71,
 0x75, 0x65, 0x73, 0x74, 0x01, 0x12, 0x70, 0x65,
 0x6e, 0x64, 0x69, 0x6e, 0x67, 0x63, 0x62, 0x01,
 0x28, 0x62, 0x75, 0x66, 0x66, 0x65, 0x72, 0x65,
 0x64, 0x52, 0x65, 0x71, 0x75, 0x65, 0x73, 0x74,
 0x43, 0x6f, 0x75, 0x6e, 0x74, 0x01, 0x24, 0x63,
 0x6f, 0x72, 0x6b, 0x65, 0x64, 0x52, 0x65, 0x71,
 0x75, 0x65, 0x73, 0x74, 0x73, 0x46, 0x72, 0x65,
 0x65, 0x01, 0x12, 0x67, 0x65, 0x74, 0x42, 0x75,
 0x66, 0x66, 0x65, 0x72, 0x01, 0x0e, 0x63, 0x75,
 0x72, 0x72, 0x65, 0x6e, 0x74, 0x01, 0x06, 0x6f,
 0x75, 0x74, 0x01, 0x32, 0x77, 0x72, 0x69, 0x74,
 0x61, 0x62, 0x6c, 0x65, 0x53, 0x74, 0x61, 0x74,
 0x65, 0x42, 0x75, 0x66, 0x66, 0x65, 0x72, 0x47,
 0x65, 0x74, 0x74, 0x65, 0x72, 0x01, 0x12, 0x64,
 0x65, 0x70, 0x72, 0x65, 0x63, 0x61, 0x74, 0x65,
 0x01, 0x94, 0x01, 0x5f, 0x77, 0x72, 0x69, 0x74,
 0x61, 0x62, 0x6c, 0x65, 0x53, 0x74, 0x61, 0x74,
 0x65, 0x2e, 0x62, 0x75, 0x66, 0x66, 0x65, 0x72,
 0x20, 0x69, 0x73, 0x20, 0x64, 0x65, 0x70, 0x72,
 0x65, 0x63, 0x61, 0x74, 0x65, 0x64, 0x2e, 0x20,
 0x55, 0x73, 0x65, 0x20, 0x5f, 0x77, 0x72, 0x69,
 0x74, 0x61, 0x62, 0x6c, 0x65, 0x53, 0x74, 0x61,
 0x74, 0x65, 0x2e, 0x67, 0x65, 0x74, 0x42, 0x75,
 0x66, 0x66, 0x65, 0x72, 0x20, 0x69, 0x6e, 0x73,
 0x74, 0x65, 0x61, 0x64, 0x2e, 0x01, 0x0e, 0x44,
 0x45, 0x50, 0x30, 0x30, 0x30, 0x33, 0x01, 0x20,
 0x72, 0x65, 0x61, 0x6c, 0x48, 0x61, 0x73, 0x49,
 0x6e, 0x73, 0x74, 0x61, 0x6e, 0x63, 0x65, 0x32,
 0x01, 0x0c, 0x5f, 0x77, 0x72, 0x69, 0x74, 0x65,
 0x01, 0x0c, 0x77, 0x72, 0x69, 0x74, 0x65, 0x76,
 0x01, 0x0e, 0x5f, 0x77, 0x72, 0x69, 0x74, 0x65,
 0x76, 0x01, 0x0a, 0x66, 0x69, 0x6e, 0x61, 0x6c,
 0x01, 0x0c, 0x5f, 0x66, 0x69, 0x6e, 0x61, 0x6c,
 0x01, 0x10, 0x65, 0x6e, 0x63, 0x6f, 0x64, 0x69,
 0x6e, 0x67, 0x01, 0x0a, 0x69, 0x73, 0x42, 0x75,
 0x66, 0x01, 0x24, 0x73, 0x65, 0x74, 0x44, 0x65,
 0x66, 0x61, 0x75, 0x6c, 0x74, 0x45, 0x6e, 0x63,
 0x6f, 0x64, 0x69, 0x6e, 0x67, 0x01, 0x16, 0x74,
 0x6f, 0x4c, 0x6f, 0x77, 0x65, 0x72, 0x43, 0x61,
 0x73, 0x65, 0x01, 0x06, 0x68, 0x65, 0x78, 0x01,
 0x0a, 0x75, 0x74, 0x66, 0x2d, 0x38, 0x01, 0x0a,
 0x61, 0x73, 0x63, 0x69, 0x69, 0x01, 0x0c, 0x62,
 0x69, 0x6e, 0x61, 0x72, 0x79, 0x01, 0x0c, 0x62,
 0x61, 0x73, 0x65, 0x36, 0x34, 0x01, 0x08, 0x75,
 0x63, 0x73, 0x32, 0x01, 0x0a, 0x75, 0x63, 0x73,
 0x2d, 0x32, 0x01, 0x0e, 0x75, 0x74, 0x66, 0x31,
 0x36, 0x6c, 0x65, 0x01, 0x10, 0x75, 0x74, 0x66,
 0x2d, 0x31, 0x36, 0x6c, 0x65, 0x01, 0x10, 0x6e,
 0x65, 0x77, 0x43, 0x68, 0x75, 0x6e, 0x6b, 0x01,
 0x08, 0x6c, 0x61, 0x73, 0x74, 0x01, 0x10, 0x63,
 0x61, 0x6c, 0x6c, 0x62, 0x61, 0x63, 0x6b, 0x01,
 0x12, 0x66, 0x69, 0x6e, 0x69, 0x73, 0x68, 0x65,
 0x64, 0x32, 0x01, 0x02, 0x6c, 0x01, 0x0c, 0x68,
 0x6f, 0x6c, 0x64, 0x65, 0x72, 0x01, 0x0a, 0x63,
 0x6f, 0x75, 0x6e, 0x74, 0x01, 0x14, 0x61, 0x6c,
 0x6c, 0x42, 0x75, 0x66, 0x66, 0x65, 0x72, 0x73,
 0x01, 0x10, 0x5f, 0x77, 0x72, 0x69, 0x74, 0x65,
 0x28, 0x29, 0x01, 0x0c, 0x75, 0x6e, 0x63, 0x6f,
 0x72, 0x6b, 0x01, 0x08, 0x6e, 0x65, 0x65, 0x64,
 0x01, 0x08, 0x6f, 0x6e, 0x63, 0x65, 0x01, 0x0e,
 0x63, 0x6f, 0x72, 0x6b, 0x52, 0x65, 0x71, 0x01,
 0x0c, 0x77, 0x69, 0x6e, 0x64, 0x6f, 0x77, 0x01,
 0x08, 0x73, 0x65, 0x6c, 0x66, 0x01, 0x10, 0x69,
 0x6e, 0x68, 0x65, 0x72, 0x69, 0x74, 0x73, 0x01,
 0x16, 0x68, 0x61, 0x73, 0x49, 0x6e, 0x73, 0x74,
 0x61, 0x6e, 0x63, 0x65, 0x01, 0x08, 0x63, 0x6f,
 0x72, 0x6b, 0x01, 0x1c, 0x77, 0x72, 0x69, 0x74,
 0x61, 0x62, 0x6c, 0x65, 0x42, 0x75, 0x66, 0x66,
 0x65, 0x72, 0x01, 0x1c, 0x77, 0x72, 0x69, 0x74,
 0x61, 0x62, 0x6c, 0x65, 0x4c, 0x65, 0x6e, 0x67,
 0x74, 0x68, 0x01, 0x14, 0x5f, 0x75, 0x6e, 0x64,
 0x65, 0x73, 0x74, 0x72, 0x6f, 0x79, 0x01, 0x14,
 0x6f, 0x62, 0x6a, 0x65, 0x63, 0x74, 0x4b, 0x65,
 0x79, 0x73, 0x01, 0x12, 0x52, 0x65, 0x61, 0x64,
 0x61, 0x62, 0x6c, 0x65, 0x32, 0x01, 0x0c, 0x6d,
 0x65, 0x74, 0x68, 0x6f, 0x64, 0x01, 0x0e, 0x6f,
 0x6e, 0x45, 0x6e, 0x64, 0x4e, 0x54, 0x01, 0x0a,
 0x6b, 0x65, 0x79, 0x73, 0x32, 0x01, 0x1a, 0x61,
 0x6c, 0x6c, 0x6f, 0x77, 0x48, 0x61, 0x6c, 0x66,
 0x4f, 0x70, 0x65, 0x6e, 0x01, 0x08, 0x6e, 0x6f,
 0x6f, 0x70, 0x01, 0x12, 0x69, 0x73, 0x52, 0x65,
 0x71, 0x75, 0x65, 0x73, 0x74, 0x01, 0x06, 0x65,
 0x6f, 0x73, 0x01, 0x0c, 0x63, 0x61, 0x6c, 0x6c,
 0x65, 0x64, 0x01, 0x08, 0x5f, 0x6c, 0x65, 0x6e,
 0x01, 0x08, 0x61, 0x72, 0x67, 0x73, 0x01, 0x08,
 0x5f, 0x6b, 0x65, 0x79, 0x01, 0x12, 0x73, 0x65,
 0x74, 0x48, 0x65, 0x61, 0x64, 0x65, 0x72, 0x01,
 0x0a, 0x61, 0x62, 0x6f, 0x72, 0x74, 0x01, 0x1c,
 0x6f, 0x6e, 0x6c, 0x65, 0x67, 0x61, 0x63, 0x79,
 0x66, 0x69, 0x6e, 0x69, 0x73, 0x68, 0x01, 0x1a,
 0x77, 0x72, 0x69, 0x74, 0x61, 0x62, 0x6c, 0x65,
 0x45, 0x6e, 0x64, 0x65, 0x64, 0x01, 0x10, 0x6f,
 0x6e, 0x66, 0x69, 0x6e, 0x69, 0x73, 0x68, 0x01,
 0x1a, 0x72, 0x65, 0x61, 0x64, 0x61, 0x62, 0x6c,
 0x65, 0x45, 0x6e, 0x64, 0x65, 0x64, 0x01, 0x12,
 0x6f, 0x6e, 0x72, 0x65, 0x71, 0x75, 0x65, 0x73,
 0x74, 0x01, 0x1e, 0x6f, 0x6e, 0x6c, 0x65, 0x67,
 0x61, 0x63, 0x79, 0x66, 0x69, 0x6e, 0x69, 0x73,
 0x68, 0x32, 0x01, 0x12, 0x6f, 0x6e, 0x66, 0x69,
 0x6e, 0x69, 0x73, 0x68, 0x32, 0x01, 0x0c, 0x6f,
 0x6e, 0x65, 0x6e, 0x64, 0x32, 0x01, 0x10, 0x6f,
 0x6e, 0x65, 0x72, 0x72, 0x6f, 0x72, 0x32, 0x01,
 0x10, 0x6f, 0x6e, 0x63, 0x6c, 0x6f, 0x73, 0x65,
 0x32, 0x01, 0x14, 0x6f, 0x6e, 0x72, 0x65, 0x71,
 0x75, 0x65, 0x73, 0x74, 0x32, 0x01, 0x06, 0x72,
 0x65, 0x71, 0x01, 0x10, 0x63, 0x6f, 0x6d, 0x70,
 0x6c, 0x65, 0x74, 0x65, 0x01, 0x0e, 0x72, 0x65,
 0x71, 0x75, 0x65, 0x73, 0x74, 0x01, 0x2a, 0x5f,
 0x4f, 0x62, 0x6a, 0x65, 0x63, 0x74, 0x24, 0x73,
 0x65, 0x74, 0x50, 0x72, 0x6f, 0x74, 0x6f, 0x74,
 0x79, 0x70, 0x65, 0x4f, 0x01, 0x18, 0x6b, 0x4c,
 0x61, 0x73, 0x74, 0x52, 0x65, 0x73, 0x6f, 0x6c,
 0x76, 0x65, 0x01, 0x16, 0x6b, 0x4c, 0x61, 0x73,
 0x74, 0x52, 0x65, 0x6a, 0x65, 0x63, 0x74, 0x01,
 0x0c, 0x6b, 0x45, 0x72, 0x72, 0x6f, 0x72, 0x01,
 0x0c, 0x6b, 0x45, 0x6e, 0x64, 0x65, 0x64, 0x01,
 0x18, 0x6b, 0x4c, 0x61, 0x73, 0x74, 0x50, 0x72,
 0x6f, 0x6d, 0x69, 0x73, 0x65, 0x01, 0x1c, 0x6b,
 0x48, 0x61, 0x6e, 0x64, 0x6c, 0x65, 0x50, 0x72,
 0x6f, 0x6d, 0x69, 0x73, 0x65, 0x01, 0x0e, 0x6b,
 0x53, 0x74, 0x72, 0x65, 0x61, 0x6d, 0x01, 0x20,
 0x63, 0x72, 0x65, 0x61, 0x74, 0x65, 0x49, 0x74,
 0x65, 0x72, 0x52, 0x65, 0x73, 0x75, 0x6c, 0x74,
 0x01, 0x1c, 0x72, 0x65, 0x61, 0x64, 0x41, 0x6e,
 0x64, 0x52, 0x65, 0x73, 0x6f, 0x6c, 0x76, 0x65,
 0x01, 0x14, 0x6f, 0x6e, 0x52, 0x65, 0x61, 0x64,
 0x61, 0x62, 0x6c, 0x65, 0x01, 0x16, 0x77, 0x72,
 0x61, 0x70, 0x46, 0x6f, 0x72, 0x4e, 0x65, 0x78,
 0x74, 0x01, 0x2c, 0x41, 0x73, 0x79, 0x6e, 0x63,
 0x49, 0x74, 0x65, 0x72, 0x61, 0x74, 0x6f, 0x72,
 0x50, 0x72, 0x6f, 0x74, 0x6f, 0x74, 0x79, 0x70,
 0x65, 0x01, 0x48, 0x52, 0x65, 0x61, 0x64, 0x61,
 0x62, 0x6c, 0x65, 0x53, 0x74, 0x72, 0x65, 0x61,
 0x6d, 0x41, 0x73, 0x79, 0x6e, 0x63, 0x49, 0x74,
 0x65, 0x72, 0x61, 0x74, 0x6f, 0x72, 0x50, 0x72,
 0x6f, 0x74, 0x6f, 0x74, 0x79, 0x70, 0x65, 0x01,
 0x42, 0x63, 0x72, 0x65, 0x61, 0x74, 0x65, 0x52,
 0x65, 0x61, 0x64, 0x61, 0x62, 0x6c, 0x65, 0x53,
 0x74, 0x72, 0x65, 0x61, 0x6d, 0x41, 0x73, 0x79,
 0x6e, 0x63, 0x49, 0x74, 0x65, 0x72, 0x61, 0x74,
 0x6f, 0x72, 0x01, 0x08, 0x69, 0x74, 0x65, 0x72,
 0x01, 0x08, 0x72, 0x65, 0x61, 0x64, 0x01, 0x16,
 0x6c, 0x61, 0x73, 0x74, 0x50, 0x72, 0x6f, 0x6d,
 0x69, 0x73, 0x65, 0x01, 0x0e, 0x5f, 0x72, 0x65,
 0x74, 0x75, 0x72, 0x6e, 0x01, 0x0c, 0x5f, 0x74,
 0x68, 0x69, 0x73, 0x32, 0x01, 0x44, 0x63, 0x72,
 0x65, 0x61, 0x74, 0x65, 0x52, 0x65, 0x61, 0x64,
 0x61, 0x62, 0x6c, 0x65, 0x53, 0x74, 0x72, 0x65,
 0x61, 0x6d, 0x41, 0x73, 0x79, 0x6e, 0x63, 0x49,
 0x74, 0x65, 0x72, 0x61, 0x74, 0x6f, 0x72, 0x32,
 0x01, 0x1c, 0x5f, 0x4f, 0x62, 0x6a, 0x65, 0x63,
 0x74, 0x24, 0x63, 0x72, 0x65, 0x61, 0x74, 0x65,
 0x01, 0x10, 0x69, 0x74, 0x65, 0x72, 0x61, 0x74,
 0x6f, 0x72, 0x01, 0x0c, 0x63, 0x72, 0x65, 0x61,
 0x74, 0x65, 0x01, 0x08, 0x62, 0x69, 0x6e, 0x64,
 0x01, 0x16, 0x6c, 0x61, 0x73, 0x74, 0x52, 0x65,
 0x73, 0x6f, 0x6c, 0x76, 0x65, 0x01, 0x14, 0x6c,
 0x61, 0x73, 0x74, 0x52, 0x65, 0x6a, 0x65, 0x63,
 0x74, 0x01, 0x1a, 0x68, 0x61, 0x6e, 0x64, 0x6c,
 0x65, 0x50, 0x72, 0x6f, 0x6d, 0x69, 0x73, 0x65,
 0x01, 0x1a, 0x61, 0x73, 0x79, 0x6e, 0x63, 0x49,
 0x74, 0x65, 0x72, 0x61, 0x74, 0x6f, 0x72, 0x01,
 0x24, 0x61, 0x73, 0x79, 0x6e, 0x63, 0x47, 0x65,
 0x6e, 0x65, 0x72, 0x61, 0x74, 0x6f, 0x72, 0x53,
 0x74, 0x65, 0x70, 0x01, 0x22, 0x5f, 0x61, 0x73,
 0x79, 0x6e, 0x63, 0x54, 0x6f, 0x47, 0x65, 0x6e,
 0x65, 0x72, 0x61, 0x74, 0x6f, 0x72, 0x01, 0x06,
 0x67, 0x65, 0x6e, 0x01, 0x0a, 0x5f, 0x6e, 0x65,
 0x78, 0x74, 0x01, 0x0c, 0x5f, 0x74, 0x68, 0x72,
 0x6f, 0x77, 0x01, 0x08, 0x69, 0x6e, 0x66, 0x6f,
 0x01, 0x10, 0x69, 0x74, 0x65, 0x72, 0x61, 0x62,
 0x6c, 0x65, 0x01, 0x0c, 0x5f, 0x6e, 0x65, 0x78,
 0x74, 0x32, 0x01, 0x28, 0x5f, 0x79, 0x69, 0x65,
 0x6c, 0x64, 0x24, 0x69, 0x74, 0x65, 0x72, 0x61,
 0x74, 0x6f, 0x72, 0x24, 0x6e, 0x65, 0x78, 0x74,
 0x01, 0x10, 0x49, 0x74, 0x65, 0x72, 0x61, 0x62,
 0x6c, 0x65, 0x01, 0x0a, 0x5f, 0x72, 0x65, 0x61,
 0x64, 0x01, 0x1e, 0x45, 0x45, 0x6c, 0x69, 0x73,
 0x74, 0x65, 0x6e, 0x65, 0x72, 0x43, 0x6f, 0x75,
 0x6e, 0x74, 0x01, 0x12, 0x64, 0x65, 0x62, 0x75,
 0x67, 0x55, 0x74, 0x69, 0x6c, 0x01, 0x0a, 0x64,
 0x65, 0x62, 0x75, 0x67, 0x01, 0x1a, 0x53, 0x74,
 0x72, 0x69, 0x6e, 0x67, 0x44, 0x65, 0x63, 0x6f,
 0x64, 0x65, 0x72, 0x01, 0x18, 0x6b, 0x50, 0x72,
 0x6f, 0x78, 0x79, 0x45, 0x76, 0x65, 0x6e, 0x74,
 0x73, 0x01, 0x1a, 0x52, 0x65, 0x61, 0x64, 0x61,
 0x62, 0x6c, 0x65, 0x53, 0x74, 0x61, 0x74, 0x65,
 0x01, 0x20, 0x72, 0x65, 0x61, 0x64, 0x61, 0x62,
 0x6c, 0x65, 0x41, 0x64, 0x64, 0x43, 0x68, 0x75,
 0x6e, 0x6b, 0x01, 0x10, 0x61, 0x64, 0x64, 0x43,
 0x68, 0x75, 0x6e, 0x6b, 0x01, 0x18, 0x63, 0x68,
 0x75, 0x6e, 0x6b, 0x49, 0x6e, 0x76, 0x61, 0x6c,
 0x69, 0x64, 0x01, 0x0e, 0x4d, 0x41, 0x58, 0x5f,
 0x48, 0x57, 0x4d, 0x01, 0x2e, 0x63, 0x6f, 0x6d,
 0x70, 0x75, 0x74, 0x65, 0x4e, 0x65, 0x77, 0x48,
 0x69, 0x67, 0x68, 0x57, 0x61, 0x74, 0x65, 0x72,
 0x4d, 0x61, 0x72, 0x6b, 0x01, 0x1a, 0x68, 0x6f,
 0x77, 0x4d, 0x75, 0x63, 0x68, 0x54, 0x6f, 0x52,
 0x65, 0x61, 0x64, 0x01, 0x14, 0x6f, 0x6e, 0x45,
 0x6f, 0x66, 0x43, 0x68, 0x75, 0x6e, 0x6b, 0x01,
 0x18, 0x65, 0x6d, 0x69, 0x74, 0x52, 0x65, 0x61,
 0x64, 0x61, 0x62, 0x6c, 0x65, 0x01, 0x1a, 0x65,
 0x6d, 0x69, 0x74, 0x52, 0x65, 0x61, 0x64, 0x61,
 0x62, 0x6c, 0x65, 0x5f, 0x01, 0x1a, 0x6d, 0x61,
 0x79, 0x62, 0x65, 0x52, 0x65, 0x61, 0x64, 0x4d,
 0x6f, 0x72, 0x65, 0x01, 0x1c, 0x6d, 0x61, 0x79,
 0x62, 0x65, 0x52, 0x65, 0x61, 0x64, 0x4d, 0x6f,
 0x72, 0x65, 0x5f, 0x01, 0x16, 0x70, 0x69, 0x70,
 0x65, 0x4f, 0x6e, 0x44, 0x72, 0x61, 0x69, 0x6e,
 0x01, 0x2e, 0x75, 0x70, 0x64, 0x61, 0x74, 0x65,
 0x52, 0x65, 0x61, 0x64, 0x61, 0x62, 0x6c, 0x65,
 0x4c, 0x69, 0x73, 0x74, 0x65, 0x6e, 0x69, 0x6e,
 0x67, 0x01, 0x20, 0x6e, 0x52, 0x65, 0x61, 0x64,
 0x69, 0x6e, 0x67, 0x4e, 0x65, 0x78, 0x74, 0x54,
 0x69, 0x63, 0x6b, 0x01, 0x0e, 0x72, 0x65, 0x73,
 0x75, 0x6d, 0x65, 0x5f, 0x01, 0x08, 0x66, 0x6c,
 0x6f, 0x77, 0x01, 0x10, 0x66, 0x72, 0x6f, 0x6d,
 0x4c, 0x69, 0x73, 0x74, 0x01, 0x16, 0x65, 0x6e,
 0x64, 0x52, 0x65, 0x61, 0x64, 0x61, 0x62, 0x6c,
 0x65, 0x01, 0x1a, 0x65, 0x6e, 0x64, 0x52, 0x65,
 0x61, 0x64, 0x61, 0x62, 0x6c, 0x65, 0x4e, 0x54,
 0x01, 0x20, 0x45, 0x45, 0x6c, 0x69, 0x73, 0x74,
 0x65, 0x6e, 0x65, 0x72, 0x43, 0x6f, 0x75, 0x6e,
 0x74, 0x32, 0x01, 0x12, 0x6c, 0x69, 0x73, 0x74,
 0x65, 0x6e, 0x65, 0x72, 0x73, 0x01, 0x0c, 0x64,
 0x65, 0x62, 0x75, 0x67, 0x32, 0x01, 0x24, 0x72,
 0x65, 0x61, 0x64, 0x61, 0x62, 0x6c, 0x65, 0x4f,
 0x62, 0x6a, 0x65, 0x63, 0x74, 0x4d, 0x6f, 0x64,
 0x65, 0x01, 0x2a, 0x72, 0x65, 0x61, 0x64, 0x61,
 0x62, 0x6c, 0x65, 0x48, 0x69, 0x67, 0x68, 0x57,
 0x61, 0x74, 0x65, 0x72, 0x4d, 0x61, 0x72, 0x6b,
 0x01, 0x0a, 0x70, 0x69, 0x70, 0x65, 0x73, 0x01,
 0x14, 0x70, 0x69, 0x70, 0x65, 0x73, 0x43, 0x6f,
 0x75, 0x6e, 0x74, 0x01, 0x0e, 0x66, 0x6c, 0x6f,
 0x77, 0x69, 0x6e, 0x67, 0x01, 0x18, 0x6e, 0x65,
 0x65, 0x64, 0x52, 0x65, 0x61, 0x64, 0x61, 0x62,
 0x6c, 0x65, 0x01, 0x1e, 0x65, 0x6d, 0x69, 0x74,
 0x74, 0x65, 0x64, 0x52, 0x65, 0x61, 0x64, 0x61,
 0x62, 0x6c, 0x65, 0x01, 0x22, 0x72, 0x65, 0x61,
 0x64, 0x61, 0x62, 0x6c, 0x65, 0x4c, 0x69, 0x73,
 0x74, 0x65, 0x6e, 0x69, 0x6e, 0x67, 0x01, 0x1e,
 0x72, 0x65, 0x73, 0x75, 0x6d, 0x65, 0x53, 0x63,
 0x68, 0x65, 0x64, 0x75, 0x6c, 0x65, 0x64, 0x01,
 0x0c, 0x70, 0x61, 0x75, 0x73, 0x65, 0x64, 0x01,
 0x14, 0x61, 0x77, 0x61, 0x69, 0x74, 0x44, 0x72,
 0x61, 0x69, 0x6e, 0x01, 0x16, 0x72, 0x65, 0x61,
 0x64, 0x69, 0x6e, 0x67, 0x4d, 0x6f, 0x72, 0x65,
 0x01, 0x0e, 0x64, 0x65, 0x63, 0x6f, 0x64, 0x65,
 0x72, 0x01, 0x1c, 0x73, 0x74, 0x72, 0x69, 0x6e,
 0x67, 0x5f, 0x64, 0x65, 0x63, 0x6f, 0x64, 0x65,
 0x72, 0x01, 0x1c, 0x73, 0x6b, 0x69, 0x70, 0x43,
 0x68, 0x75, 0x6e, 0x6b, 0x43, 0x68, 0x65, 0x63,
 0x6b, 0x01, 0x14, 0x61, 0x64, 0x64, 0x54, 0x6f,
 0x46, 0x72, 0x6f, 0x6e, 0x74, 0x01, 0x06, 0x65,
 0x6e, 0x63, 0x01, 0x0e, 0x63, 0x6f, 0x6e, 0x74,
 0x65, 0x6e, 0x74, 0x01, 0x0a, 0x6e, 0x4f, 0x72,
 0x69, 0x67, 0x01, 0x0c, 0x64, 0x6f, 0x52, 0x65,
 0x61, 0x64, 0x01, 0x10, 0x70, 0x61, 0x72, 0x73,
 0x65, 0x49, 0x6e, 0x74, 0x01, 0x24, 0x72, 0x65,
 0x61, 0x64, 0x3a, 0x20, 0x65, 0x6d, 0x69, 0x74,
 0x52, 0x65, 0x61, 0x64, 0x61, 0x62, 0x6c, 0x65,
 0x01, 0x1a, 0x6e, 0x65, 0x65, 0x64, 0x20, 0x72,
 0x65, 0x61, 0x64, 0x61, 0x62, 0x6c, 0x65, 0x01,
 0x34, 0x6c, 0x65, 0x6e, 0x67, 0x74, 0x68, 0x20,
 0x6c, 0x65, 0x73, 0x73, 0x20, 0x74, 0x68, 0x61,
 0x6e, 0x20, 0x77, 0x61, 0x74, 0x65, 0x72, 0x6d,
 0x61, 0x72, 0x6b, 0x01, 0x20, 0x72, 0x65, 0x61,
 0x64, 0x69, 0x6e, 0x67, 0x20, 0x6f, 0x72, 0x20,
 0x65, 0x6e, 0x64, 0x65, 0x64, 0x01, 0x0e, 0x64,
 0x6f, 0x20, 0x72, 0x65, 0x61, 0x64, 0x01, 0x28,
 0x6d, 0x61, 0x79, 0x62, 0x65, 0x52, 0x65, 0x61,
 0x64, 0x4d, 0x6f, 0x72, 0x65, 0x20, 0x72, 0x65,
 0x61, 0x64, 0x20, 0x30, 0x01, 0x0e, 0x5f, 0x72,
 0x65, 0x61, 0x64, 0x28, 0x29, 0x01, 0x10, 0x70,
 0x69, 0x70, 0x65, 0x4f, 0x70, 0x74, 0x73, 0x01,
 0x0a, 0x64, 0x6f, 0x45, 0x6e, 0x64, 0x01, 0x0a,
 0x65, 0x6e, 0x64, 0x46, 0x6e, 0x01, 0x10, 0x6f,
 0x6e, 0x75, 0x6e, 0x70, 0x69, 0x70, 0x65, 0x01,
 0x12, 0x63, 0x6c, 0x65, 0x61, 0x6e, 0x65, 0x64,
 0x55, 0x70, 0x01, 0x0c, 0x75, 0x6e, 0x70, 0x69,
 0x70, 0x65, 0x01, 0x14, 0x75, 0x6e, 0x70, 0x69,
 0x70, 0x65, 0x49, 0x6e, 0x66, 0x6f, 0x01, 0x14,
 0x68, 0x61, 0x73, 0x55, 0x6e, 0x70, 0x69, 0x70,
 0x65, 0x64, 0x01, 0x14, 0x64, 0x65, 0x73, 0x74,
 0x2e, 0x77, 0x72, 0x69, 0x74, 0x65, 0x01, 0x36,
 0x66, 0x61, 0x6c, 0x73, 0x65, 0x20, 0x77, 0x72,
 0x69, 0x74, 0x65, 0x20, 0x72, 0x65, 0x73, 0x70,
 0x6f, 0x6e, 0x73, 0x65, 0x2c, 0x20, 0x70, 0x61,
 0x75, 0x73, 0x65, 0x01, 0x2a, 0x70, 0x69, 0x70,
 0x65, 0x20, 0x63, 0x6f, 0x75, 0x6e, 0x74, 0x3d,
 0x25, 0x64, 0x20, 0x6f, 0x70, 0x74, 0x73, 0x3d,
 0x25, 0x6a, 0x01, 0x0c, 0x73, 0x74, 0x64, 0x6f,
 0x75, 0x74, 0x01, 0x0c, 0x73, 0x74, 0x64, 0x65,
 0x72, 0x72, 0x01, 0x16, 0x70, 0x69, 0x70, 0x65,
 0x20, 0x72, 0x65, 0x73, 0x75, 0x6d, 0x65, 0x01,
 0x32, 0x70, 0x69, 0x70, 0x65, 0x4f, 0x6e, 0x44,
 0x72, 0x61, 0x69, 0x6e, 0x46, 0x75, 0x6e, 0x63,
 0x74, 0x69, 0x6f, 0x6e, 0x52, 0x65, 0x73, 0x75,
 0x6c, 0x74, 0x01, 0x0a, 0x64, 0x65, 0x73, 0x74,
 0x73, 0x01, 0x0c, 0x73, 0x70, 0x6c, 0x69, 0x63,
 0x65, 0x01, 0x04, 0x65, 0x76, 0x01, 0x16, 0x6f,
 0x6e, 0x20, 0x72, 0x65, 0x61, 0x64, 0x61, 0x62,
 0x6c, 0x65, 0x01, 0x24, 0x72, 0x65, 0x6d, 0x6f,
 0x76, 0x65, 0x41, 0x6c, 0x6c, 0x4c, 0x69, 0x73,
 0x74, 0x65, 0x6e, 0x65, 0x72, 0x73, 0x01, 0x30,
 0x72, 0x65, 0x61, 0x64, 0x61, 0x62, 0x6c, 0x65,
 0x20, 0x6e, 0x65, 0x78, 0x74, 0x74, 0x69, 0x63,
 0x6b, 0x20, 0x72, 0x65, 0x61, 0x64, 0x20, 0x30,
 0x01, 0x2a, 0x63, 0x61, 0x6c, 0x6c, 0x20, 0x70,
 0x61, 0x75, 0x73, 0x65, 0x20, 0x66, 0x6c, 0x6f,
 0x77, 0x69, 0x6e, 0x67, 0x3d, 0x25, 0x6a, 0x01,
 0x16, 0x77, 0x72, 0x61, 0x70, 0x70, 0x65, 0x64,
 0x20, 0x65, 0x6e, 0x64, 0x01, 0x18, 0x77, 0x72,
 0x61, 0x70, 0x70, 0x65, 0x64, 0x20, 0x64, 0x61,
 0x74, 0x61, 0x01, 0x14, 0x6d, 0x65, 0x74, 0x68,
 0x6f, 0x64, 0x57, 0x72, 0x61, 0x70, 0x01, 0x30,
 0x6d, 0x65, 0x74, 0x68, 0x6f, 0x64, 0x57, 0x72,
 0x61, 0x70, 0x52, 0x65, 0x74, 0x75, 0x72, 0x6e,
 0x46, 0x75, 0x6e, 0x63, 0x74, 0x69, 0x6f, 0x6e,
 0x01, 0x04, 0x6e, 0x32, 0x01, 0x1a, 0x77, 0x72,
 0x61, 0x70, 0x70, 0x65, 0x64, 0x20, 0x5f, 0x72,
 0x65, 0x61, 0x64, 0x01, 0x04, 0x78, 0x73, 0x01,
 0x02, 0x78, 0x01, 0x18, 0x45, 0x76, 0x65, 0x6e,
 0x74, 0x45, 0x6d, 0x69, 0x74, 0x74, 0x65, 0x72,
 0x01, 0x10, 0x64, 0x65, 0x62, 0x75, 0x67, 0x6c,
 0x6f, 0x67, 0x01, 0x10, 0x69, 0x73, 0x50, 0x61,
 0x75, 0x73, 0x65, 0x64, 0x01, 0x16, 0x73, 0x65,
 0x74, 0x45, 0x6e, 0x63, 0x6f, 0x64, 0x69, 0x6e,
 0x67, 0x01, 0x16, 0x61, 0x64, 0x64, 0x4c, 0x69,
 0x73, 0x74, 0x65, 0x6e, 0x65, 0x72, 0x01, 0x08,
 0x77, 0x72, 0x61, 0x70, 0x01, 0x1c, 0x72, 0x65,
 0x61, 0x64, 0x61, 0x62, 0x6c, 0x65, 0x42, 0x75,
 0x66, 0x66, 0x65, 0x72, 0x01, 0x1e, 0x72, 0x65,
 0x61, 0x64, 0x61, 0x62, 0x6c, 0x65, 0x46, 0x6c,
 0x6f, 0x77, 0x69, 0x6e, 0x67, 0x01, 0x12, 0x5f,
 0x66, 0x72, 0x6f, 0x6d, 0x4c, 0x69, 0x73, 0x74,
 0x01, 0x1c, 0x72, 0x65, 0x61, 0x64, 0x61, 0x62,
 0x6c, 0x65, 0x4c, 0x65, 0x6e, 0x67, 0x74, 0x68,
 0x01, 0x44, 0x45, 0x52, 0x52, 0x5f, 0x54, 0x52,
 0x41, 0x4e, 0x53, 0x46, 0x4f, 0x52, 0x4d, 0x5f,
 0x41, 0x4c, 0x52, 0x45, 0x41, 0x44, 0x59, 0x5f,
 0x54, 0x52, 0x41, 0x4e, 0x53, 0x46, 0x4f, 0x52,
 0x4d, 0x49, 0x4e, 0x47, 0x01, 0x36, 0x45, 0x52,
 0x52, 0x5f, 0x54, 0x52, 0x41, 0x4e, 0x53, 0x46,
 0x4f, 0x52, 0x4d, 0x5f, 0x57, 0x49, 0x54, 0x48,
 0x5f, 0x4c, 0x45, 0x4e, 0x47, 0x54, 0x48, 0x5f,
 0x30, 0x01, 0x1c, 0x61, 0x66, 0x74, 0x65, 0x72,
 0x54, 0x72, 0x61, 0x6e, 0x73, 0x66, 0x6f, 0x72,
 0x6d, 0x01, 0x14, 0x54, 0x72, 0x61, 0x6e, 0x73,
 0x66, 0x6f, 0x72, 0x6d, 0x32, 0x01, 0x04, 0x74,
 0x73, 0x01, 0x04, 0x72, 0x73, 0x01, 0x1e, 0x5f,
 0x74, 0x72, 0x61, 0x6e, 0x73, 0x66, 0x6f, 0x72,
 0x6d, 0x53, 0x74, 0x61, 0x74, 0x65, 0x01, 0x18,
 0x74, 0x72, 0x61, 0x6e, 0x73, 0x66, 0x6f, 0x72,
 0x6d, 0x69, 0x6e, 0x67, 0x01, 0x14, 0x77, 0x72,
 0x69, 0x74, 0x65, 0x63, 0x68, 0x75, 0x6e, 0x6b,
 0x01, 0x1a, 0x6e, 0x65, 0x65, 0x64, 0x54, 0x72,
 0x61, 0x6e, 0x73, 0x66, 0x6f, 0x72, 0x6d, 0x01,
 0x1a, 0x77, 0x72, 0x69, 0x74, 0x65, 0x65, 0x6e,
 0x63, 0x6f, 0x64, 0x69, 0x6e, 0x67, 0x01, 0x12,
 0x74, 0x72, 0x61, 0x6e, 0x73, 0x66, 0x6f, 0x72,
 0x6d, 0x01, 0x14, 0x5f, 0x74, 0x72, 0x61, 0x6e,
 0x73, 0x66, 0x6f, 0x72, 0x6d, 0x01, 0x0a, 0x66,
 0x6c, 0x75, 0x73, 0x68, 0x01, 0x0c, 0x5f, 0x66,
 0x6c, 0x75, 0x73, 0x68, 0x01, 0x18, 0x5f, 0x74,
 0x72, 0x61, 0x6e, 0x73, 0x66, 0x6f, 0x72, 0x6d,
 0x28, 0x29, 0x01, 0x18, 0x50, 0x61, 0x73, 0x73,
 0x54, 0x68, 0x72, 0x6f, 0x75, 0x67, 0x68, 0x32,
 0x01, 0x20, 0x45, 0x52, 0x52, 0x5f, 0x4d, 0x49,
 0x53, 0x53, 0x49, 0x4e, 0x47, 0x5f, 0x41, 0x52,
 0x47, 0x53, 0x01, 0x12, 0x64, 0x65, 0x73, 0x74,
 0x72, 0x6f, 0x79, 0x65, 0x72, 0x01, 0x16, 0x70,
 0x6f, 0x70, 0x43, 0x61, 0x6c, 0x6c, 0x62, 0x61,
 0x63, 0x6b, 0x01, 0x12, 0x70, 0x69, 0x70, 0x65,
 0x6c, 0x69, 0x6e, 0x65, 0x32, 0x01, 0x0c, 0x63,
 0x6c, 0x6f, 0x73, 0x65, 0x64, 0x01, 0x04, 0x74,
 0x6f, 0x01, 0x0e, 0x73, 0x74, 0x72, 0x65, 0x61,
 0x6d, 0x73, 0x01, 0x06, 0x70, 0x6f, 0x70, 0x01,
 0x10, 0x64, 0x65, 0x73, 0x74, 0x72, 0x6f, 0x79,
 0x73, 0x01, 0x0c, 0x72, 0x65, 0x64, 0x75, 0x63,
 0x65, 0x01, 0x26, 0x67, 0x65, 0x74, 0x4f, 0x77,
 0x6e, 0x50, 0x72, 0x6f, 0x70, 0x65, 0x72, 0x74,
 0x79, 0x4e, 0x61, 0x6d, 0x65, 0x73, 0x01, 0x6a,
 0x72, 0x75, 0x6e, 0x74, 0x69, 0x6d, 0x65, 0x2f,
 0x6a, 0x73, 0x2f, 0x6e, 0x6f, 0x64, 0x65, 0x2f,
 0x73, 0x74, 0x72, 0x65, 0x61, 0x6d, 0x2f, 0x6c,
 0x69, 0x62, 0x2f, 0x69, 0x6e, 0x74, 0x65, 0x72,
 0x6e, 0x61, 0x6c, 0x2f, 0x73, 0x74, 0x72, 0x65,
 0x61, 0x6d, 0x73, 0x2f, 0x73, 0x74, 0x72, 0x65,
 0x61, 0x6d, 0x2e, 0x6a, 0x73, 0x01, 0x74, 0x72,
 0x75, 0x6e, 0x74, 0x69, 0x6d, 0x65, 0x2f, 0x6a,
 0x73, 0x2f, 0x6e, 0x6f, 0x64, 0x65, 0x2f, 0x73,
 0x74, 0x72, 0x65, 0x61, 0x6d, 0x2f, 0x6c, 0x69,
 0x62, 0x2f, 0x69, 0x6e, 0x74, 0x65, 0x72, 0x6e,
 0x61, 0x6c, 0x2f, 0x73, 0x74, 0x72, 0x65, 0x61,
 0x6d, 0x73, 0x2f, 0x62, 0x75, 0x66, 0x66, 0x65,
 0x72, 0x5f, 0x6c, 0x69, 0x73, 0x74, 0x2e, 0x6a,
 0x73, 0x01, 0x6c, 0x72, 0x75, 0x6e, 0x74, 0x69,
 0x6d, 0x65, 0x2f, 0x6a, 0x73, 0x2f, 0x6e, 0x6f,
 0x64, 0x65, 0x2f, 0x73, 0x74, 0x72, 0x65, 0x61,
 0x6d, 0x2f, 0x6c, 0x69, 0x62, 0x2f, 0x69, 0x6e,
 0x74, 0x65, 0x72, 0x6e, 0x61, 0x6c, 0x2f, 0x73,
 0x74, 0x72, 0x65, 0x61, 0x6d, 0x73, 0x2f, 0x64,
 0x65, 0x73, 0x74, 0x72, 0x6f, 0x79, 0x2e, 0x6a,
 0x73, 0x01, 0x40, 0x72, 0x75, 0x6e, 0x74, 0x69,
 0x6d, 0x65, 0x2f, 0x6a, 0x73, 0x2f, 0x6e, 0x6f,
 0x64, 0x65, 0x2f, 0x73, 0x74, 0x72, 0x65, 0x61,
 0x6d, 0x2f, 0x65, 0x72, 0x72, 0x6f, 0x72, 0x73,
 0x2e, 0x6a, 0x73, 0x01, 0x68, 0x72, 0x75, 0x6e,
 0x74, 0x69, 0x6d, 0x65, 0x2f, 0x6a, 0x73, 0x2f,
 0x6e, 0x6f, 0x64, 0x65, 0x2f, 0x73, 0x74, 0x72,
 0x65, 0x61, 0x6d, 0x2f, 0x6c, 0x69, 0x62, 0x2f,
 0x69, 0x6e, 0x74, 0x65, 0x72, 0x6e, 0x61, 0x6c,
 0x2f, 0x73, 0x74, 0x72, 0x65, 0x61, 0x6d, 0x73,
 0x2f, 0x73, 0x74, 0x61, 0x74, 0x65, 0x2e, 0x6a,
 0x73, 0x01, 0x5c, 0x72, 0x75, 0x6e, 0x74, 0x69,
 0x6d, 0x65, 0x2f, 0x6a, 0x73, 0x2f, 0x6e, 0x6f,
 0x64, 0x65, 0x2f, 0x73, 0x74, 0x72, 0x65, 0x61,
 0x6d, 0x2f, 0x6c, 0x69, 0x62, 0x2f, 0x5f, 0x73,
 0x74, 0x72, 0x65, 0x61, 0x6d, 0x5f, 0x77, 0x72,
 0x69, 0x74, 0x61, 0x62, 0x6c, 0x65, 0x2e, 0x6a,
 0x73, 0x01, 0x58, 0x72, 0x75, 0x6e, 0x74, 0x69,
 0x6d, 0x65, 0x2f, 0x6a, 0x73, 0x2f, 0x6e, 0x6f,
 0x64, 0x65, 0x2f, 0x73, 0x74, 0x72, 0x65, 0x61,
 0x6d, 0x2f, 0x6c, 0x69, 0x62, 0x2f, 0x5f, 0x73,
 0x74, 0x72, 0x65, 0x61, 0x6d, 0x5f, 0x64, 0x75,
 0x70, 0x6c, 0x65, 0x78, 0x2e, 0x6a, 0x73, 0x01,
 0x78, 0x72, 0x75, 0x6e, 0x74, 0x69, 0x6d, 0x65,
 0x2f, 0x6a, 0x73, 0x2f, 0x6e, 0x6f, 0x64, 0x65,
 0x2f, 0x73, 0x74, 0x72, 0x65, 0x61, 0x6d, 0x2f,
 0x6c, 0x69, 0x62, 0x2f, 0x69, 0x6e, 0x74, 0x65,
 0x72, 0x6e, 0x61, 0x6c, 0x2f, 0x73, 0x74, 0x72,
 0x65, 0x61, 0x6d, 0x73, 0x2f, 0x65, 0x6e, 0x64,
 0x2d, 0x6f, 0x66, 0x2d, 0x73, 0x74, 0x72, 0x65,
 0x61, 0x6d, 0x2e, 0x6a, 0x73, 0x01, 0x7a, 0x72,
 0x75, 0x6e, 0x74, 0x69, 0x6d, 0x65, 0x2f, 0x6a,
 0x73, 0x2f, 0x6e, 0x6f, 0x64, 0x65, 0x2f, 0x73,
 0x74, 0x72, 0x65, 0x61, 0x6d, 0x2f, 0x6c, 0x69,
 0x62, 0x2f, 0x69, 0x6e, 0x74, 0x65, 0x72, 0x6e,
 0x61, 0x6c, 0x2f, 0x73, 0x74, 0x72, 0x65, 0x61,
 0x6d, 0x73, 0x2f, 0x61, 0x73, 0x79, 0x6e, 0x63,
 0x5f, 0x69, 0x74, 0x65, 0x72, 0x61, 0x74, 0x6f,
 0x72, 0x2e, 0x6a, 0x73, 0x01, 0x66, 0x72, 0x75,
 0x6e, 0x74, 0x69, 0x6d, 0x65, 0x2f, 0x6a, 0x73,
 0x2f, 0x6e, 0x6f, 0x64, 0x65, 0x2f, 0x73, 0x74,
 0x72, 0x65, 0x61, 0x6d, 0x2f, 0x6c, 0x69, 0x62,
 0x2f, 0x69, 0x6e, 0x74, 0x65, 0x72, 0x6e, 0x61,
 0x6c, 0x2f, 0x73, 0x74, 0x72, 0x65, 0x61, 0x6d,
 0x73, 0x2f, 0x66, 0x72, 0x6f, 0x6d, 0x2e, 0x6a,
 0x73, 0x01, 0x5c, 0x72, 0x75, 0x6e, 0x74, 0x69,
 0x6d, 0x65, 0x2f, 0x6a, 0x73, 0x2f, 0x6e, 0x6f,
 0x64, 0x65, 0x2f, 0x73, 0x74, 0x72, 0x65, 0x61,
 0x6d, 0x2f, 0x6c, 0x69, 0x62, 0x2f, 0x5f, 0x73,
 0x74, 0x72, 0x65, 0x61, 0x6d, 0x5f, 0x72, 0x65,
 0x61, 0x64, 0x61, 0x62, 0x6c, 0x65, 0x2e, 0x6a,
 0x73, 0x01, 0x5e, 0x72, 0x75, 0x6e, 0x74, 0x69,
 0x6d, 0x65, 0x2f, 0x6a, 0x73, 0x2f, 0x6e, 0x6f,
 0x64, 0x65, 0x2f, 0x73, 0x74, 0x72, 0x65, 0x61,
 0x6d, 0x2f, 0x6c, 0x69, 0x62, 0x2f, 0x5f, 0x73,
 0x74, 0x72, 0x65, 0x61, 0x6d, 0x5f, 0x74, 0x72,
 0x61, 0x6e, 0x73, 0x66, 0x6f, 0x72, 0x6d, 0x2e,
 0x6a, 0x73, 0x01, 0x62, 0x72, 0x75, 0x6e, 0x74,
 0x69, 0x6d, 0x65, 0x2f, 0x6a, 0x73, 0x2f, 0x6e,
 0x6f, 0x64, 0x65, 0x2f, 0x73, 0x74, 0x72, 0x65,
 0x61, 0x6d, 0x2f, 0x6c, 0x69, 0x62, 0x2f, 0x5f,
 0x73, 0x74, 0x72, 0x65, 0x61, 0x6d, 0x5f, 0x70,
 0x61, 0x73, 0x73, 0x74, 0x68, 0x72, 0x6f, 0x75,
 0x67, 0x68, 0x2e, 0x6a, 0x73, 0x01, 0x6e, 0x72,
 0x75, 0x6e, 0x74, 0x69, 0x6d, 0x65, 0x2f, 0x6a,
 0x73, 0x2f, 0x6e, 0x6f, 0x64, 0x65, 0x2f, 0x73,
 0x74, 0x72, 0x65, 0x61, 0x6d, 0x2f, 0x6c, 0x69,
 0x62, 0x2f, 0x69, 0x6e, 0x74, 0x65, 0x72, 0x6e,
 0x61, 0x6c, 0x2f, 0x73, 0x74, 0x72, 0x65, 0x61,
 0x6d, 0x73, 0x2f, 0x70, 0x69, 0x70, 0x65, 0x6c,
 0x69, 0x6e, 0x65, 0x2e, 0x6a, 0x73, 0x01, 0x10,
 0x70, 0x72, 0x6f, 0x6d, 0x69, 0x73, 0x65, 0x73,
 0x0c, 0x00, 0x0a, 0x00, 0xa8, 0x01, 0x00, 0x01,
 0x00, 0x01, 0x00, 0x00, 0x01, 0x04, 0x01, 0xaa,
 0x01, 0x00, 0x00, 0x00, 0x0c, 0x43, 0x0a, 0x01,
 0x00, 0x06, 0x18, 0x06, 0x03, 0x10, 0x00, 0x11,
 0xd6, 0x02, 0x1e, 0xe4, 0x03, 0x00, 0x01, 0x00,
 0xe6, 0x03, 0x00, 0x01, 0x40, 0x01, 0xe8, 0x03,
 0x00, 0x01, 0x00, 0xea, 0x03, 0x00, 0x01, 0x00,
 0xec, 0x03, 0x00, 0x01, 0x00, 0xee, 0x03, 0x00,
 0x01, 0x00, 0xf0, 0x03, 0x00, 0x00, 0x40, 0x00,
 0xf2, 0x03, 0x00, 0x01, 0x00, 0xf4, 0x03, 0x00,
 0x02, 0x40, 0x04, 0xf6, 0x03, 0x00, 0x03, 0x40,
 0x0c, 0xf8, 0x03, 0x00, 0x04, 0x40, 0x05, 0xfa,
 0x03, 0x00, 0x05, 0x40, 0x02, 0xfc, 0x03, 0x00,
 0x06, 0x40, 0x06, 0xfe, 0x03, 0x00, 0x07, 0x40,
 0x08, 0x80, 0x04, 0x00, 0x08, 0x40, 0x03, 0x82,
 0x04, 0x00, 0x09, 0x40, 0x09, 0x84, 0x04, 0x00,
 0x0a, 0x40, 0x0a, 0x86, 0x04, 0x00, 0x0b, 0x40,
 0x0b, 0x88, 0x04, 0x00, 0x0c, 0x40, 0x07, 0x8a,
 0x04, 0x00, 0x0d, 0x40, 0x0d, 0x8c, 0x04, 0x00,
 0x0e, 0x00, 0x8e, 0x04, 0x00, 0x0f, 0x00, 0x90,
 0x04, 0x00, 0x10, 0x00, 0x92, 0x04, 0x00, 0x11,
 0x00, 0x94, 0x04, 0x00, 0x12, 0x00, 0x96, 0x04,
 0x00, 0x13, 0x00, 0x98, 0x04, 0x00, 0x14, 0x00,
 0x9a, 0x04, 0x00, 0x15, 0x00, 0x9c, 0x04, 0x00,
 0x16, 0x40, 0x0e, 0x9e, 0x04, 0x00, 0x17, 0x40,
 0x0f, 0x0c, 0x42, 0x0a, 0x01, 0x00, 0x02, 0x00,
 0x02, 0x01, 0x02, 0x01, 0x01, 0x03, 0x02, 0xa0,
 0x04, 0x00, 0x01, 0x40, 0x01, 0xa2, 0x04, 0x00,
 0x01, 0x40, 0x00, 0xf0, 0x03, 0x00, 0x00, 0x0c,
 0x43, 0x0a, 0x01, 0xa4, 0x04, 0x00, 0x00, 0x00,
 0x03, 0x00, 0x03, 0x00, 0x23, 0x00, 0xa2, 0x04,
 0x01, 0x01, 0xa0, 0x04, 0x00, 0x01, 0xf0, 0x03,
 0x00, 0x02, 0xe3, 0x11, 0xf1, 0x18, 0x0e, 0xe4,
 0xe5, 0xe4, 0xf5, 0xba, 0x46, 0x46, 0x0b, 0x0b,
 0x4b, 0xf2, 0x00, 0x00, 0x00, 0xeb, 0x40, 0xf2,
 0x00, 0x00, 0x00, 0xe3, 0xf6, 0x0e, 0xe3, 0x40,
 0xf2, 0x00, 0x00, 0x00, 0x28, 0xa6, 0x04, 0x03,
 0x1f, 0x0e, 0x03, 0x29, 0x1b, 0x16, 0x07, 0x06,
 0x07, 0x24, 0x1b, 0x14, 0x43, 0x40, 0x11, 0x0c,
 0x00, 0xc5, 0x00, 0x28, 0xa6, 0x04, 0x03, 0x12,
 0x00, 0x00, 0x0c, 0x42, 0x0b, 0x01, 0x00, 0x02,
 0x05, 0x02, 0x03, 0x03, 0x01, 0x03, 0x67, 0x07,
 0xa8, 0x04, 0x00, 0x01, 0x00, 0xaa, 0x04, 0x00,
 0x01, 0x00, 0xac, 0x04, 0x00, 0x00, 0x40, 0x02,
 0xae, 0x04, 0x00, 0x01, 0x00, 0xb0, 0x04, 0x00,
 0x02, 0x40, 0x00, 0xb2, 0x04, 0x00, 0x03, 0x00,
 0xb4, 0x04, 0x00, 0x04, 0x40, 0x01, 0xe6, 0x03,
 0x01, 0x01, 0x0c, 0x43, 0x0a, 0x01, 0xb2, 0x04,
 0x01, 0x01, 0x01, 0x04, 0x00, 0x01, 0x00, 0x0e,
 0x02, 0xb6, 0x04, 0x00, 0x01, 0x00, 0x10, 0x00,
 0x01, 0x00, 0xb0, 0x04, 0x02, 0x00, 0x08, 0xcf,
 0xe3, 0x41, 0x1c, 0x01, 0x00, 0x00, 0xcb, 0xd7,
 0x24, 0x02, 0x00, 0x29, 0xa6, 0x04, 0x0e, 0x05,
 0x06, 0x0d, 0x04, 0x20, 0x10, 0x07, 0x0c, 0x00,
 0x0c, 0x43, 0x0a, 0x01, 0x00, 0x02, 0x09, 0x02,
 0x04, 0x09, 0x02, 0x06, 0xe8, 0x01, 0x0b, 0xba,
 0x04, 0x00, 0x01, 0x40, 0x00, 0xbc, 0x04, 0x00,
 0x01, 0x00, 0xe8, 0x01, 0x01, 0x00, 0x70, 0x01,
 0xbe, 0x04, 0x00, 0x00, 0x40, 0x04, 0xc0, 0x04,
 0x00, 0x02, 0x40, 0x05, 0xc2, 0x04, 0x01, 0x01,
 0x60, 0x02, 0xc4, 0x04, 0x00, 0x03, 0x40, 0x06,
 0xc6, 0x04, 0x00, 0x05, 0x40, 0x07, 0xc8, 0x04,
 0x00, 0x06, 0x40, 0x08, 0xca, 0x04, 0x00, 0x07,
 0x40, 0x03, 0x10, 0x00, 0x01, 0x00, 0xb0, 0x04,
 0x02, 0x00, 0xb4, 0x04, 0x04, 0x00, 0x0c, 0x43,
 0x0a, 0x01, 0xbe, 0x04, 0x01, 0x00, 0x01, 0x03,
 0x00, 0x02, 0x00, 0x2d, 0x01, 0xcc, 0x04, 0x00,
 0x01, 0x00, 0xba, 0x04, 0x00, 0x01, 0xe8, 0x01,
 0x00, 0x18, 0xe3, 0x40, 0x42, 0x00, 0x00, 0x00,
 0xf0, 0x25, 0xe3, 0x41, 0x27, 0x01, 0x00, 0x00,
 0xd7, 0x24, 0x01, 0x00, 0x09, 0xad, 0xf0, 0x17,
 0x64, 0x01, 0x00, 0x40, 0x28, 0x01, 0x00, 0x00,
 0xf0, 0x0d, 0x64, 0x01, 0x00, 0x41, 0x28, 0x01,
 0x00, 0x00, 0x24, 0x00, 0x00, 0x0e, 0x29, 0xa6,
 0x04, 0x15, 0x07, 0x0e, 0x03, 0x0c, 0x2a, 0x22,
 0x20, 0x16, 0x16, 0x16, 0x16, 0x12, 0x35, 0x63,
 0x2a, 0x0e, 0x00, 0x0c, 0x43, 0x0a, 0x01, 0xc0,
 0x04, 0x00, 0x00, 0x00, 0x02, 0x00, 0x01, 0x00,
 0x21, 0x00, 0xe8, 0x01, 0x00, 0x18, 0x64, 0x00,
 0x00, 0x40, 0x29, 0x01, 0x00, 0x00, 0xf0, 0x17,
 0x64, 0x00, 0x00, 0x40, 0x2a, 0x01, 0x00, 0x00,
 0xf0, 0x0d, 0x64, 0x00, 0x00, 0x41, 0x2a, 0x01,
 0x00, 0x00, 0x24, 0x00, 0x00, 0x0e, 0x29, 0xa6,
 0x04, 0x1b, 0x07, 0x08, 0x03, 0x0c, 0x34, 0x26,
 0x35, 0x29, 0x2a, 0x0e, 0x00, 0x0c, 0x43, 0x0a,
 0x01, 0xc4, 0x04, 0x00, 0x00, 0x00, 0x02, 0x00,
 0x02, 0x00, 0x16, 0x00, 0xc2, 0x04, 0x03, 0x10,
 0xba, 0x04, 0x00, 0x01, 0x64, 0x00, 0x00, 0xf0,
 0x02, 0x29, 0x0a, 0x11, 0x65, 0x00, 0x00, 0x0e,
 0xe4, 0x41, 0x2b, 0x01, 0x00, 0x00, 0x24, 0x00,
 0x00, 0x29, 0xa6, 0x04, 0x26, 0x07, 0x08, 0x03,
 0x0c, 0x21, 0x07, 0x21, 0x00, 0x20, 0x0a, 0x00,
 0x0c, 0x43, 0x0a, 0x01, 0xc6, 0x04, 0x00, 0x00,
 0x00, 0x02, 0x00, 0x02, 0x00, 0x20, 0x00, 0xc2,
 0x04, 0x03, 0x10, 0xba, 0x04, 0x00, 0x01, 0x64,
 0x00, 0x00, 0xf0, 0x02, 0x29, 0x0a, 0x11, 0x65,
 0x00, 0x00, 0x0e, 0xe4, 0x40, 0x2c, 0x01, 0x00,
 0x00, 0xfb, 0xf0, 0x0b, 0xe4, 0x41, 0x2c, 0x01,
 0x00, 0x00, 0x24, 0x00, 0x00, 0x0e, 0x29, 0xa6,
 0x04, 0x2b, 0x07, 0x0c, 0x03, 0x0c, 0x21, 0x07,
 0x21, 0x16, 0x20, 0x22, 0x11, 0x18, 0x20, 0x0a,
 0x00, 0x0c, 0x43, 0x0a, 0x01, 0xc8, 0x04, 0x01,
 0x01, 0x01, 0x04, 0x00, 0x02, 0x00, 0x29, 0x02,
 0xda, 0x04, 0x00, 0x01, 0x00, 0x10, 0x00, 0x01,
 0x00, 0xca, 0x04, 0x07, 0x00, 0xb0, 0x04, 0x00,
 0x02, 0x08, 0xcf, 0xe3, 0xf4, 0x0e, 0xe4, 0x41,
 0x2e, 0x01, 0x00, 0x00, 0xcb, 0x04, 0x37, 0x00,
 0x00, 0x00, 0x24, 0x02, 0x00, 0xba, 0xad, 0xf0,
 0x11, 0xcb, 0x41, 0x2f, 0x01, 0x00, 0x00, 0x04,
 0x37, 0x00, 0x00, 0x00, 0xd7, 0x24, 0x02, 0x00,
 0x0e, 0x29, 0xa6, 0x04, 0x30, 0x07, 0x0e, 0x0d,
 0x04, 0x12, 0x08, 0x20, 0x22, 0x2f, 0x26, 0x17,
 0x4b, 0x20, 0x0a, 0x1b, 0x1c, 0x00, 0x0c, 0x43,
 0x0a, 0x01, 0xca, 0x04, 0x00, 0x00, 0x00, 0x04,
 0x00, 0x08, 0x00, 0xaa, 0x01, 0x00, 0xe8, 0x01,
 0x00, 0x18, 0xbe, 0x04, 0x01, 0x00, 0xba, 0x04,
 0x00, 0x01, 0xc0, 0x04, 0x02, 0x00, 0xc4, 0x04,
 0x04, 0x00, 0xc6, 0x04, 0x05, 0x00, 0xc8, 0x04,
 0x06, 0x00, 0xca, 0x04, 0x07, 0x00, 0x64, 0x00,
 0x00, 0x41, 0x30, 0x01, 0x00, 0x00, 0x04, 0x31,
 0x01, 0x00, 0x00, 0xe4, 0x24, 0x02, 0x00, 0x0e,
 0xe5, 0x41, 0x30, 0x01, 0x00, 0x00, 0x04, 0x32,
 0x01, 0x00, 0x00, 0xe6, 0x24, 0x02, 0x00, 0x0e,
 0x64, 0x00, 0x00, 0x41, 0x30, 0x01, 0x00, 0x00,
 0x04, 0x2b, 0x01, 0x00, 0x00, 0x5d, 0x04, 0x00,
 0x24, 0x02, 0x00, 0x0e, 0x64, 0x00, 0x00, 0x41,
 0x30, 0x01, 0x00, 0x00, 0x04, 0x33, 0x01, 0x00,
 0x00, 0x5d, 0x05, 0x00, 0x24, 0x02, 0x00, 0x0e,
 0x64, 0x00, 0x00, 0x41, 0x30, 0x01, 0x00, 0x00,
 0x04, 0x37, 0x00, 0x00, 0x00, 0x5d, 0x06, 0x00,
 0x24, 0x02, 0x00, 0x0e, 0xe5, 0x41, 0x30, 0x01,
 0x00, 0x00, 0x04, 0x37, 0x00, 0x00, 0x00, 0x5d,
 0x06, 0x00, 0x24, 0x02, 0x00, 0x0e, 0x64, 0x00,
 0x00, 0x41, 0x30, 0x01, 0x00, 0x00, 0x04, 0x2b,
 0x01, 0x00, 0x00, 0x5d, 0x07, 0x00, 0x24, 0x02,
 0x00, 0x0e, 0x64, 0x00, 0x00, 0x41, 0x30, 0x01,
 0x00, 0x00, 0x04, 0x33, 0x01, 0x00, 0x00, 0x5d,
 0x07, 0x00, 0x24, 0x02, 0x00, 0x0e, 0xe5, 0x41,
 0x30, 0x01, 0x00, 0x00, 0x04, 0x33, 0x01, 0x00,
 0x00, 0x5d, 0x07, 0x00, 0x24, 0x02, 0x00, 0x29,
 0xa6, 0x04, 0x38, 0x07, 0x36, 0x03, 0x04, 0x2a,
 0x0e, 0x1b, 0x2e, 0x1c, 0x3b, 0x20, 0x0a, 0x1b,
 0x30, 0x1c, 0x39, 0x2a, 0x0e, 0x1b, 0x2c, 0x26,
 0x39, 0x2a, 0x0e, 0x1b, 0x30, 0x26, 0x3d, 0x2a,
 0x0e, 0x1b, 0x30, 0x26, 0x3d, 0x20, 0x0a, 0x1b,
 0x30, 0x26, 0x39, 0x2a, 0x0e, 0x1b, 0x2c, 0x26,
 0x39, 0x2a, 0x0e, 0x1b, 0x30, 0x26, 0x3d, 0x20,
 0x0a, 0x1b, 0x30, 0x00, 0x08, 0xc8, 0x08, 0xc5,
 0x00, 0xd0, 0xc5, 0x01, 0xd1, 0xc5, 0x02, 0xc8,
 0x04, 0xc5, 0x03, 0xc8, 0x05, 0xc5, 0x04, 0xc8,
 0x06, 0xc5, 0x05, 0xc8, 0x07, 0x60, 0x03, 0x00,
 0x60, 0x00, 0x00, 0xc7, 0x08, 0xcf, 0x61, 0x00,
 0x00, 0x41, 0x34, 0x01, 0x00, 0x00, 0x04, 0x31,
 0x01, 0x00, 0x00, 0xcc, 0x24, 0x02, 0x00, 0x0e,
 0xd7, 0x41, 0x34, 0x01, 0x00, 0x00, 0x04, 0x32,
 0x01, 0x00, 0x00, 0xcd, 0x24, 0x02, 0x00, 0x0e,
 0xd7, 0x40, 0x35, 0x01, 0x00, 0x00, 0x95, 0xf0,
 0x37, 0xd8, 0x95, 0x11, 0xf1, 0x0a, 0x0e, 0xd8,
 0x40, 0x2b, 0x01, 0x00, 0x00, 0x09, 0xae, 0xf0,
 0x27, 0x61, 0x00, 0x00, 0x41, 0x34, 0x01, 0x00,
 0x00, 0x04, 0x2b, 0x01, 0x00, 0x00, 0xc7, 0x04,
 0x24, 0x02, 0x00, 0x0e, 0x61, 0x00, 0x00, 0x41,
 0x34, 0x01, 0x00, 0x00, 0x04, 0x33, 0x01, 0x00,
 0x00, 0xc7, 0x05, 0x24, 0x02, 0x00, 0x0e, 0x09,
 0xd2, 0xe4, 0x61, 0x00, 0x00, 0x04, 0x37, 0x00,
 0x00, 0x00, 0xc7, 0x06, 0xf7, 0x0e, 0xe4, 0xd7,
 0x04, 0x37, 0x00, 0x00, 0x00, 0xc7, 0x06, 0xf7,
 0x0e, 0x61, 0x00, 0x00, 0x41, 0x34, 0x01, 0x00,
 0x00, 0x04, 0x2b, 0x01, 0x00, 0x00, 0xc7, 0x07,
 0x24, 0x02, 0x00, 0x0e, 0x61, 0x00, 0x00, 0x41,
 0x34, 0x01, 0x00, 0x00, 0x04, 0x33, 0x01, 0x00,
 0x00, 0xc7, 0x07, 0x24, 0x02, 0x00, 0x0e, 0xd7,
 0x41, 0x34, 0x01, 0x00, 0x00, 0x04, 0x33, 0x01,
 0x00, 0x00, 0xc7, 0x07, 0x24, 0x02, 0x00, 0x0e,
 0xd7, 0x41, 0x2f, 0x01, 0x00, 0x00, 0x04, 0x36,
 0x01, 0x00, 0x00, 0x61, 0x00, 0x00, 0x24, 0x02,
 0x00, 0x0e, 0xd7, 0x28, 0xa6, 0x04, 0x13, 0x1e,
 0x4e, 0x00, 0x22, 0x0e, 0x2d, 0x2a, 0x0e, 0x1b,
 0x16, 0x00, 0x05, 0x0c, 0x23, 0x20, 0x0a, 0x1b,
 0x18, 0x1c, 0x17, 0x2f, 0x26, 0x20, 0x16, 0x20,
 0x20, 0x17, 0x61, 0x2a, 0x0e, 0x1b, 0x14, 0x21,
 0x21, 0x2a, 0x0e, 0x1b, 0x18, 0x00, 0x08, 0x26,
 0x29, 0x07, 0x20, 0x2a, 0x22, 0x17, 0x41, 0x07,
 0x20, 0x20, 0x1e, 0x00, 0x04, 0x18, 0x3d, 0x2a,
 0x0e, 0x1b, 0x14, 0x21, 0x21, 0x2a, 0x0e, 0x1b,
 0x18, 0x21, 0x25, 0x20, 0x0a, 0x1b, 0x18, 0x21,
 0x21, 0x20, 0x0a, 0x1b, 0x1a, 0x26, 0x15, 0x00,
 0x0c, 0x43, 0x0a, 0x01, 0xb4, 0x04, 0x03, 0x00,
 0x03, 0x05, 0x00, 0x01, 0x00, 0x77, 0x03, 0xee,
 0x04, 0x00, 0x01, 0x00, 0xf0, 0x04, 0x00, 0x01,
 0x00, 0xf2, 0x04, 0x00, 0x01, 0x00, 0xac, 0x04,
 0x00, 0x00, 0xd7, 0x40, 0x1a, 0x01, 0x00, 0x00,
 0xfb, 0xf0, 0x0c, 0xd7, 0x41, 0x1a, 0x01, 0x00,
 0x00, 0xd8, 0xd9, 0x25, 0x02, 0x00, 0xd7, 0x40,
 0x3a, 0x01, 0x00, 0x00, 0x95, 0x11, 0xf1, 0x0b,
 0x0e, 0xd7, 0x40, 0x3a, 0x01, 0x00, 0x00, 0xd8,
 0x46, 0x95, 0xf0, 0x0e, 0xd7, 0x41, 0x34, 0x01,
 0x00, 0x00, 0xd8, 0xd9, 0x24, 0x02, 0x00, 0x0e,
 0x29, 0xe3, 0xd7, 0x40, 0x3a, 0x01, 0x00, 0x00,
 0xd8, 0x46, 0xf5, 0xf0, 0x14, 0xd7, 0x40, 0x3a,
 0x01, 0x00, 0x00, 0xd8, 0x46, 0x41, 0x3b, 0x01,
 0x00, 0x00, 0xd9, 0x24, 0x01, 0x00, 0x0e, 0x29,
 0xd7, 0x40, 0x3a, 0x01, 0x00, 0x00, 0xd8, 0x1b,
 0x11, 0xaf, 0xf1, 0x04, 0x1b, 0x71, 0x1b, 0x1b,
 0xd9, 0xd7, 0x40, 0x3a, 0x01, 0x00, 0x00, 0xd8,
 0x46, 0x26, 0x02, 0x00, 0x1b, 0x71, 0x1b, 0x48,
 0x29, 0xa6, 0x04, 0x49, 0x05, 0x2c, 0x03, 0x1a,
 0x20, 0x38, 0x12, 0x3b, 0x20, 0x30, 0x07, 0x0e,
 0x17, 0x45, 0x39, 0x28, 0x20, 0x20, 0x1c, 0x4d,
 0x20, 0x16, 0x07, 0x0e, 0x21, 0x15, 0x07, 0x1a,
 0x20, 0x20, 0x1c, 0x47, 0x20, 0x20, 0x25, 0x1e,
 0x22, 0x3d, 0x20, 0x20, 0x34, 0x14, 0x07, 0x08,
 0x20, 0x20, 0x00, 0xc5, 0x00, 0xd2, 0xc5, 0x02,
 0xc8, 0x04, 0x38, 0x9f, 0x00, 0x00, 0x00, 0x40,
 0x3c, 0x01, 0x00, 0x00, 0xcf, 0x38, 0x9e, 0x00,
 0x00, 0x00, 0x40, 0x68, 0x00, 0x00, 0x00, 0xd0,
 0xe3, 0x04, 0x3d, 0x01, 0x00, 0x00, 0xf5, 0xd1,
 0xcc, 0xce, 0x40, 0x3f, 0x00, 0x00, 0x00, 0xcd,
 0x40, 0x3f, 0x00, 0x00, 0x00, 0xf6, 0x0e, 0xcc,
 0xce, 0xcd, 0xf6, 0x0e, 0xce, 0x40, 0x3f, 0x00,
 0x00, 0x00, 0xc5, 0x01, 0x42, 0x36, 0x01, 0x00,
 0x00, 0xd8, 0xce, 0x42, 0xf2, 0x00, 0x00, 0x00,
 0xd8, 0x40, 0xf2, 0x00, 0x00, 0x00, 0xce, 0x42,
 0x08, 0x01, 0x00, 0x00, 0xd8, 0x40, 0xf2, 0x00,
 0x00, 0x00, 0xc7, 0x04, 0x42, 0x1a, 0x01, 0x00,
 0x00, 0x29, 0xa6, 0x04, 0x09, 0x03, 0x25, 0x27,
 0x2a, 0x3a, 0x10, 0x3a, 0x23, 0x00, 0x08, 0x08,
 0x11, 0x07, 0x2a, 0x20, 0x26, 0x2b, 0x4f, 0x07,
 0x2a, 0x07, 0x12, 0x12, 0x3b, 0x00, 0x0d, 0x80,
 0x01, 0x00, 0x07, 0x24, 0x21, 0x23, 0x20, 0x32,
 0x21, 0x31, 0x20, 0x44, 0x00, 0x0c, 0x42, 0x0b,
 0x01, 0x00, 0x02, 0x0e, 0x02, 0x02, 0x0c, 0x01,
 0x0a, 0x60, 0x10, 0xa8, 0x04, 0x00, 0x01, 0x00,
 0xaa, 0x04, 0x00, 0x01, 0x00, 0xde, 0x01, 0x00,
 0x00, 0x40, 0x01, 0xfc, 0x04, 0x00, 0x01, 0x40,
 0x09, 0xfe, 0x04, 0x00, 0x02, 0x40, 0x00, 0x80,
 0x05, 0x00, 0x03, 0x40, 0x06, 0x82, 0x05, 0x00,
 0x04, 0x40, 0x03, 0x84, 0x05, 0x00, 0x05, 0x40,
 0x0a, 0x86, 0x05, 0x00, 0x06, 0x40, 0x02, 0x88,
 0x05, 0x00, 0x07, 0x40, 0x04, 0x8a, 0x05, 0x00,
 0x08, 0x00, 0x8c, 0x05, 0x00, 0x09, 0x40, 0x05,
 0x8e, 0x05, 0x00, 0x0a, 0x00, 0x90, 0x05, 0x00,
 0x0b, 0x40, 0x08, 0x92, 0x05, 0x00, 0x0c, 0x40,
 0x0b, 0x94, 0x05, 0x00, 0x0d, 0x40, 0x07, 0xe6,
 0x03, 0x01, 0x01, 0x0c, 0x43, 0x0a, 0x01, 0xde,
 0x01, 0x02, 0x02, 0x02, 0x04, 0x01, 0x00, 0x01,
 0x4e, 0x04, 0x9a, 0x01, 0x00, 0x01, 0x40, 0x00,
 0x96, 0x05, 0x00, 0x01, 0x00, 0x62, 0x00, 0x00,
 0x00, 0x98, 0x05, 0x00, 0x01, 0x00, 0x0c, 0x43,
 0x0a, 0x01, 0x00, 0x01, 0x00, 0x01, 0x04, 0x00,
 0x01, 0x00, 0x15, 0x01, 0x9a, 0x05, 0x00, 0x01,
 0x00, 0x9a, 0x01, 0x00, 0x01, 0x38, 0x9e, 0x00,
 0x00, 0x00, 0x41, 0x6e, 0x00, 0x00, 0x00, 0xe3,
 0xd7, 0x24, 0x02, 0x00, 0x40, 0x43, 0x00, 0x00,
 0x00, 0x28, 0xa6, 0x04, 0x61, 0x35, 0x06, 0x03,
 0x45, 0x34, 0x40, 0x07, 0x10, 0x00, 0x38, 0x9e,
 0x00, 0x00, 0x00, 0x41, 0x31, 0x00, 0x00, 0x00,
 0xd7, 0x24, 0x01, 0x00, 0xcf, 0x38, 0x9e, 0x00,
 0x00, 0x00, 0x40, 0x4e, 0x01, 0x00, 0x00, 0xf0,
 0x32, 0x38, 0x9e, 0x00, 0x00, 0x00, 0x41, 0x4e,
 0x01, 0x00, 0x00, 0xd7, 0x24, 0x01, 0x00, 0xd0,
 0xd8, 0x11, 0xf0, 0x0e, 0x0e, 0xcc, 0x41, 0x4f,
 0x01, 0x00, 0x00, 0xc5, 0x00, 0x24, 0x01, 0x00,
 0xd4, 0x0e, 0xcb, 0x40, 0x50, 0x01, 0x00, 0x00,
 0x41, 0x62, 0x00, 0x00, 0x00, 0xca, 0x24, 0x02,
 0x00, 0x0e, 0xcb, 0x28, 0xa6, 0x04, 0x5d, 0x05,
 0x16, 0x03, 0x1a, 0x34, 0x18, 0x1c, 0x25, 0x3f,
 0x18, 0x34, 0x3a, 0x1c, 0x55, 0x1b, 0x3a, 0x20,
 0x1e, 0x27, 0x4d, 0x39, 0x2c, 0x1d, 0x2b, 0x00,
 0x0c, 0x43, 0x0a, 0x01, 0xfc, 0x04, 0x01, 0x03,
 0x01, 0x06, 0x02, 0x02, 0x02, 0x78, 0x04, 0xbc,
 0x01, 0x00, 0x01, 0x40, 0x00, 0xa2, 0x05, 0x00,
 0x00, 0x00, 0xe8, 0x01, 0x00, 0x01, 0x40, 0x01,
 0xa2, 0x01, 0x00, 0x01, 0x00, 0xfe, 0x04, 0x02,
 0x00, 0xde, 0x01, 0x00, 0x00, 0x0c, 0x43, 0x0a,
 0x01, 0x00, 0x01, 0x00, 0x01, 0x05, 0x00, 0x03,
 0x00, 0x08, 0x01, 0xa4, 0x05, 0x00, 0x01, 0x00,
 0xfe, 0x04, 0x00, 0x02, 0xbc, 0x01, 0x00, 0x01,
 0xe8, 0x01, 0x01, 0x00, 0xe3, 0xe4, 0xd7, 0xe5,
 0xd7, 0x46, 0xf7, 0x29, 0xa6, 0x04, 0x6a, 0x37,
 0x0a, 0x03, 0x57, 0x07, 0x20, 0x07, 0x10, 0x07,
 0x0a, 0x07, 0x0e, 0x00, 0x0c, 0x43, 0x0a, 0x01,
 0x00, 0x01, 0x00, 0x01, 0x08, 0x00, 0x02, 0x00,
 0x1f, 0x01, 0xa4, 0x05, 0x00, 0x01, 0x00, 0xbc,
 0x01, 0x00, 0x01, 0xe8, 0x01, 0x01, 0x00, 0x38,
 0x9e, 0x00, 0x00, 0x00, 0x41, 0x6d, 0x00, 0x00,
 0x00, 0xe3, 0xd7, 0x38, 0x9e, 0x00, 0x00, 0x00,
 0x41, 0x6e, 0x00, 0x00, 0x00, 0xe4, 0xd7, 0x24,
 0x02, 0x00, 0x24, 0x03, 0x00, 0x29, 0xa6, 0x04,
 0x6c, 0x9d, 0x01, 0x0d, 0x03, 0xa3, 0x02, 0x34,
 0x2c, 0x07, 0x10, 0x07, 0x0a, 0x34, 0x40, 0x07,
 0x10, 0x00, 0x0c, 0x00, 0xd1, 0xbb, 0xcf, 0xcb,
 0xcd, 0xef, 0xa5, 0xf0, 0x6c, 0x07, 0xcd, 0xcb,
 0x46, 0xac, 0xf0, 0x06, 0xcd, 0xcb, 0x46, 0xf2,
 0x02, 0x0b, 0xd0, 0xcb, 0xbc, 0x9b, 0xf0, 0x17,
 0xe4, 0x38, 0x9e, 0x00, 0x00, 0x00, 0xcc, 0xf5,
 0x0a, 0xf6, 0x41, 0x53, 0x01, 0x00, 0x00, 0xc5,
 0x00, 0x24, 0x01, 0x00, 0xf2, 0x3e, 0x38, 0x9e,
 0x00, 0x00, 0x00, 0x40, 0x54, 0x01, 0x00, 0x00,
 0xf0, 0x1f, 0x38, 0x9e, 0x00, 0x00, 0x00, 0x41,
 0x61, 0x00, 0x00, 0x00, 0xd7, 0x38, 0x9e, 0x00,
 0x00, 0x00, 0x41, 0x54, 0x01, 0x00, 0x00, 0xcc,
 0x24, 0x01, 0x00, 0x24, 0x02, 0x00, 0xf2, 0x14,
 0xe4, 0x38, 0x9e, 0x00, 0x00, 0x00, 0xcc, 0xf5,
 0xf5, 0x41, 0x53, 0x01, 0x00, 0x00, 0xc5, 0x01,
 0x24, 0x01, 0x00, 0x0e, 0x92, 0x00, 0xf2, 0x90,
 0xd7, 0x28, 0xa6, 0x04, 0x67, 0x05, 0x33, 0x1c,
 0x24, 0x07, 0x08, 0x21, 0x06, 0x07, 0x14, 0x1b,
 0x0a, 0x07, 0x14, 0x21, 0x5b, 0x07, 0x08, 0x16,
 0x08, 0x07, 0x10, 0x1b, 0x0e, 0x2f, 0x2e, 0x27,
 0x51, 0x3e, 0x46, 0x34, 0x30, 0x07, 0x10, 0x34,
 0x42, 0x2f, 0x16, 0x07, 0x10, 0x1b, 0x0e, 0x2a,
 0x22, 0x00, 0x06, 0x07, 0xdf, 0x01, 0x00, 0x04,
 0x10, 0x3d, 0x00, 0x0c, 0x43, 0x0a, 0x01, 0xfe,
 0x04, 0x03, 0x00, 0x03, 0x06, 0x00, 0x01, 0x00,
 0x45, 0x03, 0xaa, 0x05, 0x00, 0x01, 0x00, 0xa4,
 0x05, 0x00, 0x01, 0x00, 0x88, 0x01, 0x00, 0x01,
 0x00, 0x86, 0x05, 0x06, 0x00, 0xe3, 0xd8, 0xf5,
 0xe0, 0xd7, 0xaa, 0xf0, 0x2c, 0x38, 0x9e, 0x00,
 0x00, 0x00, 0x41, 0x6d, 0x00, 0x00, 0x00, 0xd7,
 0xd8, 0x0b, 0xd9, 0x4b, 0x44, 0x00, 0x00, 0x00,
 0x0a, 0x4b, 0x43, 0x00, 0x00, 0x00, 0x0a, 0x4b,
 0x41, 0x00, 0x00, 0x00, 0x0a, 0x4b, 0x42, 0x00,
 0x00, 0x00, 0x24, 0x03, 0x00, 0x0e, 0xf2, 0x11,
 0xd7, 0xd8, 0x1b, 0x11, 0xaf, 0xf1, 0x04, 0x1b,
 0x71, 0x1b, 0x1b, 0xd9, 0x1b, 0x71, 0x1b, 0x48,
 0xd7, 0x28, 0xa6, 0x04, 0x72, 0x05, 0x14, 0x03,
 0x10, 0x07, 0x1e, 0x12, 0x13, 0x17, 0x11, 0x34,
 0x2c, 0x07, 0x0a, 0xa4, 0x35, 0x07, 0x08, 0x34,
 0x0e, 0x1d, 0x0b, 0x00, 0x0c, 0x43, 0x0a, 0x01,
 0x80, 0x05, 0x02, 0x00, 0x02, 0x03, 0x00, 0x00,
 0x00, 0x16, 0x02, 0xac, 0x05, 0x00, 0x01, 0x00,
 0xae, 0x05, 0x00, 0x01, 0x00, 0xd7, 0xd8, 0xa9,
 0x95, 0xf0, 0x10, 0x38, 0xda, 0x00, 0x00, 0x00,
 0x11, 0x04, 0x58, 0x01, 0x00, 0x00, 0x21, 0x01,
 0x00, 0x30, 0x29, 0xa6, 0x04, 0x7b, 0x05, 0x06,
 0x03, 0x10, 0x07, 0x28, 0x1c, 0x1b, 0x00, 0x0c,
 0x43, 0x0a, 0x01, 0x82, 0x05, 0x02, 0x02, 0x02,
 0x05, 0x00, 0x01, 0x00, 0x50, 0x04, 0xbc, 0x01,
 0x00, 0x01, 0x00, 0xb2, 0x05, 0x00, 0x01, 0x00,
 0xa2, 0x05, 0x00, 0x00, 0x00, 0xb4, 0x05, 0x00,
 0x01, 0x00, 0x86, 0x05, 0x06, 0x00, 0xba, 0xcf,
 0xcb, 0xd8, 0xef, 0xa5, 0xf0, 0x48, 0xd8, 0xcb,
 0x46, 0xd4, 0xcc, 0x40, 0x43, 0x00, 0x00, 0x00,
 0x11, 0xf1, 0x03, 0x0e, 0x09, 0x42, 0x43, 0x00,
 0x00, 0x00, 0xcc, 0x0a, 0x42, 0x41, 0x00, 0x00,
 0x00, 0x04, 0x44, 0x00, 0x00, 0x00, 0xcc, 0xaa,
 0xf0, 0x08, 0xcc, 0x0a, 0x42, 0x42, 0x00, 0x00,
 0x00, 0x38, 0x9e, 0x00, 0x00, 0x00, 0x41, 0x6d,
 0x00, 0x00, 0x00, 0xd7, 0xe3, 0xcc, 0x40, 0x52,
 0x01, 0x00, 0x00, 0xf5, 0xcc, 0x24, 0x03, 0x00,
 0x0e, 0x92, 0x00, 0xf2, 0xb4, 0x29, 0xa6, 0x04,
 0x80, 0x01, 0x05, 0x20, 0x0d, 0x24, 0x07, 0x08,
 0x1c, 0x01, 0x07, 0x0c, 0x0d, 0x2d, 0x07, 0x30,
 0x53, 0x2f, 0x3f, 0x1e, 0x16, 0x18, 0x26, 0x35,
 0x34, 0x2c, 0x07, 0x10, 0x07, 0x1e, 0x25, 0x22,
 0x00, 0x05, 0x09, 0x3b, 0x00, 0x0c, 0x43, 0x0a,
 0x01, 0x84, 0x05, 0x03, 0x00, 0x03, 0x06, 0x00,
 0x01, 0x00, 0x32, 0x03, 0xae, 0x05, 0x00, 0x01,
 0x00, 0xb6, 0x05, 0x00, 0x01, 0x00, 0xb8, 0x05,
 0x00, 0x01, 0x00, 0x82, 0x05, 0x04, 0x00, 0xd8,
 0xf0, 0x0b, 0xe3, 0xd7, 0x40, 0x3f, 0x00, 0x00,
 0x00, 0xd8, 0xf6, 0x0e, 0xd9, 0xf0, 0x06, 0xe3,
 0xd7, 0xd9, 0xf6, 0x0e, 0x38, 0x9e, 0x00, 0x00,
 0x00, 0x41, 0x6d, 0x00, 0x00, 0x00, 0xd7, 0x04,
 0x3f, 0x00, 0x00, 0x00, 0x0b, 0x09, 0x4b, 0x42,
 0x00, 0x00, 0x00, 0x24, 0x03, 0x00, 0x0e, 0xd7,
 0x28, 0xa6, 0x04, 0x89, 0x01, 0x05, 0x16, 0x03,
 0x0c, 0x11, 0x18, 0x07, 0x24, 0x20, 0x2e, 0x12,
 0x69, 0x11, 0x1a, 0x07, 0x24, 0x07, 0x1a, 0x12,
 0x5f, 0x34, 0x2c, 0x58, 0x1d, 0x00, 0x0c, 0x43,
 0x0a, 0x01, 0x86, 0x05, 0x01, 0x01, 0x01, 0x03,
 0x00, 0x01, 0x00, 0x1c, 0x02, 0xba, 0x05, 0x00,
 0x01, 0x00, 0xa4, 0x05, 0x00, 0x00, 0x00, 0x88,
 0x05, 0x07, 0x00, 0xe3, 0xd7, 0x04, 0x4c, 0x00,
 0x00, 0x00, 0xf6, 0xd3, 0x96, 0x04, 0x4e, 0x00,
 0x00, 0x00, 0xad, 0xf0, 0x03, 0xcb, 0x28, 0x38,
 0xa2, 0x00, 0x00, 0x00, 0xcb, 0xf5, 0x28, 0xa6,
 0x04, 0x8f, 0x01, 0x05, 0x0e, 0x03, 0x18, 0x07,
 0x1a, 0x26, 0x11, 0x07, 0x10, 0x2f, 0x16, 0x0c,
 0x0c, 0x1b, 0x0e, 0x00, 0x0c, 0x43, 0x0a, 0x01,
 0x88, 0x05, 0x02, 0x02, 0x02, 0x05, 0x00, 0x00,
 0x00, 0x6a, 0x04, 0xc0, 0x01, 0x00, 0x01, 0x00,
 0xbc, 0x05, 0x00, 0x01, 0x00, 0xbe, 0x05, 0x00,
 0x00, 0x00, 0xc0, 0x05, 0x00, 0x01, 0x00, 0xd7,
 0x96, 0x04, 0x4d, 0x00, 0x00, 0x00, 0xae, 0x11,
 0xf1, 0x04, 0x0e, 0xd7, 0xf9, 0xf0, 0x03, 0xd7,
 0x28, 0xd7, 0x38, 0xa4, 0x00, 0x00, 0x00, 0x40,
 0x61, 0x01, 0x00, 0x00, 0x46, 0xd3, 0xf8, 0xf1,
 0x30, 0xcb, 0x41, 0x1c, 0x01, 0x00, 0x00, 0xd7,
 0xd8, 0x11, 0xf1, 0x07, 0x0e, 0x04, 0x16, 0x00,
 0x00, 0x00, 0x24, 0x02, 0x00, 0xd4, 0x96, 0x04,
 0x4d, 0x00, 0x00, 0x00, 0xae, 0xf0, 0x03, 0xcc,
 0x28, 0x38, 0xda, 0x00, 0x00, 0x00, 0x11, 0x04,
 0x62, 0x01, 0x00, 0x00, 0x21, 0x01, 0x00, 0x30,
 0xd8, 0x04, 0x4c, 0x00, 0x00, 0x00, 0xad, 0xf0,
 0x08, 0x38, 0xa2, 0x00, 0x00, 0x00, 0xf2, 0x06,
 0x38, 0xa1, 0x00, 0x00, 0x00, 0xd7, 0x23, 0x01,
 0x00, 0xa6, 0x04, 0x93, 0x01, 0x05, 0x2a, 0x03,
 0x1a, 0x07, 0x14, 0x39, 0x18, 0x07, 0x14, 0x11,
 0x1a, 0x0d, 0x59, 0x07, 0x0c, 0x3a, 0x19, 0x07,
 0x12, 0x12, 0x01, 0x20, 0x14, 0x07, 0x0e, 0x44,
 0x1f, 0x07, 0x10, 0x2f, 0x22, 0x0d, 0x33, 0x4f,
 0x07, 0x07, 0x12, 0x2a, 0x16, 0x25, 0x12, 0x1b,
 0x10, 0x00, 0x0c, 0x43, 0x0a, 0x01, 0x94, 0x05,
 0x03, 0x00, 0x03, 0x05, 0x00, 0x01, 0x00, 0x17,
 0x03, 0xc6, 0x05, 0x00, 0x01, 0x00, 0xbc, 0x01,
 0x00, 0x01, 0x00, 0xc8, 0x05, 0x00, 0x01, 0x00,
 0x8c, 0x05, 0x09, 0x00, 0xe3, 0x40, 0x3f, 0x00,
 0x00, 0x00, 0x40, 0x65, 0x01, 0x00, 0x00, 0x41,
 0x1c, 0x01, 0x00, 0x00, 0xd7, 0xd8, 0xd9, 0x24,
 0x03, 0x00, 0x29, 0xa6, 0x04, 0xa2, 0x01, 0x05,
 0x08, 0x03, 0x04, 0x52, 0x38, 0x07, 0x0a, 0x07,
 0x10, 0x00, 0x0c, 0x43, 0x0a, 0x01, 0x00, 0x00,
 0x01, 0x00, 0x0e, 0x01, 0x07, 0x0c, 0xd2, 0x01,
 0x01, 0xcc, 0x05, 0x00, 0x00, 0x40, 0x00, 0x80,
 0x05, 0x03, 0x00, 0x8c, 0x05, 0x09, 0x00, 0x94,
 0x05, 0x0d, 0x00, 0x90, 0x05, 0x0b, 0x00, 0xfc,
 0x04, 0x01, 0x00, 0x84, 0x05, 0x05, 0x00, 0x92,
 0x05, 0x0c, 0x00, 0x0c, 0x43, 0x0a, 0x01, 0xcc,
 0x05, 0x00, 0x01, 0x00, 0x03, 0x00, 0x02, 0x00,
 0x1d, 0x01, 0x10, 0x00, 0x01, 0x00, 0x80, 0x05,
 0x00, 0x02, 0xcc, 0x05, 0x00, 0x00, 0x08, 0xcf,
 0xe3, 0xcb, 0xe4, 0xf6, 0x0e, 0xcb, 0x07, 0x42,
 0x67, 0x01, 0x00, 0x00, 0xcb, 0x07, 0x42, 0x68,
 0x01, 0x00, 0x00, 0xcb, 0xba, 0x42, 0x33, 0x00,
 0x00, 0x00, 0x29, 0xa6, 0x04, 0xa6, 0x01, 0x07,
 0x0c, 0x0d, 0x04, 0x07, 0x20, 0x07, 0x0c, 0x12,
 0x2b, 0x26, 0x00, 0x26, 0x00, 0x00, 0x0c, 0x43,
 0x0a, 0x01, 0xa0, 0x05, 0x01, 0x02, 0x01, 0x02,
 0x00, 0x00, 0x00, 0x3f, 0x03, 0xd2, 0x05, 0x00,
 0x01, 0x00, 0xd4, 0x05, 0x00, 0x00, 0x00, 0x10,
 0x00, 0x01, 0x00, 0x08, 0xd0, 0x0b, 0xd7, 0x4b,
 0x31, 0x01, 0x00, 0x00, 0x07, 0x4b, 0x72, 0x00,
 0x00, 0x00, 0xcf, 0xcc, 0xef, 0xba, 0xa7, 0xf0,
 0x0f, 0xcc, 0x40, 0x68, 0x01, 0x00, 0x00, 0xcb,
 0x42, 0x72, 0x00, 0x00, 0x00, 0xf2, 0x08, 0xcc,
 0xcb, 0x42, 0x67, 0x01, 0x00, 0x00, 0xcc, 0xcb,
 0x42, 0x68, 0x01, 0x00, 0x00, 0xcc, 0x41, 0x33,
 0x00, 0x00, 0x00, 0x8e, 0x42, 0x33, 0x00, 0x00,
 0x00, 0x29, 0xa6, 0x04, 0xae, 0x01, 0x10, 0x12,
 0x13, 0x06, 0x50, 0x14, 0x16, 0x06, 0x20, 0x22,
 0x2b, 0x41, 0x07, 0x18, 0x21, 0x21, 0x07, 0x18,
 0x21, 0x17, 0x00, 0x0c, 0x43, 0x0a, 0x01, 0xf6,
 0x04, 0x01, 0x02, 0x01, 0x02, 0x00, 0x00, 0x00,
 0x36, 0x03, 0xd2, 0x05, 0x00, 0x01, 0x00, 0xd4,
 0x05, 0x00, 0x00, 0x00, 0x10, 0x00, 0x01, 0x00,
 0x08, 0xd0, 0x0b, 0xd7, 0x4b, 0x31, 0x01, 0x00,
 0x00, 0xcc, 0x40, 0x67, 0x01, 0x00, 0x00, 0x4b,
 0x72, 0x00, 0x00, 0x00, 0xcf, 0xcc, 0xef, 0xba,
 0xad, 0xf0, 0x08, 0xcc, 0xcb, 0x42, 0x68, 0x01,
 0x00, 0x00, 0xcc, 0xcb, 0x42, 0x67, 0x01, 0x00,
 0x00, 0xcc, 0x41, 0x33, 0x00, 0x00, 0x00, 0x8e,
 0x42, 0x33, 0x00, 0x00, 0x00, 0x29, 0xa6, 0x04,
 0xba, 0x01, 0x10, 0x0e, 0x13, 0x06, 0x69, 0x18,
 0x16, 0x06, 0x07, 0x18, 0x21, 0x45, 0x07, 0x18,
 0x21, 0x17, 0x00, 0x0c, 0x43, 0x0a, 0x01, 0xd6,
 0x05, 0x00, 0x02, 0x00, 0x04, 0x00, 0x00, 0x00,
 0x4a, 0x02, 0xd8, 0x05, 0x00, 0x00, 0x00, 0x10,
 0x00, 0x01, 0x00, 0x08, 0xd0, 0xcc, 0xef, 0xba,
 0xad, 0xf0, 0x02, 0x29, 0xcc, 0x40, 0x67, 0x01,
 0x00, 0x00, 0x40, 0x31, 0x01, 0x00, 0x00, 0xcf,
 0xcc, 0xef, 0xbb, 0xad, 0xf0, 0x11, 0xcc, 0xcc,
 0x07, 0x15, 0x42, 0x68, 0x01, 0x00, 0x00, 0x42,
 0x67, 0x01, 0x00, 0x00, 0xf2, 0x12, 0xcc, 0xcc,
 0x40, 0x67, 0x01, 0x00, 0x00, 0x40, 0x72, 0x00,
 0x00, 0x00, 0x42, 0x67, 0x01, 0x00, 0x00, 0xcc,
 0x41, 0x33, 0x00, 0x00, 0x00, 0x8d, 0x42, 0x33,
 0x00, 0x00, 0x00, 0xcb, 0x28, 0xa6, 0x04, 0xc5,
 0x01, 0x10, 0x0c, 0x17, 0x1e, 0x63, 0x00, 0x16,
 0x06, 0x53, 0x23, 0x58, 0x09, 0x3f, 0x0e, 0x00,
 0x0c, 0x43, 0x0a, 0x01, 0xda, 0x05, 0x00, 0x01,
 0x00, 0x04, 0x00, 0x00, 0x00, 0x18, 0x01, 0x10,
 0x00, 0x01, 0x00, 0x08, 0xcf, 0xcb, 0xcb, 0x07,
 0x15, 0x42, 0x68, 0x01, 0x00, 0x00, 0x42, 0x67,
 0x01, 0x00, 0x00, 0xcb, 0xba, 0x42, 0x33, 0x00,
 0x00, 0x00, 0x29, 0xa6, 0x04, 0xcf, 0x01, 0x10,
 0x04, 0x0d, 0x09, 0x49, 0x00, 0x00, 0x0c, 0x43,
 0x0a, 0x01, 0xc6, 0x01, 0x01, 0x03, 0x01, 0x03,
 0x00, 0x00, 0x00, 0x32, 0x04, 0xdc, 0x05, 0x00,
 0x01, 0x00, 0xde, 0x05, 0x00, 0x00, 0x00, 0xd8,
 0x05, 0x00, 0x01, 0x00, 0x10, 0x00, 0x01, 0x00,
 0x08, 0xd1, 0xcd, 0xef, 0xba, 0xad, 0xf0, 0x03,
 0xc6, 0x28, 0xcd, 0x40, 0x67, 0x01, 0x00, 0x00,
 0xcf, 0xc6, 0xcb, 0x40, 0x31, 0x01, 0x00, 0x00,
 0x9c, 0xd0, 0xcb, 0x40, 0x72, 0x00, 0x00, 0x00,
 0xd3, 0xf0, 0x0e, 0xcc, 0xd7, 0xcb, 0x40, 0x31,
 0x01, 0x00, 0x00, 0x9c, 0x9c, 0xd0, 0xf2, 0xeb,
 0xcc, 0x28, 0xa6, 0x04, 0xd5, 0x01, 0x10, 0x0e,
 0x17, 0x1e, 0x4a, 0x09, 0x2b, 0x07, 0x2f, 0x10,
 0x07, 0x0e, 0x07, 0x08, 0x3a, 0x2d, 0x00, 0x0c,
 0x43, 0x0a, 0x01, 0xc8, 0x01, 0x01, 0x04, 0x01,
 0x04, 0x00, 0x02, 0x00, 0x4b, 0x05, 0xe0, 0x05,
 0x00, 0x01, 0x00, 0xd8, 0x05, 0x00, 0x00, 0x00,
 0xde, 0x05, 0x00, 0x01, 0x00, 0xa2, 0x05, 0x00,
 0x02, 0x00, 0x10, 0x00, 0x01, 0x00, 0x8c, 0x05,
 0x01, 0x02, 0x94, 0x05, 0x02, 0x02, 0x08, 0xd2,
 0xce, 0xef, 0xba, 0xad, 0xf0, 0x0b, 0xe3, 0x41,
 0x71, 0x01, 0x00, 0x00, 0xba, 0x25, 0x01, 0x00,
 0xe3, 0x41, 0x72, 0x01, 0x00, 0x00, 0xd7, 0xba,
 0xa0, 0x24, 0x01, 0x00, 0xcf, 0xce, 0x40, 0x67,
 0x01, 0x00, 0x00, 0xd0, 0xba, 0xd1, 0xcc, 0xf0,
 0x1f, 0xe4, 0xcc, 0x40, 0x31, 0x01, 0x00, 0x00,
 0xcb, 0xcd, 0xf7, 0x0e, 0xcd, 0xcc, 0x40, 0x31,
 0x01, 0x00, 0x00, 0xef, 0x9c, 0xd1, 0xcc, 0x40,
 0x72, 0x00, 0x00, 0x00, 0xd0, 0xf2, 0xe0, 0xcb,
 0x28, 0xa6, 0x04, 0xde, 0x01, 0x10, 0x1e, 0x17,
 0x1e, 0x16, 0x14, 0x20, 0x10, 0x17, 0x37, 0x20,
 0x28, 0x07, 0x0c, 0x50, 0x39, 0x12, 0x09, 0x07,
 0x16, 0x20, 0x10, 0x07, 0x0a, 0x12, 0x2f, 0x07,
 0x0a, 0x30, 0x01, 0x31, 0x02, 0x00, 0x0c, 0x43,
 0x0a, 0x01, 0xe6, 0x05, 0x02, 0x02, 0x02, 0x04,
 0x00, 0x00, 0x00, 0x81, 0x01, 0x04, 0xe0, 0x05,
 0x00, 0x01, 0x00, 0xe8, 0x05, 0x00, 0x01, 0x00,
 0xd8, 0x05, 0x00, 0x00, 0x00, 0x10, 0x00, 0x01,
 0x00, 0x08, 0xd0, 0xd7, 0xcc, 0x40, 0x67, 0x01,
 0x00, 0x00, 0x40, 0x31, 0x01, 0x00, 0x00, 0xef,
 0xa5, 0xf0, 0x38, 0xcc, 0x40, 0x67, 0x01, 0x00,
 0x00, 0x40, 0x31, 0x01, 0x00, 0x00, 0x41, 0x75,
 0x01, 0x00, 0x00, 0xba, 0xd7, 0x24, 0x02, 0x00,
 0xcf, 0xcc, 0x40, 0x67, 0x01, 0x00, 0x00, 0xcc,
 0x40, 0x67, 0x01, 0x00, 0x00, 0x40, 0x31, 0x01,
 0x00, 0x00, 0x41, 0x75, 0x01, 0x00, 0x00, 0xd7,
 0x24, 0x01, 0x00, 0x42, 0x31, 0x01, 0x00, 0x00,
 0xf2, 0x37, 0xd7, 0xcc, 0x40, 0x67, 0x01, 0x00,
 0x00, 0x40, 0x31, 0x01, 0x00, 0x00, 0xef, 0xad,
 0xf0, 0x0d, 0xcc, 0x41, 0x6b, 0x01, 0x00, 0x00,
 0x24, 0x00, 0x00, 0xcf, 0xf2, 0x1b, 0xd8, 0xf0,
 0x0d, 0xcc, 0x41, 0x76, 0x01, 0x00, 0x00, 0xd7,
 0x24, 0x01, 0x00, 0xf2, 0x0b, 0xcc, 0x41, 0x77,
 0x01, 0x00, 0x00, 0xd7, 0x24, 0x01, 0x00, 0xcf,
 0xcb, 0x28, 0xa6, 0x04, 0xed, 0x01, 0x10, 0x1e,
 0x0e, 0x01, 0x07, 0x08, 0x4e, 0x0b, 0x52, 0x2a,
 0x07, 0x12, 0x1c, 0x3b, 0x70, 0x4c, 0x3a, 0x39,
 0x07, 0x0c, 0x4e, 0x1d, 0x20, 0x16, 0x22, 0x09,
 0x2f, 0x3a, 0x3e, 0x2a, 0x1d, 0x65, 0x00, 0x0c,
 0x43, 0x0a, 0x01, 0xf0, 0x05, 0x00, 0x01, 0x00,
 0x01, 0x00, 0x00, 0x00, 0x0e, 0x01, 0x10, 0x00,
 0x01, 0x00, 0x08, 0xcf, 0xcb, 0x40, 0x67, 0x01,
 0x00, 0x00, 0x40, 0x31, 0x01, 0x00, 0x00, 0x28,
 0xa6, 0x04, 0xfb, 0x01, 0x10, 0x00, 0x00, 0x0c,
 0x43, 0x0a, 0x01, 0xec, 0x05, 0x01, 0x06, 0x01,
 0x05, 0x00, 0x00, 0x00, 0xbc, 0x01, 0x07, 0xe0,
 0x05, 0x00, 0x01, 0x00, 0xde, 0x05, 0x00, 0x00,
 0x00, 0xf2, 0x05, 0x00, 0x01, 0x00, 0xd8, 0x05,
 0x00, 0x02, 0x00, 0xf4, 0x05, 0x00, 0x03, 0x00,
 0xf6, 0x05, 0x00, 0x04, 0x00, 0x10, 0x00, 0x01,
 0x00, 0x08, 0xc8, 0x05, 0xc7, 0x05, 0x40, 0x67,
 0x01, 0x00, 0x00, 0xcf, 0xbb, 0xd0, 0xcb, 0x40,
 0x31, 0x01, 0x00, 0x00, 0xd1, 0xd7, 0xcd, 0xef,
 0x9d, 0xdb, 0xcb, 0x40, 0x72, 0x00, 0x00, 0x00,
 0xd3, 0x68, 0x8b, 0x00, 0x00, 0x00, 0xcb, 0x40,
 0x31, 0x01, 0x00, 0x00, 0xd2, 0xd7, 0xce, 0xef,
 0xa7, 0xf0, 0x05, 0xce, 0xef, 0xf2, 0x02, 0xd7,
 0xc9, 0x04, 0xce, 0xef, 0xad, 0xf0, 0x06, 0xce,
 0x93, 0x02, 0xf2, 0x0f, 0xcd, 0xce, 0x41, 0x75,
 0x01, 0x00, 0x00, 0xba, 0xd7, 0x24, 0x02, 0x00,
 0x9c, 0xd1, 0xd7, 0xc7, 0x04, 0x9d, 0xdf, 0xba,
 0xad, 0xf0, 0x4e, 0xc7, 0x04, 0xce, 0xef, 0xad,
 0xf0, 0x2c, 0x92, 0x01, 0xcb, 0x40, 0x72, 0x00,
 0x00, 0x00, 0xf0, 0x10, 0xc7, 0x05, 0xcb, 0x40,
 0x72, 0x00, 0x00, 0x00, 0x42, 0x67, 0x01, 0x00,
 0x00, 0xf2, 0x33, 0xc7, 0x05, 0xc7, 0x05, 0x07,
 0x15, 0x42, 0x68, 0x01, 0x00, 0x00, 0x42, 0x67,
 0x01, 0x00, 0x00, 0xf2, 0x21, 0xc7, 0x05, 0xcb,
 0x42, 0x67, 0x01, 0x00, 0x00, 0xcb, 0xce, 0x41,
 0x75, 0x01, 0x00, 0x00, 0xc7, 0x04, 0x24, 0x01,
 0x00, 0x42, 0x31, 0x01, 0x00, 0x00, 0xf2, 0x06,
 0x92, 0x01, 0xf3, 0x6f, 0xff, 0xc7, 0x05, 0x41,
 0x33, 0x00, 0x00, 0x00, 0xcc, 0x9d, 0x42, 0x33,
 0x00, 0x00, 0x00, 0xcd, 0x28, 0xa6, 0x04, 0x81,
 0x02, 0x10, 0x48, 0x46, 0x0a, 0x26, 0x13, 0x07,
 0x0a, 0x17, 0x0c, 0x3f, 0x02, 0x26, 0x01, 0x07,
 0x08, 0x1b, 0x1a, 0x16, 0x1a, 0x08, 0x45, 0x0c,
 0x0e, 0x1b, 0x26, 0x1c, 0x31, 0x07, 0x0e, 0x20,
 0x08, 0x07, 0x12, 0x21, 0x31, 0x07, 0x0a, 0x17,
 0x0a, 0x17, 0x07, 0x0c, 0x0e, 0x1c, 0x0d, 0x0d,
 0x04, 0x2a, 0x10, 0x0c, 0x18, 0x44, 0x25, 0x5e,
 0x09, 0x0c, 0x18, 0x21, 0x17, 0x07, 0x12, 0x20,
 0x14, 0x00, 0x0c, 0x08, 0x29, 0x1d, 0x07, 0x25,
 0x1e, 0x26, 0x0f, 0x00, 0x0c, 0x43, 0x0a, 0x01,
 0xee, 0x05, 0x01, 0x06, 0x01, 0x06, 0x00, 0x01,
 0x00, 0xcf, 0x01, 0x07, 0xe0, 0x05, 0x00, 0x01,
 0x00, 0xd8, 0x05, 0x00, 0x00, 0x00, 0xde, 0x05,
 0x00, 0x01, 0x00, 0xf2, 0x05, 0x00, 0x02, 0x00,
 0xf8, 0x05, 0x00, 0x03, 0x00, 0xf6, 0x05, 0x00,
 0x04, 0x00, 0x10, 0x00, 0x01, 0x00, 0x8c, 0x05,
 0x01, 0x02, 0x08, 0xc8, 0x05, 0xe3, 0x41, 0x72,
 0x01, 0x00, 0x00, 0xd7, 0x24, 0x01, 0x00, 0xcf,
 0xc7, 0x05, 0x40, 0x67, 0x01, 0x00, 0x00, 0xd0,
 0xbb, 0xd1, 0xcc, 0x40, 0x31, 0x01, 0x00, 0x00,
 0x41, 0x65, 0x01, 0x00, 0x00, 0xcb, 0x24, 0x01,
 0x00, 0x0e, 0xd7, 0xcc, 0x40, 0x31, 0x01, 0x00,
 0x00, 0xef, 0x9d, 0xdb, 0xcc, 0x40, 0x72, 0x00,
 0x00, 0x00, 0xd4, 0x68, 0x85, 0x00, 0x00, 0x00,
 0xcc, 0x40, 0x31, 0x01, 0x00, 0x00, 0xd2, 0xd7,
 0xce, 0xef, 0xa7, 0xf0, 0x05, 0xce, 0xef, 0xf2,
 0x02, 0xd7, 0xc8, 0x04, 0xce, 0x41, 0x65, 0x01,
 0x00, 0x00, 0xcb, 0xcb, 0xef, 0xd7, 0x9d, 0xba,
 0xc7, 0x04, 0x24, 0x04, 0x00, 0x0e, 0xd7, 0xc7,
 0x04, 0x9d, 0xdf, 0xba, 0xad, 0xf0, 0x4e, 0xc7,
 0x04, 0xce, 0xef, 0xad, 0xf0, 0x2c, 0x92, 0x02,
 0xcc, 0x40, 0x72, 0x00, 0x00, 0x00, 0xf0, 0x10,
 0xc7, 0x05, 0xcc, 0x40, 0x72, 0x00, 0x00, 0x00,
 0x42, 0x67, 0x01, 0x00, 0x00, 0xf2, 0x33, 0xc7,
 0x05, 0xc7, 0x05, 0x07, 0x15, 0x42, 0x68, 0x01,
 0x00, 0x00, 0x42, 0x67, 0x01, 0x00, 0x00, 0xf2,
 0x21, 0xc7, 0x05, 0xcc, 0x42, 0x67, 0x01, 0x00,
 0x00, 0xcc, 0xce, 0x41, 0x75, 0x01, 0x00, 0x00,
 0xc7, 0x04, 0x24, 0x01, 0x00, 0x42, 0x31, 0x01,
 0x00, 0x00, 0xf2, 0x06, 0x92, 0x02, 0xf3, 0x75,
 0xff, 0xc7, 0x05, 0x41, 0x33, 0x00, 0x00, 0x00,
 0xcd, 0x9d, 0x42, 0x33, 0x00, 0x00, 0x00, 0xcb,
 0x28, 0xa6, 0x04, 0x9f, 0x02, 0x10, 0x4a, 0x12,
 0x0a, 0x20, 0x28, 0x50, 0x3b, 0x39, 0x18, 0x1c,
 0x17, 0x07, 0x0a, 0x30, 0x0c, 0x3f, 0x02, 0x26,
 0x01, 0x07, 0x08, 0x1b, 0x1a, 0x16, 0x1a, 0x12,
 0x4d, 0x20, 0x12, 0x07, 0x0a, 0x0c, 0x1a, 0x11,
 0x0c, 0x21, 0x41, 0x07, 0x0a, 0x17, 0x0a, 0x17,
 0x07, 0x0c, 0x0e, 0x1c, 0x0d, 0x0d, 0x04, 0x2a,
 0x10, 0x0c, 0x18, 0x44, 0x25, 0x5e, 0x09, 0x0c,
 0x18, 0x21, 0x17, 0x07, 0x12, 0x20, 0x14, 0x00,
 0x0c, 0x08, 0x29, 0x1d, 0x07, 0x25, 0x1e, 0x26,
 0x0f, 0x00, 0x0c, 0x43, 0x0a, 0x01, 0x88, 0x01,
 0x02, 0x01, 0x02, 0x07, 0x00, 0x02, 0x00, 0x1b,
 0x03, 0xfa, 0x05, 0x00, 0x01, 0x00, 0xbc, 0x04,
 0x00, 0x01, 0x00, 0x10, 0x00, 0x01, 0x00, 0x90,
 0x05, 0x03, 0x02, 0xfc, 0x04, 0x04, 0x02, 0x08,
 0xcf, 0xe3, 0xcb, 0xe4, 0xe4, 0x0b, 0xd8, 0xf6,
 0x0b, 0x0b, 0xba, 0x4b, 0x7e, 0x01, 0x00, 0x00,
 0x09, 0x4b, 0x7f, 0x01, 0x00, 0x00, 0xf7, 0x23,
 0x02, 0x00, 0xa6, 0x04, 0xbd, 0x02, 0x10, 0x0a,
 0x0d, 0x04, 0x07, 0x10, 0x07, 0x0c, 0x07, 0x1c,
 0x0c, 0x24, 0x00, 0xc5, 0x00, 0xcf, 0x5d, 0x05,
 0x00, 0xcb, 0x0b, 0x04, 0x50, 0x01, 0x00, 0x00,
 0x4b, 0x52, 0x01, 0x00, 0x00, 0xc5, 0x01, 0x4b,
 0x44, 0x00, 0x00, 0x00, 0x0b, 0x04, 0x3b, 0x01,
 0x00, 0x00, 0x4b, 0x52, 0x01, 0x00, 0x00, 0xc5,
 0x02, 0x4b, 0x44, 0x00, 0x00, 0x00, 0x0b, 0x04,
 0x6b, 0x01, 0x00, 0x00, 0x4b, 0x52, 0x01, 0x00,
 0x00, 0xc5, 0x03, 0x4b, 0x44, 0x00, 0x00, 0x00,
 0x0b, 0x04, 0x6d, 0x01, 0x00, 0x00, 0x4b, 0x52,
 0x01, 0x00, 0x00, 0xc5, 0x04, 0x4b, 0x44, 0x00,
 0x00, 0x00, 0x0b, 0x04, 0x63, 0x00, 0x00, 0x00,
 0x4b, 0x52, 0x01, 0x00, 0x00, 0xc5, 0x05, 0x4b,
 0x44, 0x00, 0x00, 0x00, 0x0b, 0x04, 0x64, 0x00,
 0x00, 0x00, 0x4b, 0x52, 0x01, 0x00, 0x00, 0xc5,
 0x06, 0x4b, 0x44, 0x00, 0x00, 0x00, 0x0b, 0x04,
 0x73, 0x01, 0x00, 0x00, 0x4b, 0x52, 0x01, 0x00,
 0x00, 0xc5, 0x07, 0x4b, 0x44, 0x00, 0x00, 0x00,
 0x0b, 0x04, 0x78, 0x01, 0x00, 0x00, 0x4b, 0x52,
 0x01, 0x00, 0x00, 0xc5, 0x08, 0x4b, 0x44, 0x00,
 0x00, 0x00, 0x0b, 0x04, 0x76, 0x01, 0x00, 0x00,
 0x4b, 0x52, 0x01, 0x00, 0x00, 0xc5, 0x09, 0x4b,
 0x44, 0x00, 0x00, 0x00, 0x0b, 0x04, 0x77, 0x01,
 0x00, 0x00, 0x4b, 0x52, 0x01, 0x00, 0x00, 0xc5,
 0x0a, 0x4b, 0x44, 0x00, 0x00, 0x00, 0x0b, 0x5d,
 0x06, 0x00, 0x4b, 0x52, 0x01, 0x00, 0x00, 0xc5,
 0x0b, 0x4b, 0x44, 0x00, 0x00, 0x00, 0x26, 0x0b,
 0x00, 0xf6, 0x0e, 0xcb, 0x28, 0xa6, 0x04, 0xa5,
 0x01, 0x28, 0x10, 0x00, 0x03, 0x0e, 0x41, 0x11,
 0x1a, 0x00, 0xb6, 0x01, 0xa0, 0x02, 0x0b, 0x00,
 0x14, 0x14, 0x00, 0x00, 0xc5, 0x00, 0xcf, 0xc5,
 0x01, 0xd0, 0xc5, 0x02, 0xd1, 0xc5, 0x03, 0xd2,
 0xc5, 0x04, 0xc8, 0x04, 0xc5, 0x05, 0xc8, 0x05,
 0xc5, 0x06, 0xc8, 0x06, 0xc5, 0x07, 0xc8, 0x07,
 0xc5, 0x08, 0xc8, 0x0d, 0xe3, 0x04, 0x80, 0x01,
 0x00, 0x00, 0xf5, 0xc9, 0x08, 0x40, 0x81, 0x01,
 0x00, 0x00, 0xc8, 0x09, 0xe3, 0x04, 0x82, 0x01,
 0x00, 0x00, 0xf5, 0xc9, 0x0a, 0x40, 0x48, 0x01,
 0x00, 0x00, 0xc9, 0x0b, 0x11, 0xf0, 0x09, 0x0e,
 0xc7, 0x0b, 0x40, 0x49, 0x01, 0x00, 0x00, 0x11,
 0xf1, 0x07, 0x0e, 0x04, 0x48, 0x01, 0x00, 0x00,
 0xc8, 0x0c, 0xd8, 0xc5, 0x09, 0xf4, 0x42, 0xf2,
 0x00, 0x00, 0x00, 0x29, 0xa6, 0x04, 0x5b, 0x03,
 0x18, 0x00, 0x20, 0x84, 0x01, 0x22, 0x26, 0x01,
 0x30, 0x04, 0x26, 0x03, 0x26, 0x01, 0x20, 0x16,
 0x00, 0x12, 0x08, 0x2f, 0x00, 0x03, 0xc4, 0x02,
 0x00, 0x00, 0x0c, 0x42, 0x0b, 0x01, 0x00, 0x02,
 0x06, 0x02, 0x03, 0x03, 0x00, 0x06, 0x2f, 0x08,
 0xa8, 0x04, 0x00, 0x01, 0x00, 0xaa, 0x04, 0x00,
 0x01, 0x00, 0xd8, 0x04, 0x00, 0x00, 0x00, 0x86,
 0x06, 0x00, 0x01, 0x40, 0x00, 0x88, 0x06, 0x00,
 0x02, 0x40, 0x01, 0x8a, 0x06, 0x00, 0x03, 0x00,
 0x8c, 0x06, 0x00, 0x04, 0x40, 0x02, 0x8e, 0x06,
 0x00, 0x05, 0x00, 0x0c, 0x43, 0x0a, 0x01, 0xd8,
 0x04, 0x02, 0x04, 0x02, 0x05, 0x02, 0x03, 0x01,
 0xc9, 0x01, 0x06, 0x90, 0x06, 0x00, 0x01, 0x00,
 0xa0, 0x04, 0x00, 0x01, 0x40, 0x00, 0x92, 0x06,
 0x00, 0x00, 0x40, 0x01, 0x94, 0x06, 0x00, 0x01,
 0x00, 0x96, 0x06, 0x00, 0x02, 0x00, 0x10, 0x00,
 0x01, 0x00, 0x86, 0x06, 0x01, 0x00, 0x88, 0x06,
 0x02, 0x00, 0x8c, 0x06, 0x04, 0x00, 0x0c, 0x43,
 0x0a, 0x01, 0x00, 0x01, 0x00, 0x01, 0x05, 0x00,
 0x04, 0x00, 0x88, 0x01, 0x01, 0x98, 0x06, 0x00,
 0x01, 0x00, 0xa0, 0x04, 0x01, 0x01, 0x92, 0x06,
 0x00, 0x00, 0x86, 0x06, 0x00, 0x02, 0x88, 0x06,
 0x01, 0x02, 0xe3, 0x95, 0xf0, 0x5c, 0xd7, 0xf0,
 0x59, 0xe4, 0x40, 0x8d, 0x01, 0x00, 0x00, 0x95,
 0xf0, 0x13, 0x38, 0x8e, 0x01, 0x00, 0x00, 0x41,
 0x8f, 0x01, 0x00, 0x00, 0xe5, 0xe4, 0xd7, 0x24,
 0x03, 0x00, 0x0e, 0x29, 0xe4, 0x40, 0x8d, 0x01,
 0x00, 0x00, 0x40, 0x90, 0x01, 0x00, 0x00, 0x95,
 0xf0, 0x1f, 0xe4, 0x40, 0x8d, 0x01, 0x00, 0x00,
 0x0a, 0x42, 0x90, 0x01, 0x00, 0x00, 0x38, 0x8e,
 0x01, 0x00, 0x00, 0x41, 0x8f, 0x01, 0x00, 0x00,
 0xe5, 0xe4, 0xd7, 0x24, 0x03, 0x00, 0x0e, 0x29,
 0x38, 0x8e, 0x01, 0x00, 0x00, 0x41, 0x8f, 0x01,
 0x00, 0x00, 0xe6, 0xe4, 0x24, 0x02, 0x00, 0x0e,
 0x29, 0xe3, 0xf0, 0x16, 0x38, 0x8e, 0x01, 0x00,
 0x00, 0x41, 0x8f, 0x01, 0x00, 0x00, 0xe6, 0xe4,
 0x24, 0x02, 0x00, 0x0e, 0xe3, 0xd7, 0xf5, 0x0e,
 0x29, 0x38, 0x8e, 0x01, 0x00, 0x00, 0x41, 0x8f,
 0x01, 0x00, 0x00, 0xe6, 0xe4, 0x24, 0x02, 0x00,
 0x0e, 0x29, 0xa6, 0x04, 0xe6, 0x02, 0x22, 0x32,
 0x03, 0x27, 0x16, 0x0c, 0x12, 0x07, 0x30, 0x05,
 0x34, 0x22, 0x07, 0x2a, 0x07, 0x0e, 0x21, 0x45,
 0x49, 0x13, 0x3f, 0x00, 0x34, 0x22, 0x07, 0x2a,
 0x07, 0x0e, 0x22, 0x59, 0x34, 0x22, 0x07, 0x1a,
 0x22, 0x2d, 0x12, 0x11, 0x34, 0x22, 0x07, 0x1a,
 0x1c, 0x3b, 0x07, 0x06, 0x18, 0x05, 0x34, 0x22,
 0x07, 0x1a, 0x00, 0x08, 0xd2, 0xce, 0xcf, 0xce,
 0x40, 0x91, 0x01, 0x00, 0x00, 0x11, 0xf0, 0x0d,
 0x0e, 0xce, 0x40, 0x91, 0x01, 0x00, 0x00, 0x40,
 0x92, 0x01, 0x00, 0x00, 0xd0, 0xce, 0x40, 0x8d,
 0x01, 0x00, 0x00, 0x11, 0xf0, 0x0d, 0x0e, 0xce,
 0x40, 0x8d, 0x01, 0x00, 0x00, 0x40, 0x92, 0x01,
 0x00, 0x00, 0xd1, 0xcc, 0x11, 0xf1, 0x03, 0x0e,
 0xcd, 0xf0, 0x56, 0xd8, 0xf0, 0x07, 0xd8, 0xd7,
 0xf5, 0x0e, 0xf2, 0x4b, 0xd7, 0xf0, 0x48, 0xce,
 0x40, 0x8d, 0x01, 0x00, 0x00, 0x95, 0xf0, 0x14,
 0x38, 0x8e, 0x01, 0x00, 0x00, 0x41, 0x8f, 0x01,
 0x00, 0x00, 0xe5, 0xce, 0xd7, 0x24, 0x03, 0x00,
 0x0e, 0xf2, 0x2c, 0xce, 0x40, 0x8d, 0x01, 0x00,
 0x00, 0x40, 0x90, 0x01, 0x00, 0x00, 0x95, 0xf0,
 0x1e, 0xce, 0x40, 0x8d, 0x01, 0x00, 0x00, 0x0a,
 0x42, 0x90, 0x01, 0x00, 0x00, 0x38, 0x8e, 0x01,
 0x00, 0x00, 0x41, 0x8f, 0x01, 0x00, 0x00, 0xe5,
 0xce, 0xd7, 0x24, 0x03, 0x00, 0x0e, 0xce, 0x28,
 0xce, 0x40, 0x91, 0x01, 0x00, 0x00, 0xf0, 0x0d,
 0xce, 0x40, 0x91, 0x01, 0x00, 0x00, 0x0a, 0x42,
 0x92, 0x01, 0x00, 0x00, 0xce, 0x40, 0x8d, 0x01,
 0x00, 0x00, 0xf0, 0x0d, 0xce, 0x40, 0x8d, 0x01,
 0x00, 0x00, 0x0a, 0x42, 0x92, 0x01, 0x00, 0x00,
 0xce, 0x41, 0x93, 0x01, 0x00, 0x00, 0xd7, 0x11,
 0xf1, 0x03, 0x0e, 0x07, 0xc5, 0x00, 0x24, 0x02,
 0x00, 0x0e, 0xce, 0x28, 0xa6, 0x04, 0xcf, 0x02,
 0x05, 0x26, 0x00, 0x30, 0x08, 0x0c, 0x1b, 0x2a,
 0x12, 0x25, 0x12, 0x03, 0x07, 0x06, 0x1c, 0x0c,
 0x40, 0x0d, 0x34, 0x22, 0x0c, 0x26, 0x6d, 0x47,
 0x3f, 0x00, 0x34, 0x22, 0x0c, 0x26, 0x00, 0x0f,
 0x0c, 0x4f, 0x69, 0x00, 0x40, 0x03, 0x20, 0x1c,
 0x00, 0x0c, 0x43, 0x0a, 0x01, 0x86, 0x06, 0x02,
 0x00, 0x02, 0x03, 0x00, 0x02, 0x00, 0x09, 0x02,
 0xa8, 0x06, 0x00, 0x01, 0x00, 0x90, 0x06, 0x00,
 0x01, 0x00, 0x8c, 0x06, 0x04, 0x00, 0x88, 0x06,
 0x02, 0x00, 0xe3, 0xd7, 0xd8, 0xf6, 0x0e, 0xe4,
 0xd7, 0xf5, 0x29, 0xa6, 0x04, 0xf9, 0x02, 0x05,
 0x0a, 0x03, 0x04, 0x07, 0x18, 0x07, 0x0e, 0x12,
 0x25, 0x07, 0x18, 0x00, 0x0c, 0x43, 0x0a, 0x01,
 0x88, 0x06, 0x01, 0x00, 0x01, 0x03, 0x00, 0x00,
 0x00, 0x3d, 0x01, 0xa8, 0x06, 0x00, 0x01, 0x00,
 0xd7, 0x40, 0x8d, 0x01, 0x00, 0x00, 0xf0, 0x10,
 0xd7, 0x40, 0x8d, 0x01, 0x00, 0x00, 0x40, 0x95,
 0x01, 0x00, 0x00, 0x95, 0xf0, 0x02, 0x29, 0xd7,
 0x40, 0x91, 0x01, 0x00, 0x00, 0xf0, 0x10, 0xd7,
 0x40, 0x91, 0x01, 0x00, 0x00, 0x40, 0x95, 0x01,
 0x00, 0x00, 0x95, 0xf0, 0x02, 0x29, 0xd7, 0x41,
 0x2f, 0x01, 0x00, 0x00, 0x04, 0x33, 0x01, 0x00,
 0x00, 0x24, 0x01, 0x00, 0x29, 0xa6, 0x04, 0xfd,
 0x02, 0x05, 0x0c, 0x03, 0x0c, 0x2a, 0x32, 0x4e,
 0x31, 0x2a, 0x32, 0x4e, 0x39, 0x20, 0x0c, 0x00,
 0x0c, 0x43, 0x0a, 0x01, 0x8a, 0x06, 0x00, 0x01,
 0x00, 0x02, 0x00, 0x00, 0x00, 0x97, 0x01, 0x01,
 0x10, 0x00, 0x01, 0x00, 0x08, 0xcf, 0xcb, 0x40,
 0x91, 0x01, 0x00, 0x00, 0xf0, 0x31, 0xcb, 0x40,
 0x91, 0x01, 0x00, 0x00, 0x09, 0x42, 0x92, 0x01,
 0x00, 0x00, 0xcb, 0x40, 0x91, 0x01, 0x00, 0x00,
 0x09, 0x42, 0x96, 0x01, 0x00, 0x00, 0xcb, 0x40,
 0x91, 0x01, 0x00, 0x00, 0x09, 0x42, 0x97, 0x01,
 0x00, 0x00, 0xcb, 0x40, 0x91, 0x01, 0x00, 0x00,
 0x09, 0x42, 0x98, 0x01, 0x00, 0x00, 0xcb, 0x40,
 0x8d, 0x01, 0x00, 0x00, 0xf0, 0x55, 0xcb, 0x40,
 0x8d, 0x01, 0x00, 0x00, 0x09, 0x42, 0x92, 0x01,
 0x00, 0x00, 0xcb, 0x40, 0x8d, 0x01, 0x00, 0x00,
 0x09, 0x42, 0x97, 0x01, 0x00, 0x00, 0xcb, 0x40,
 0x8d, 0x01, 0x00, 0x00, 0x09, 0x42, 0x99, 0x01,
 0x00, 0x00, 0xcb, 0x40, 0x8d, 0x01, 0x00, 0x00,
 0x09, 0x42, 0x9a, 0x01, 0x00, 0x00, 0xcb, 0x40,
 0x8d, 0x01, 0x00, 0x00, 0x09, 0x42, 0x9b, 0x01,
 0x00, 0x00, 0xcb, 0x40, 0x8d, 0x01, 0x00, 0x00,
 0x09, 0x42, 0x0e, 0x01, 0x00, 0x00, 0xcb, 0x40,
 0x8d, 0x01, 0x00, 0x00, 0x09, 0x42, 0x90, 0x01,
 0x00, 0x00, 0x29, 0xa6, 0x04, 0x82, 0x03, 0x05,
 0x16, 0x36, 0x08, 0x3f, 0x00, 0x3f, 0x00, 0x3f,
 0x00, 0x69, 0x00, 0x3f, 0x00, 0x3f, 0x00, 0x3f,
 0x00, 0x3f, 0x00, 0x3f, 0x00, 0x3f, 0x00, 0x00,
 0x0c, 0x43, 0x0a, 0x01, 0x8c, 0x06, 0x02, 0x00,
 0x02, 0x04, 0x00, 0x00, 0x00, 0x10, 0x02, 0xa8,
 0x06, 0x00, 0x01, 0x00, 0x90, 0x06, 0x00, 0x01,
 0x00, 0xd7, 0x41, 0x2f, 0x01, 0x00, 0x00, 0x04,
 0x37, 0x00, 0x00, 0x00, 0xd8, 0x24, 0x02, 0x00,
 0x29, 0xa6, 0x04, 0x93, 0x03, 0x05, 0x06, 0x03,
 0x04, 0x20, 0x0c, 0x1b, 0x1c, 0x00, 0x0c, 0x43,
 0x0a, 0x01, 0x8e, 0x06, 0x02, 0x02, 0x02, 0x04,
 0x00, 0x00, 0x00, 0x45, 0x04, 0xb8, 0x06, 0x00,
 0x01, 0x00, 0x90, 0x06, 0x00, 0x01, 0x00, 0xba,
 0x06, 0x00, 0x00, 0x00, 0xbc, 0x06, 0x00, 0x01,
 0x00, 0xd7, 0x40, 0x91, 0x01, 0x00, 0x00, 0xcf,
 0xd7, 0x40, 0x8d, 0x01, 0x00, 0x00, 0xd0, 0xcb,
 0x11, 0xf0, 0x08, 0x0e, 0xcb, 0x40, 0x9f, 0x01,
 0x00, 0x00, 0x11, 0xf1, 0x0b, 0x0e, 0xcc, 0xf0,
 0x15, 0xcc, 0x40, 0x9f, 0x01, 0x00, 0x00, 0xf0,
 0x0d, 0xd7, 0x41, 0x2c, 0x01, 0x00, 0x00, 0xd8,
 0x24, 0x01, 0x00, 0x0e, 0x29, 0xd7, 0x41, 0x2f,
 0x01, 0x00, 0x00, 0x04, 0x37, 0x00, 0x00, 0x00,
 0xd8, 0x24, 0x02, 0x00, 0x0e, 0x29, 0xa6, 0x04,
 0x96, 0x03, 0x05, 0x17, 0x03, 0x1e, 0x26, 0x00,
 0x26, 0x11, 0x1b, 0x14, 0x34, 0x2c, 0x11, 0x14,
 0x2a, 0x28, 0x20, 0x1e, 0x21, 0x97, 0x01, 0x20,
 0x0e, 0x1b, 0x1c, 0x00, 0xc5, 0x00, 0xcf, 0xc5,
 0x01, 0xd0, 0xc5, 0x02, 0xd1, 0xc5, 0x03, 0xd2,
 0xc5, 0x04, 0xc8, 0x04, 0xc5, 0x05, 0xc8, 0x05,
 0xd8, 0x0b, 0xcb, 0x4b, 0x2c, 0x01, 0x00, 0x00,
 0xce, 0x4b, 0x85, 0x01, 0x00, 0x00, 0xc7, 0x05,
 0x4b, 0x87, 0x01, 0x00, 0x00, 0x42, 0xf2, 0x00,
 0x00, 0x00, 0x29, 0xa6, 0x04, 0xcd, 0x02, 0x03,
 0x05, 0x00, 0x14, 0x9e, 0x01, 0x04, 0x00, 0x0c,
 0x42, 0x0b, 0x01, 0x00, 0x02, 0x06, 0x02, 0x04,
 0x05, 0x00, 0x0a, 0xc1, 0x01, 0x08, 0xa8, 0x04,
 0x00, 0x01, 0x00, 0xaa, 0x04, 0x00, 0x01, 0x00,
 0xc0, 0x06, 0x00, 0x00, 0x40, 0x00, 0xc2, 0x06,
 0x00, 0x01, 0x00, 0xc4, 0x06, 0x00, 0x02, 0x40,
 0x03, 0xc6, 0x06, 0x00, 0x03, 0x40, 0x01, 0xc8,
 0x06, 0x00, 0x04, 0x40, 0x02, 0xca, 0x06, 0x00,
 0x05, 0x40, 0x04, 0x0c, 0x43, 0x0a, 0x01, 0xc2,
 0x06, 0x03, 0x04, 0x03, 0x03, 0x03, 0x01, 0x02,
 0x5b, 0x07, 0xcc, 0x06, 0x00, 0x01, 0x00, 0x68,
 0x00, 0x01, 0x40, 0x00, 0xce, 0x06, 0x00, 0x01,
 0x00, 0xd0, 0x06, 0x00, 0x00, 0x40, 0x01, 0xd2,
 0x06, 0x04, 0x04, 0x30, 0xfe, 0x01, 0x05, 0x02,
 0x70, 0x02, 0xd2, 0x06, 0x01, 0x00, 0x20, 0xc0,
 0x06, 0x00, 0x00, 0x0c, 0x43, 0x0a, 0x01, 0xd0,
 0x06, 0x03, 0x00, 0x03, 0x04, 0x00, 0x01, 0x00,
 0x13, 0x03, 0xd4, 0x06, 0x00, 0x01, 0x00, 0xd6,
 0x06, 0x00, 0x01, 0x00, 0xd8, 0x06, 0x00, 0x01,
 0x00, 0x68, 0x01, 0x01, 0xe3, 0x96, 0x04, 0x4c,
 0x00, 0x00, 0x00, 0xad, 0xf0, 0x03, 0xe3, 0x28,
 0xe3, 0xd7, 0xd8, 0xd9, 0x23, 0x03, 0x00, 0xa6,
 0x04, 0xad, 0x03, 0x07, 0x0e, 0x03, 0x1a, 0x07,
 0x18, 0x30, 0x1b, 0x0e, 0x00, 0x07, 0x10, 0x07,
 0x0c, 0x07, 0x0c, 0x00, 0x0c, 0xc6, 0x0b, 0x01,
 0x00, 0x03, 0x03, 0x03, 0x06, 0x00, 0x02, 0x00,
 0x2c, 0x06, 0xd4, 0x06, 0x00, 0x01, 0x00, 0xd6,
 0x06, 0x00, 0x01, 0x00, 0xd8, 0x06, 0x00, 0x01,
 0x00, 0xf6, 0x01, 0x00, 0x01, 0x00, 0xf4, 0x01,
 0x00, 0x01, 0x00, 0x10, 0x00, 0x01, 0x20, 0xd0,
 0x06, 0x00, 0x00, 0xfe, 0x01, 0x02, 0x18, 0x0c,
 0x02, 0xcf, 0x0c, 0x03, 0xd0, 0x60, 0x02, 0x00,
 0x2b, 0xcb, 0x35, 0xcc, 0xe3, 0xd7, 0xd8, 0xd9,
 0xf7, 0x21, 0x01, 0x00, 0x11, 0x63, 0x02, 0x00,
 0x64, 0x01, 0x00, 0x11, 0xf0, 0x08, 0x61, 0x02,
 0x00, 0x1b, 0x24, 0x00, 0x00, 0x0e, 0x0e, 0x61,
 0x02, 0x00, 0x28, 0xa6, 0x04, 0xb5, 0x03, 0x09,
 0x0a, 0x35, 0x04, 0x11, 0x0c, 0x07, 0x16, 0x07,
 0x0c, 0x07, 0x0c, 0x00, 0xc5, 0x00, 0xcf, 0x60,
 0x03, 0x00, 0xd9, 0x95, 0xf0, 0x07, 0x38, 0xa0,
 0x00, 0x00, 0x00, 0xdd, 0x60, 0x01, 0x00, 0xd9,
 0x60, 0x02, 0x00, 0xc4, 0x01, 0x55, 0xa9, 0x01,
 0x00, 0x00, 0x01, 0x06, 0xd1, 0x0e, 0xd4, 0x67,
 0x02, 0x00, 0xd2, 0x61, 0x03, 0x00, 0x40, 0x3f,
 0x00, 0x00, 0x00, 0xd9, 0x40, 0x3a, 0x00, 0x00,
 0x00, 0x42, 0x3a, 0x00, 0x00, 0x00, 0x61, 0x03,
 0x00, 0x40, 0x3f, 0x00, 0x00, 0x00, 0xd7, 0x42,
 0xa6, 0x01, 0x00, 0x00, 0xe3, 0xd7, 0x1b, 0x11,
 0xaf, 0xf1, 0x04, 0x1b, 0x71, 0x1b, 0x1b, 0x61,
 0x03, 0x00, 0x1b, 0x71, 0x1b, 0x48, 0x29, 0xa6,
 0x04, 0xa9, 0x03, 0x05, 0x18, 0x21, 0x0e, 0x17,
 0x08, 0x00, 0x09, 0x12, 0x1e, 0x00, 0x14, 0x0a,
 0x2f, 0x2a, 0x36, 0x3a, 0x35, 0x2a, 0x36, 0x21,
 0x35, 0x07, 0x0c, 0x34, 0x10, 0x00, 0x0c, 0x43,
 0x0a, 0x01, 0xc4, 0x06, 0x02, 0x01, 0x02, 0x09,
 0x00, 0x00, 0x01, 0xbe, 0x01, 0x03, 0xda, 0x06,
 0x00, 0x01, 0x00, 0xdc, 0x06, 0x00, 0x01, 0x00,
 0xde, 0x06, 0x03, 0x00, 0x30, 0x0c, 0x42, 0x0a,
 0x01, 0x00, 0x01, 0x00, 0x01, 0x02, 0x00, 0x00,
 0x00, 0x09, 0x01, 0xa2, 0x05, 0x00, 0x01, 0x00,
 0x38, 0xa2, 0x00, 0x00, 0x00, 0xd7, 0x23, 0x01,
 0x00, 0xa6, 0x04, 0xc0, 0x03, 0x1d, 0x04, 0x02,
 0x16, 0x1b, 0x0e, 0x00, 0x38, 0x9f, 0x00, 0x00,
 0x00, 0x41, 0x3c, 0x01, 0x00, 0x00, 0xd7, 0x24,
 0x01, 0x00, 0x68, 0x95, 0x00, 0x00, 0x00, 0x60,
 0x00, 0x00, 0xd7, 0xef, 0xcf, 0xd7, 0x41, 0xb0,
 0x01, 0x00, 0x00, 0xc5, 0x00, 0x24, 0x01, 0x00,
 0xdb, 0x61, 0x00, 0x00, 0xbc, 0xa7, 0xf0, 0x3e,
 0x04, 0xb1, 0x01, 0x00, 0x00, 0x41, 0x64, 0x00,
 0x00, 0x00, 0xd8, 0x04, 0xb2, 0x01, 0x00, 0x00,
 0xd7, 0x41, 0x75, 0x01, 0x00, 0x00, 0xba, 0x61,
 0x00, 0x00, 0xbb, 0x9d, 0x24, 0x02, 0x00, 0x41,
 0x63, 0x00, 0x00, 0x00, 0x04, 0xb3, 0x01, 0x00,
 0x00, 0x24, 0x01, 0x00, 0x04, 0xb4, 0x01, 0x00,
 0x00, 0x24, 0x04, 0x00, 0xd7, 0x61, 0x00, 0x00,
 0xbb, 0x9d, 0x46, 0x9c, 0x28, 0x61, 0x00, 0x00,
 0xbc, 0xad, 0xf0, 0x1f, 0x04, 0xb1, 0x01, 0x00,
 0x00, 0x41, 0x64, 0x00, 0x00, 0x00, 0xd8, 0x04,
 0xb2, 0x01, 0x00, 0x00, 0xd7, 0xba, 0x46, 0x04,
 0xb5, 0x01, 0x00, 0x00, 0xd7, 0xbb, 0x46, 0x25,
 0x05, 0x00, 0x04, 0xb6, 0x01, 0x00, 0x00, 0x41,
 0x64, 0x00, 0x00, 0x00, 0xd8, 0x04, 0xb2, 0x01,
 0x00, 0x00, 0xd7, 0xba, 0x46, 0x25, 0x03, 0x00,
 0x04, 0xb6, 0x01, 0x00, 0x00, 0x41, 0x64, 0x00,
 0x00, 0x00, 0xd8, 0x04, 0xb2, 0x01, 0x00, 0x00,
 0x38, 0xa2, 0x00, 0x00, 0x00, 0xd7, 0xf5, 0x25,
 0x03, 0x00, 0xa6, 0x04, 0xbd, 0x03, 0x05, 0x35,
 0x03, 0x0c, 0x34, 0x1c, 0x3f, 0x07, 0x12, 0x01,
 0x20, 0x12, 0x21, 0x1f, 0x11, 0x0c, 0x49, 0x12,
 0x20, 0x12, 0x20, 0x12, 0x07, 0x12, 0x11, 0x0c,
 0x34, 0x06, 0x52, 0x28, 0x07, 0x12, 0x11, 0x0c,
 0x1c, 0x9d, 0x01, 0x11, 0x10, 0x49, 0x00, 0x20,
 0x12, 0x2a, 0x24, 0x54, 0x3d, 0x20, 0x12, 0x55,
 0x15, 0x20, 0x12, 0x1b, 0x0e, 0x00, 0x0c, 0x43,
 0x0a, 0x01, 0xc6, 0x06, 0x03, 0x00, 0x03, 0x04,
 0x00, 0x00, 0x00, 0x1e, 0x03, 0xf4, 0x05, 0x00,
 0x01, 0x00, 0xee, 0x06, 0x00, 0x01, 0x00, 0xf0,
 0x06, 0x00, 0x01, 0x00, 0xd7, 0x41, 0xb9, 0x01,
 0x00, 0x00, 0xd9, 0x95, 0x11, 0xf1, 0x05, 0x0e,
 0xd9, 0xba, 0xa5, 0xf0, 0x04, 0xba, 0xf2, 0x03,
 0xd9, 0x8c, 0xd8, 0xef, 0x24, 0x02, 0x00, 0xd8,
 0xad, 0x28, 0xa6, 0x04, 0xcc, 0x03, 0x05, 0x0e,
 0x03, 0x12, 0x20, 0x18, 0x20, 0x0e, 0x07, 0x0c,
 0x25, 0x12, 0x0c, 0x0a, 0x1b, 0x26, 0x00, 0x0c,
 0x43, 0x0a, 0x01, 0xc8, 0x06, 0x03, 0x00, 0x03,
 0x04, 0x00, 0x00, 0x00, 0x20, 0x03, 0xf4, 0x05,
 0x00, 0x01, 0x00, 0xee, 0x06, 0x00, 0x01, 0x00,
 0xf4, 0x06, 0x00, 0x01, 0x00, 0xd9, 0xf8, 0x11,
 0xf1, 0x06, 0x0e, 0xd9, 0xd7, 0xef, 0xa7, 0xf0,
 0x04, 0xd7, 0xef, 0xdd, 0xd7, 0x41, 0xbb, 0x01,
 0x00, 0x00, 0xd9, 0xd8, 0xef, 0x9d, 0xd9, 0x24,
 0x02, 0x00, 0xd8, 0xad, 0x28, 0xa6, 0x04, 0xcf,
 0x03, 0x05, 0x14, 0x03, 0x0c, 0x07, 0x1a, 0x1b,
 0x14, 0x07, 0x16, 0x1c, 0x31, 0x13, 0x0b, 0x20,
 0x1c, 0x07, 0x16, 0x11, 0x1e, 0x16, 0x1c, 0x00,
 0x0c, 0x43, 0x0a, 0x01, 0xca, 0x06, 0x03, 0x00,
 0x03, 0x04, 0x00, 0x00, 0x00, 0x25, 0x03, 0xf4,
 0x05, 0x00, 0x01, 0x00, 0xee, 0x06, 0x00, 0x01,
 0x00, 0xf8, 0x06, 0x00, 0x01, 0x00, 0xd9, 0x96,
 0x04, 0x4a, 0x00, 0x00, 0x00, 0xae, 0xf0, 0x03,
 0xba, 0xdd, 0xd9, 0xd8, 0xef, 0x9c, 0xd7, 0xef,
 0xa7, 0xf0, 0x03, 0x09, 0x28, 0xd7, 0x41, 0xbd,
 0x01, 0x00, 0x00, 0xd8, 0xd9, 0x24, 0x02, 0x00,
 0xb9, 0xae, 0x28, 0xa6, 0x04, 0xd5, 0x03, 0x05,
 0x14, 0x03, 0x1a, 0x07, 0x14, 0x30, 0x25, 0x0e,
 0x04, 0x07, 0x10, 0x11, 0x20, 0x28, 0x25, 0x20,
 0x18, 0x07, 0x10, 0x16, 0x16, 0x00, 0x0c, 0x43,
 0x0a, 0x01, 0x00, 0x02, 0x00, 0x02, 0x02, 0x00,
 0x00, 0x00, 0x16, 0x02, 0x74, 0x00, 0x01, 0x00,
 0x88, 0x01, 0x00, 0x01, 0x00, 0x04, 0xbe, 0x01,
 0x00, 0x00, 0xd8, 0x9c, 0x04, 0xbf, 0x01, 0x00,
 0x00, 0x9c, 0xd7, 0x9c, 0x04, 0xc0, 0x01, 0x00,
 0x00, 0x9c, 0x28, 0xa6, 0x04, 0xdf, 0x03, 0x2e,
 0x08, 0x1c, 0x1f, 0x0c, 0x10, 0x20, 0x3c, 0x0c,
 0x0e, 0x00, 0x0c, 0x43, 0x0a, 0x01, 0x00, 0x03,
 0x03, 0x03, 0x0b, 0x00, 0x04, 0x02, 0xde, 0x01,
 0x06, 0x74, 0x00, 0x01, 0x00, 0xda, 0x06, 0x00,
 0x01, 0x00, 0x82, 0x07, 0x00, 0x01, 0x00, 0x84,
 0x07, 0x01, 0x00, 0x20, 0x86, 0x07, 0x01, 0x01,
 0x20, 0x88, 0x07, 0x07, 0x02, 0x30, 0xc6, 0x06,
 0x03, 0x00, 0xc8, 0x06, 0x04, 0x00, 0xc4, 0x06,
 0x02, 0x00, 0xca, 0x06, 0x05, 0x00, 0x07, 0x0a,
 0x5e, 0x6e, 0x6f, 0x74, 0x20, 0x07, 0x4a, 0x00,
 0x00, 0x01, 0x00, 0x1d, 0x00, 0x00, 0x00, 0x0e,
 0x06, 0x00, 0x00, 0x00, 0x06, 0x0d, 0xf5, 0xff,
 0xff, 0xff, 0x13, 0x00, 0x09, 0x01, 0x6e, 0x00,
 0x01, 0x6f, 0x00, 0x01, 0x74, 0x00, 0x01, 0x20,
 0x00, 0x14, 0x00, 0x10, 0x60, 0x01, 0x00, 0x60,
 0x00, 0x00, 0x06, 0xcf, 0xd8, 0x96, 0x04, 0x4c,
 0x00, 0x00, 0x00, 0xad, 0xf0, 0x27, 0xe3, 0xd8,
 0x04, 0xc5, 0x01, 0x00, 0x00, 0xf6, 0xf0, 0x1d,
 0x04, 0xc6, 0x01, 0x00, 0x00, 0x11, 0x62, 0x00,
 0x00, 0x0e, 0xd8, 0x41, 0xc7, 0x01, 0x00, 0x00,
 0xc4, 0x00, 0xc4, 0x01, 0x34, 0xc6, 0x24, 0x02,
 0x00, 0xdc, 0xf2, 0x0b, 0x04, 0xc8, 0x01, 0x00,
 0x00, 0x11, 0x62, 0x00, 0x00, 0x0e, 0x06, 0xd0,
 0xe4, 0xd7, 0x04, 0xc9, 0x01, 0x00, 0x00, 0xf6,
 0xf0, 0x2b, 0x04, 0xca, 0x01, 0x00, 0x00, 0x41,
 0x64, 0x00, 0x00, 0x00, 0xd7, 0x04, 0xb2, 0x01,
 0x00, 0x00, 0x61, 0x00, 0x00, 0x04, 0xb2, 0x01,
 0x00, 0x00, 0xe5, 0xd8, 0x04, 0xc4, 0x01, 0x00,
 0x00, 0xf6, 0x24, 0x05, 0x00, 0x11, 0x62, 0x01,
 0x00, 0x0e, 0xf2, 0x4b, 0x60, 0x02, 0x00, 0xe6,
 0xd7, 0x04, 0xcb, 0x01, 0x00, 0x00, 0xf6, 0xf0,
 0x08, 0x04, 0xcc, 0x01, 0x00, 0x00, 0xf2, 0x06,
 0x04, 0xcd, 0x01, 0x00, 0x00, 0xd1, 0x04, 0xce,
 0x01, 0x00, 0x00, 0x41, 0x64, 0x00, 0x00, 0x00,
 0xd7, 0x04, 0xcf, 0x01, 0x00, 0x00, 0x61, 0x02,
 0x00, 0x04, 0xb2, 0x01, 0x00, 0x00, 0x61, 0x00,
 0x00, 0x04, 0xb2, 0x01, 0x00, 0x00, 0xe5, 0xd8,
 0x04, 0xc4, 0x01, 0x00, 0x00, 0xf6, 0x24, 0x07,
 0x00, 0x11, 0x62, 0x01, 0x00, 0x0e, 0x61, 0x01,
 0x00, 0x04, 0xd0, 0x01, 0x00, 0x00, 0x41, 0x64,
 0x00, 0x00, 0x00, 0xd9, 0x96, 0x24, 0x01, 0x00,
 0x9c, 0x11, 0x62, 0x01, 0x00, 0x0e, 0x61, 0x01,
 0x00, 0x28, 0xa6, 0x04, 0xe2, 0x03, 0x2d, 0x34,
 0x2c, 0x35, 0x07, 0x1a, 0x2f, 0x18, 0x07, 0x16,
 0x30, 0x59, 0x35, 0x16, 0x20, 0x12, 0x40, 0x27,
 0x41, 0x04, 0x07, 0x12, 0x30, 0x15, 0x34, 0x1a,
 0x20, 0x10, 0x2a, 0x1c, 0x07, 0x0c, 0x68, 0x37,
 0x07, 0x12, 0x71, 0x2b, 0x34, 0x1c, 0x20, 0x12,
 0x2a, 0x10, 0x2a, 0x1c, 0x07, 0x0c, 0x4f, 0x69,
 0x43, 0x42, 0x3a, 0x33, 0x00, 0x0c, 0x43, 0x0a,
 0x01, 0x00, 0x01, 0x00, 0x01, 0x02, 0x00, 0x00,
 0x00, 0x0e, 0x01, 0x74, 0x00, 0x01, 0x00, 0x04,
 0xca, 0x01, 0x00, 0x00, 0xd7, 0x9c, 0x04, 0xd1,
 0x01, 0x00, 0x00, 0x9c, 0x28, 0xa6, 0x04, 0xf5,
 0x03, 0x33, 0x04, 0x1c, 0x37, 0x0c, 0x0e, 0x00,
 0x0c, 0x43, 0x0a, 0x01, 0x00, 0x01, 0x00, 0x01,
 0x02, 0x00, 0x00, 0x00, 0x0e, 0x01, 0x74, 0x00,
 0x01, 0x00, 0x04, 0xd2, 0x01, 0x00, 0x00, 0xd7,
 0x9c, 0x04, 0xd3, 0x01, 0x00, 0x00, 0x9c, 0x28,
 0xa6, 0x04, 0xf9, 0x03, 0x2d, 0x04, 0x1c, 0x1b,
 0x0c, 0x0e, 0x00, 0x0c, 0x43, 0x0a, 0x01, 0x00,
 0x01, 0x00, 0x01, 0x02, 0x00, 0x00, 0x00, 0x08,
 0x01, 0xba, 0x05, 0x00, 0x01, 0x00, 0x04, 0xd4,
 0x01, 0x00, 0x00, 0xd7, 0x9c, 0x28, 0xa6, 0x04,
 0x80, 0x04, 0x2d, 0x02, 0x1c, 0x0f, 0x00, 0xc5,
 0x00, 0xd0, 0xc5, 0x01, 0xd1, 0xc5, 0x02, 0xd2,
 0xc5, 0x03, 0xc8, 0x04, 0xc5, 0x04, 0xc8, 0x05,
 0x0b, 0xcf, 0xcc, 0x04, 0xd5, 0x01, 0x00, 0x00,
 0xc5, 0x05, 0x38, 0xda, 0x00, 0x00, 0x00, 0xf7,
 0x0e, 0xcc, 0x04, 0xd6, 0x01, 0x00, 0x00, 0xc5,
 0x06, 0x38, 0xda, 0x00, 0x00, 0x00, 0xf7, 0x0e,
 0xcc, 0x04, 0xd7, 0x01, 0x00, 0x00, 0x04, 0xd8,
 0x01, 0x00, 0x00, 0xf6, 0x0e, 0xcc, 0x04, 0xd9,
 0x01, 0x00, 0x00, 0xc5, 0x07, 0xf6, 0x0e, 0xcc,
 0x04, 0xda, 0x01, 0x00, 0x00, 0x04, 0xdb, 0x01,
 0x00, 0x00, 0xf6, 0x0e, 0xcc, 0x04, 0xdc, 0x01,
 0x00, 0x00, 0xc5, 0x08, 0xf6, 0x0e, 0xcc, 0x04,
 0xdd, 0x01, 0x00, 0x00, 0x04, 0xde, 0x01, 0x00,
 0x00, 0xf6, 0x0e, 0xcc, 0x04, 0xdf, 0x01, 0x00,
 0x00, 0x04, 0xe0, 0x01, 0x00, 0x00, 0xf6, 0x0e,
 0xcc, 0x04, 0xe1, 0x01, 0x00, 0x00, 0x04, 0xe2,
 0x01, 0x00, 0x00, 0xf6, 0x0e, 0xcc, 0x04, 0xe3,
 0x01, 0x00, 0x00, 0x04, 0xe4, 0x01, 0x00, 0x00,
 0x38, 0xda, 0x00, 0x00, 0x00, 0xf7, 0x0e, 0xcc,
 0x04, 0xe5, 0x01, 0x00, 0x00, 0xc5, 0x09, 0x38,
 0xda, 0x00, 0x00, 0x00, 0xf7, 0x0e, 0xcc, 0x04,
 0xe6, 0x01, 0x00, 0x00, 0x04, 0xe7, 0x01, 0x00,
 0x00, 0xf6, 0x0e, 0xd8, 0x40, 0xf2, 0x00, 0x00,
 0x00, 0xcb, 0x42, 0xa0, 0x01, 0x00, 0x00, 0x29,
 0xa6, 0x04, 0xa6, 0x03, 0x03, 0x2c, 0x58, 0x04,
 0x00, 0x02, 0x70, 0x00, 0x2c, 0x06, 0x26, 0x05,
 0x00, 0x08, 0x22, 0x06, 0x26, 0x05, 0x44, 0x00,
 0x37, 0x00, 0x44, 0x00, 0x37, 0x00, 0x44, 0x00,
 0x44, 0x00, 0x44, 0x00, 0x39, 0xa2, 0x01, 0x26,
 0xa1, 0x01, 0x2c, 0x06, 0x26, 0x05, 0x44, 0x00,
 0x20, 0x30, 0x00, 0x0c, 0x42, 0x0b, 0x01, 0x00,
 0x02, 0x03, 0x02, 0x03, 0x02, 0x01, 0x02, 0x21,
 0x05, 0xa8, 0x04, 0x00, 0x01, 0x00, 0xaa, 0x04,
 0x00, 0x01, 0x00, 0xaa, 0x07, 0x00, 0x00, 0x40,
 0x01, 0xd0, 0x07, 0x00, 0x01, 0x40, 0x00, 0xd2,
 0x07, 0x00, 0x02, 0x00, 0xfa, 0x03, 0x05, 0x00,
 0x0c, 0x43, 0x0a, 0x01, 0xd0, 0x07, 0x03, 0x00,
 0x03, 0x02, 0x00, 0x00, 0x00, 0x1a, 0x03, 0xbc,
 0x04, 0x00, 0x01, 0x00, 0xd4, 0x07, 0x00, 0x01,
 0x00, 0xd6, 0x07, 0x00, 0x01, 0x00, 0xd7, 0x40,
 0xec, 0x01, 0x00, 0x00, 0x07, 0xac, 0xf0, 0x08,
 0xd7, 0x40, 0xec, 0x01, 0x00, 0x00, 0x28, 0xd8,
 0xf0, 0x05, 0xd7, 0xd9, 0x46, 0x28, 0x07, 0x28,
 0xa6, 0x04, 0x8d, 0x04, 0x05, 0x0c, 0x03, 0x12,
 0x20, 0x32, 0x16, 0x0e, 0x25, 0x30, 0x11, 0x16,
 0x07, 0x10, 0x00, 0x0c, 0x43, 0x0a, 0x01, 0xd2,
 0x07, 0x04, 0x02, 0x04, 0x04, 0x00, 0x02, 0x00,
 0x63, 0x06, 0xda, 0x07, 0x00, 0x01, 0x00, 0xbc,
 0x04, 0x00, 0x01, 0x00, 0xd6, 0x07, 0x00, 0x01,
 0x00, 0xd4, 0x07, 0x00, 0x01, 0x00, 0xdc, 0x07,
 0x00, 0x00, 0x00, 0x74, 0x00, 0x01, 0x00, 0xd0,
 0x07, 0x01, 0x00, 0xaa, 0x07, 0x00, 0x00, 0xe3,
 0xd8, 0xda, 0xd9, 0xf7, 0xd3, 0x07, 0xac, 0xf0,
 0x48, 0x38, 0xef, 0x01, 0x00, 0x00, 0xcb, 0xf5,
 0x11, 0xf0, 0x12, 0x0e, 0x38, 0xa6, 0x00, 0x00,
 0x00, 0x41, 0xf0, 0x01, 0x00, 0x00, 0xcb, 0x24,
 0x01, 0x00, 0xcb, 0xad, 0x95, 0x11, 0xf1, 0x05,
 0x0e, 0xcb, 0xba, 0xa5, 0xf0, 0x15, 0xda, 0xf0,
 0x04, 0xd9, 0xf2, 0x06, 0x04, 0xec, 0x01, 0x00,
 0x00, 0xd0, 0xe4, 0x11, 0xcc, 0xcb, 0x21, 0x02,
 0x00, 0x30, 0x38, 0xa6, 0x00, 0x00, 0x00, 0x41,
 0xf0, 0x01, 0x00, 0x00, 0xcb, 0x25, 0x01, 0x00,
 0xd7, 0x40, 0xf1, 0x01, 0x00, 0x00, 0xf0, 0x04,
 0xc2, 0x10, 0x28, 0xc2, 0x10, 0xc3, 0x00, 0x04,
 0x99, 0x28, 0xa6, 0x04, 0x90, 0x04, 0x05, 0x2c,
 0x03, 0x18, 0x07, 0x24, 0x07, 0x12, 0x07, 0x14,
 0x0d, 0x55, 0x07, 0x0e, 0x17, 0x05, 0x1b, 0x12,
 0x20, 0x10, 0x34, 0x16, 0x16, 0x12, 0x25, 0x10,
 0x07, 0x0c, 0x17, 0x57, 0x11, 0x16, 0x30, 0x17,
 0x0c, 0x2c, 0x07, 0x0c, 0x1d, 0x41, 0x34, 0x16,
 0x18, 0x19, 0x43, 0x3a, 0x00, 0xc5, 0x00, 0xd0,
 0xc5, 0x01, 0xd1, 0xe3, 0xf4, 0x40, 0xa0, 0x01,
 0x00, 0x00, 0x40, 0xd5, 0x01, 0x00, 0x00, 0xcf,
 0xd8, 0x0b, 0xcd, 0x4b, 0xe9, 0x01, 0x00, 0x00,
 0x42, 0xf2, 0x00, 0x00, 0x00, 0x29, 0xa6, 0x04,
 0x8a, 0x04, 0x03, 0x06, 0x22, 0x3c, 0x00, 0x0d,
 0x1e, 0x37, 0x00, 0x0c, 0x42, 0x0b, 0x01, 0x00,
 0x02, 0x2a, 0x02, 0x06, 0x27, 0x06, 0x29, 0x91,
 0x06, 0x2c, 0xa8, 0x04, 0x00, 0x01, 0x00, 0xaa,
 0x04, 0x00, 0x01, 0x00, 0xe4, 0x07, 0x00, 0x00,
 0x40, 0x06, 0xe6, 0x07, 0x00, 0x01, 0x40, 0x04,
 0xe8, 0x07, 0x00, 0x02, 0x40, 0x08, 0xb2, 0x04,
 0x00, 0x03, 0x40, 0x0b, 0x8c, 0x05, 0x00, 0x04,
 0x40, 0x01, 0xea, 0x07, 0x00, 0x05, 0x40, 0x02,
 0xec, 0x07, 0x00, 0x06, 0x40, 0x12, 0xee, 0x07,
 0x00, 0x07, 0x40, 0x11, 0xf0, 0x07, 0x00, 0x08,
 0x00, 0x8a, 0x05, 0x00, 0x09, 0x00, 0xd2, 0x07,
 0x00, 0x0a, 0x40, 0x05, 0xf2, 0x07, 0x00, 0x0b,
 0x00, 0xac, 0x07, 0x00, 0x0c, 0x40, 0x10, 0xb2,
 0x07, 0x00, 0x0d, 0x40, 0x23, 0xba, 0x07, 0x00,
 0x0e, 0x40, 0x1d, 0xbe, 0x07, 0x00, 0x0f, 0x40,
 0x0d, 0xb8, 0x07, 0x00, 0x10, 0x40, 0x1b, 0xc6,
 0x07, 0x00, 0x11, 0x40, 0x0f, 0xc2, 0x07, 0x00,
 0x12, 0x40, 0x0e, 0xca, 0x07, 0x00, 0x13, 0x40,
 0x18, 0x8e, 0x06, 0x00, 0x14, 0x40, 0x0c, 0xf4,
 0x07, 0x00, 0x15, 0x40, 0x13, 0xf6, 0x07, 0x00,
 0x16, 0x40, 0x07, 0xf8, 0x07, 0x00, 0x17, 0x40,
 0x09, 0xfa, 0x07, 0x00, 0x18, 0x40, 0x0a, 0xfc,
 0x07, 0x00, 0x19, 0x40, 0x14, 0xfe, 0x07, 0x00,
 0x1a, 0x40, 0x15, 0x80, 0x08, 0x00, 0x1b, 0x40,
 0x19, 0x82, 0x08, 0x00, 0x1c, 0x40, 0x16, 0x84,
 0x08, 0x00, 0x1d, 0x40, 0x1a, 0x86, 0x08, 0x00,
 0x1e, 0x40, 0x1f, 0x88, 0x08, 0x00, 0x1f, 0x40,
 0x1e, 0x8a, 0x08, 0x00, 0x20, 0x40, 0x03, 0x8c,
 0x08, 0x00, 0x21, 0x40, 0x21, 0x8e, 0x08, 0x00,
 0x22, 0x40, 0x22, 0x90, 0x08, 0x00, 0x23, 0x40,
 0x17, 0x92, 0x08, 0x00, 0x24, 0x40, 0x20, 0x94,
 0x08, 0x00, 0x25, 0x40, 0x25, 0x96, 0x08, 0x00,
 0x26, 0x40, 0x26, 0x98, 0x08, 0x00, 0x27, 0x40,
 0x1c, 0x9a, 0x08, 0x00, 0x28, 0x40, 0x24, 0x9c,
 0x08, 0x00, 0x29, 0x40, 0x00, 0x80, 0x04, 0x08,
 0x00, 0xe6, 0x03, 0x01, 0x01, 0xf4, 0x03, 0x02,
 0x00, 0xf8, 0x03, 0x04, 0x00, 0xfc, 0x03, 0x06,
 0x00, 0xfa, 0x03, 0x05, 0x00, 0x0c, 0x43, 0x0a,
 0x01, 0xe4, 0x07, 0x01, 0x02, 0x01, 0x02, 0x02,
 0x01, 0x01, 0x1b, 0x03, 0xda, 0x07, 0x00, 0x01,
 0x40, 0x01, 0x92, 0x06, 0x00, 0x00, 0x40, 0x00,
 0x10, 0x00, 0x01, 0x00, 0x9c, 0x08, 0x29, 0x00,
 0x0c, 0x43, 0x0a, 0x01, 0x00, 0x00, 0x00, 0x00,
 0x03, 0x00, 0x03, 0x00, 0x05, 0x00, 0x9c, 0x08,
 0x00, 0x02, 0x92, 0x06, 0x00, 0x00, 0xda, 0x07,
 0x00, 0x01, 0xe3, 0xe4, 0xe5, 0xf6, 0x29, 0xa6,
 0x04, 0xaa, 0x04, 0x15, 0x06, 0x03, 0x17, 0x07,
 0x1e, 0x07, 0x0e, 0x00, 0x08, 0xd0, 0xcc, 0xcf,
 0xcc, 0x07, 0x42, 0x72, 0x00, 0x00, 0x00, 0xcc,
 0x07, 0x42, 0x6a, 0x01, 0x00, 0x00, 0xcc, 0xc5,
 0x00, 0x42, 0x0f, 0x02, 0x00, 0x00, 0x29, 0xa6,
 0x04, 0xa6, 0x04, 0x05, 0x06, 0x18, 0x04, 0x26,
 0x00, 0x26, 0x00, 0x00, 0x0c, 0x43, 0x0a, 0x01,
 0x00, 0x00, 0x00, 0x00, 0x00, 0x00, 0x00, 0x00,
 0x01, 0x00, 0x29, 0xa6, 0x04, 0xb5, 0x04, 0xa3,
 0x01, 0x00, 0x00, 0x0c, 0x43, 0x0a, 0x01, 0xec,
 0x07, 0x01, 0x00, 0x01, 0x03, 0x00, 0x01, 0x00,
 0x0a, 0x01, 0xcc, 0x04, 0x00, 0x01, 0x00, 0x8c,
 0x05, 0x04, 0x00, 0xe3, 0x41, 0x83, 0x00, 0x00,
 0x00, 0xd7, 0x25, 0x01, 0x00, 0xa6, 0x04, 0xb7,
 0x04, 0x05, 0x04, 0x03, 0x12, 0x20, 0x1a, 0x00,
 0x0c, 0x43, 0x0a, 0x01, 0xee, 0x07, 0x01, 0x00,
 0x01, 0x03, 0x00, 0x02, 0x00, 0x12, 0x01, 0xaa,
 0x05, 0x00, 0x01, 0x00, 0x8c, 0x05, 0x04, 0x00,
 0xea, 0x07, 0x05, 0x00, 0xe3, 0x41, 0x10, 0x02,
 0x00, 0x00, 0xd7, 0x24, 0x01, 0x00, 0x11, 0xf1,
 0x05, 0x0e, 0xd7, 0xe4, 0xa9, 0x28, 0xa6, 0x04,
 0xba, 0x04, 0x05, 0x08, 0x03, 0x12, 0x20, 0x22,
 0x2a, 0x10, 0x07, 0x1e, 0x00, 0x0c, 0x43, 0x0a,
 0x01, 0xf4, 0x07, 0x00, 0x00, 0x00, 0x00, 0x00,
 0x00, 0x00, 0x01, 0x00, 0x29, 0xa6, 0x04, 0xcb,
 0x04, 0x05, 0x00, 0x00, 0x0c, 0x43, 0x0a, 0x01,
 0xf6, 0x07, 0x03, 0x02, 0x03, 0x06, 0x01, 0x05,
 0x01, 0xb8, 0x02, 0x05, 0xbc, 0x04, 0x00, 0x01,
 0x00, 0xb8, 0x06, 0x00, 0x01, 0x40, 0x00, 0xd4,
 0x07, 0x00, 0x01, 0x00, 0xa2, 0x08, 0x00, 0x00,
 0x00, 0x10, 0x00, 0x01, 0x00, 0x8a, 0x08, 0x20,
 0x00, 0xe6, 0x07, 0x01, 0x00, 0x80, 0x04, 0x00,
 0x02, 0xd2, 0x07, 0x0a, 0x00, 0xe4, 0x07, 0x00,
 0x00, 0x0c, 0x43, 0x0a, 0x01, 0x00, 0x01, 0x00,
 0x01, 0x03, 0x00, 0x02, 0x00, 0x05, 0x01, 0xda,
 0x04, 0x00, 0x01, 0x00, 0x8a, 0x08, 0x00, 0x02,
 0xb8, 0x06, 0x01, 0x01, 0xe3, 0xe4, 0xd7, 0xf6,
 0x29, 0xa6, 0x04, 0xe2, 0x04, 0x16, 0x06, 0x03,
 0x19, 0x07, 0x10, 0x07, 0x10, 0x00, 0x08, 0xd0,
 0xe4, 0x11, 0xf1, 0x04, 0x0e, 0xe5, 0xf4, 0xe8,
 0xd7, 0x11, 0xf1, 0x03, 0x0e, 0x0b, 0xdb, 0xd9,
 0x96, 0x04, 0x4b, 0x00, 0x00, 0x00, 0xae, 0xf0,
 0x05, 0xd8, 0xe4, 0xa9, 0xdd, 0xcc, 0xd7, 0x40,
 0xf1, 0x01, 0x00, 0x00, 0x95, 0x95, 0x42, 0xf1,
 0x01, 0x00, 0x00, 0xd9, 0xf0, 0x19, 0xcc, 0xcc,
 0x40, 0xf1, 0x01, 0x00, 0x00, 0x11, 0xf1, 0x0a,
 0x0e, 0xd7, 0x40, 0x12, 0x02, 0x00, 0x00, 0x95,
 0x95, 0x42, 0xf1, 0x01, 0x00, 0x00, 0xcc, 0xe6,
 0xcc, 0xd7, 0x04, 0x13, 0x02, 0x00, 0x00, 0xd9,
 0x22, 0x04, 0x00, 0x42, 0xec, 0x01, 0x00, 0x00,
 0xcc, 0x09, 0x42, 0x9a, 0x01, 0x00, 0x00, 0xcc,
 0x09, 0x42, 0x14, 0x02, 0x00, 0x00, 0xcc, 0x09,
 0x42, 0x99, 0x01, 0x00, 0x00, 0xcc, 0x09, 0x42,
 0x97, 0x01, 0x00, 0x00, 0xcc, 0x09, 0x42, 0x0e,
 0x01, 0x00, 0x00, 0xcc, 0x09, 0x42, 0x92, 0x01,
 0x00, 0x00, 0xd7, 0x40, 0x15, 0x02, 0x00, 0x00,
 0x09, 0xad, 0xcf, 0xcc, 0xcb, 0x95, 0x42, 0x15,
 0x02, 0x00, 0x00, 0xcc, 0xd7, 0x40, 0x16, 0x02,
 0x00, 0x00, 0x11, 0xf1, 0x07, 0x0e, 0x04, 0x17,
 0x02, 0x00, 0x00, 0x42, 0x16, 0x02, 0x00, 0x00,
 0xcc, 0xba, 0x42, 0x33, 0x00, 0x00, 0x00, 0xcc,
 0x09, 0x42, 0x18, 0x02, 0x00, 0x00, 0xcc, 0xba,
 0x42, 0x19, 0x02, 0x00, 0x00, 0xcc, 0x0a, 0x42,
 0x1a, 0x02, 0x00, 0x00, 0xcc, 0x09, 0x42, 0x1b,
 0x02, 0x00, 0x00, 0xcc, 0xc5, 0x00, 0x42, 0x05,
 0x02, 0x00, 0x00, 0xcc, 0x07, 0x42, 0x1c, 0x02,
 0x00, 0x00, 0xcc, 0xba, 0x42, 0x1d, 0x02, 0x00,
 0x00, 0xcc, 0x07, 0x42, 0x1e, 0x02, 0x00, 0x00,
 0xcc, 0x07, 0x42, 0x1f, 0x02, 0x00, 0x00, 0xcc,
 0xba, 0x42, 0x20, 0x02, 0x00, 0x00, 0xcc, 0x09,
 0x42, 0x9b, 0x01, 0x00, 0x00, 0xcc, 0x09, 0x42,
 0x90, 0x01, 0x00, 0x00, 0xcc, 0xd7, 0x40, 0x95,
 0x01, 0x00, 0x00, 0x09, 0xae, 0x42, 0x95, 0x01,
 0x00, 0x00, 0xcc, 0xd7, 0x40, 0x9f, 0x01, 0x00,
 0x00, 0x95, 0x95, 0x42, 0x9f, 0x01, 0x00, 0x00,
 0xcc, 0xba, 0x42, 0x21, 0x02, 0x00, 0x00, 0xcc,
 0x5d, 0x04, 0x00, 0x11, 0xcc, 0x21, 0x01, 0x00,
 0x42, 0x22, 0x02, 0x00, 0x00, 0x29, 0xa6, 0x04,
 0xcd, 0x04, 0x05, 0x65, 0x0d, 0x18, 0x1b, 0x16,
 0x12, 0x15, 0x26, 0x02, 0x07, 0x1a, 0x2f, 0x2c,
 0x07, 0x24, 0x12, 0x7f, 0x07, 0x28, 0x44, 0x1f,
 0x11, 0x14, 0x39, 0x4e, 0x44, 0x69, 0x07, 0x2a,
 0x07, 0x22, 0x07, 0x0c, 0x20, 0x44, 0x30, 0x9b,
 0x01, 0x26, 0x00, 0x26, 0x00, 0x26, 0x00, 0x26,
 0x00, 0x26, 0x00, 0x26, 0x1e, 0x20, 0x34, 0x12,
 0x51, 0x07, 0x2c, 0x26, 0x2b, 0x07, 0x2e, 0x67,
 0x2d, 0x26, 0x00, 0x26, 0x00, 0x26, 0x00, 0x26,
 0x00, 0x26, 0x00, 0x2d, 0x00, 0x26, 0x00, 0x26,
 0x00, 0x26, 0x00, 0x26, 0x00, 0x26, 0x00, 0x26,
 0x00, 0x26, 0x00, 0x07, 0x22, 0x20, 0x2c, 0x26,
 0x4d, 0x07, 0x2a, 0x44, 0x29, 0x26, 0x00, 0x07,
 0x3c, 0x00, 0x0c, 0x43, 0x0a, 0x01, 0xc6, 0x08,
 0x00, 0x03, 0x00, 0x03, 0x00, 0x00, 0x00, 0x26,
 0x03, 0xc8, 0x08, 0x00, 0x00, 0x00, 0xca, 0x08,
 0x00, 0x01, 0x00, 0x10, 0x00, 0x01, 0x00, 0x08,
 0xd1, 0xcd, 0x40, 0x1e, 0x02, 0x00, 0x00, 0xcf,
 0x26, 0x00, 0x00, 0xd0, 0xcb, 0xf0, 0x15, 0xcc,
 0x41, 0x50, 0x01, 0x00, 0x00, 0xcb, 0x24, 0x01,
 0x00, 0x0e, 0xcb, 0x40, 0x72, 0x00, 0x00, 0x00,
 0xcf, 0xf2, 0xea, 0xcc, 0x28, 0xa6, 0x04, 0xf1,
 0x04, 0x29, 0x0a, 0x46, 0x35, 0x12, 0x09, 0x20,
 0x12, 0x1c, 0x02, 0x31, 0x09, 0x00, 0x0c, 0x43,
 0x0a, 0x01, 0x00, 0x00, 0x01, 0x00, 0x0b, 0x00,
 0x02, 0x01, 0x44, 0x01, 0xfa, 0x05, 0x03, 0x00,
 0x03, 0xf6, 0x07, 0x16, 0x00, 0xe8, 0x07, 0x02,
 0x00, 0x0c, 0x43, 0x0a, 0x01, 0xcc, 0x08, 0x00,
 0x01, 0x00, 0x02, 0x00, 0x00, 0x00, 0x0b, 0x01,
 0x10, 0x00, 0x01, 0x00, 0x08, 0xcf, 0xcb, 0x41,
 0x23, 0x02, 0x00, 0x00, 0x25, 0x00, 0x00, 0xa6,
 0x04, 0xfd, 0x04, 0x27, 0x02, 0x2b, 0x1b, 0x00,
 0x6b, 0x3a, 0x00, 0x00, 0x00, 0x38, 0x9e, 0x00,
 0x00, 0x00, 0x41, 0x6d, 0x00, 0x00, 0x00, 0xe3,
 0x40, 0x3f, 0x00, 0x00, 0x00, 0x04, 0x80, 0x01,
 0x00, 0x00, 0x0b, 0xe4, 0x41, 0x27, 0x02, 0x00,
 0x00, 0xc5, 0x00, 0x04, 0x28, 0x02, 0x00, 0x00,
 0x04, 0x29, 0x02, 0x00, 0x00, 0x24, 0x03, 0x00,
 0x4b, 0x45, 0x00, 0x00, 0x00, 0x24, 0x03, 0x00,
 0x0e, 0x0e, 0x29, 0xcf, 0x6b, 0x06, 0x00, 0x00,
 0x00, 0x0e, 0x29, 0x30, 0xa6, 0x04, 0xfa, 0x04,
 0x06, 0x08, 0x1d, 0x06, 0x34, 0x2c, 0x3f, 0x1d,
 0x20, 0x2e, 0x00, 0x0c, 0x43, 0x0a, 0x01, 0x88,
 0x01, 0x01, 0x01, 0x01, 0x04, 0x00, 0x03, 0x00,
 0x26, 0x02, 0x9a, 0x01, 0x00, 0x01, 0x00, 0x10,
 0x00, 0x01, 0x00, 0xf8, 0x07, 0x17, 0x00, 0xfa,
 0x07, 0x18, 0x00, 0xf6, 0x07, 0x16, 0x00, 0x08,
 0xcf, 0xe3, 0x41, 0x1c, 0x01, 0x00, 0x00, 0xcb,
 0xd7, 0x24, 0x02, 0x00, 0xf0, 0x03, 0x0a, 0x28,
 0xcb, 0xe4, 0xae, 0xf0, 0x03, 0x09, 0x28, 0xd7,
 0x11, 0xf0, 0x0a, 0x0e, 0xd7, 0x40, 0x8d, 0x01,
 0x00, 0x00, 0xe5, 0xa9, 0x28, 0xa6, 0x04, 0x88,
 0x05, 0x10, 0x0e, 0x0d, 0x01, 0x20, 0x2a, 0x07,
 0x0c, 0x30, 0x23, 0x21, 0x0b, 0x1b, 0x14, 0x20,
 0x42, 0x00, 0x0c, 0x43, 0x0a, 0x01, 0xd4, 0x08,
 0x01, 0x01, 0x01, 0x02, 0x00, 0x00, 0x00, 0x06,
 0x02, 0x9a, 0x01, 0x00, 0x01, 0x00, 0x10, 0x00,
 0x01, 0x00, 0x08, 0xcf, 0xd7, 0xcb, 0xa9, 0x28,
 0xa6, 0x04, 0x8f, 0x05, 0x19, 0x04, 0x0d, 0x11,
 0x07, 0x24, 0x00, 0x0c, 0x43, 0x0a, 0x01, 0xfa,
 0x07, 0x01, 0x02, 0x01, 0x06, 0x00, 0x06, 0x00,
 0xa1, 0x01, 0x03, 0xbc, 0x04, 0x00, 0x01, 0x00,
 0xd4, 0x07, 0x00, 0x00, 0x00, 0x10, 0x00, 0x01,
 0x00, 0xe6, 0x07, 0x01, 0x00, 0x80, 0x04, 0x00,
 0x02, 0xf8, 0x07, 0x17, 0x00, 0xfa, 0x07, 0x18,
 0x00, 0xf6, 0x07, 0x16, 0x00, 0xb2, 0x04, 0x03,
 0x00, 0x08, 0xd0, 0xe3, 0x11, 0xf1, 0x04, 0x0e,
 0xe4, 0xf4, 0xe7, 0xcc, 0xe3, 0xa9, 0xd3, 0x95,
 0xf0, 0x16, 0xe5, 0x41, 0x1c, 0x01, 0x00, 0x00,
 0xe6, 0xcc, 0x24, 0x02, 0x00, 0x95, 0xf0, 0x08,
 0xe6, 0x11, 0xd7, 0x21, 0x01, 0x00, 0x28, 0xcc,
 0x5d, 0x04, 0x00, 0x11, 0xd7, 0xcc, 0xcb, 0x21,
 0x03, 0x00, 0x42, 0x8d, 0x01, 0x00, 0x00, 0xcc,
 0x0a, 0x42, 0x42, 0x00, 0x00, 0x00, 0xd7, 0xf0,
 0x55, 0xd7, 0x40, 0x27, 0x01, 0x00, 0x00, 0xfb,
 0xf0, 0x0d, 0xcc, 0xd7, 0x40, 0x27, 0x01, 0x00,
 0x00, 0x42, 0x2b, 0x02, 0x00, 0x00, 0xd7, 0x40,
 0x2c, 0x02, 0x00, 0x00, 0xfb, 0xf0, 0x0d, 0xcc,
 0xd7, 0x40, 0x2c, 0x02, 0x00, 0x00, 0x42, 0x2d,
 0x02, 0x00, 0x00, 0xd7, 0x40, 0x2c, 0x01, 0x00,
 0x00, 0xfb, 0xf0, 0x0d, 0xcc, 0xd7, 0x40, 0x2c,
 0x01, 0x00, 0x00, 0x42, 0x93, 0x01, 0x00, 0x00,
 0xd7, 0x40, 0x2e, 0x02, 0x00, 0x00, 0xfb, 0xf0,
 0x0d, 0xcc, 0xd7, 0x40, 0x2e, 0x02, 0x00, 0x00,
 0x42, 0x2f, 0x02, 0x00, 0x00, 0x5d, 0x05, 0x00,
 0x41, 0x1c, 0x01, 0x00, 0x00, 0xcc, 0x24, 0x01,
 0x00, 0x29, 0xa6, 0x04, 0x93, 0x05, 0x05, 0x41,
 0x0d, 0x18, 0x1b, 0x16, 0x17, 0x14, 0x0d, 0x33,
 0x16, 0x1a, 0x20, 0x2a, 0x2a, 0x3a, 0x0c, 0x14,
 0x1c, 0x9b, 0x01, 0x07, 0x34, 0x16, 0x1c, 0x0c,
 0x1e, 0x30, 0x6d, 0x26, 0x08, 0x12, 0x12, 0x20,
 0x24, 0x11, 0x18, 0x07, 0x1c, 0x3a, 0x57, 0x20,
 0x26, 0x11, 0x18, 0x07, 0x1e, 0x3a, 0x5b, 0x20,
 0x28, 0x11, 0x18, 0x07, 0x20, 0x3a, 0x5f, 0x20,
 0x24, 0x11, 0x18, 0x07, 0x1c, 0x3b, 0x71, 0x2a,
 0x1a, 0x00, 0x0c, 0x43, 0x0a, 0x01, 0x00, 0x00,
 0x01, 0x00, 0x04, 0x00, 0x02, 0x00, 0x0b, 0x01,
 0x10, 0x00, 0x01, 0x00, 0x8e, 0x06, 0x14, 0x00,
 0xbe, 0x07, 0x0f, 0x00, 0x08, 0xcf, 0xe3, 0xcb,
 0xe4, 0x11, 0x21, 0x00, 0x00, 0xf6, 0x29, 0xa6,
 0x04, 0xa1, 0x05, 0x20, 0x06, 0x0d, 0x31, 0x07,
 0x1e, 0x07, 0x14, 0x00, 0x0c, 0x43, 0x0a, 0x01,
 0xfc, 0x07, 0x02, 0x01, 0x02, 0x04, 0x00, 0x02,
 0x00, 0x1b, 0x03, 0xb8, 0x06, 0x00, 0x01, 0x00,
 0xa0, 0x04, 0x00, 0x01, 0x00, 0xda, 0x04, 0x00,
 0x00, 0x00, 0xc2, 0x07, 0x12, 0x00, 0x8e, 0x06,
 0x14, 0x00, 0xe3, 0x11, 0x21, 0x00, 0x00, 0xcf,
 0xe4, 0xd7, 0xcb, 0xf6, 0x0e, 0x38, 0x8e, 0x01,
 0x00, 0x00, 0x41, 0x8f, 0x01, 0x00, 0x00, 0xd8,
 0xcb, 0x24, 0x02, 0x00, 0x29, 0xa6, 0x04, 0xa4,
 0x05, 0x05, 0x0e, 0x03, 0x1e, 0x21, 0x19, 0x07,
 0x1e, 0x07, 0x10, 0x12, 0x2d, 0x34, 0x22, 0x07,
 0x08, 0x00, 0x0c, 0x43, 0x0a, 0x01, 0xfe, 0x07,
 0x04, 0x01, 0x04, 0x05, 0x00, 0x03, 0x00, 0x54,
 0x05, 0xb8, 0x06, 0x00, 0x01, 0x00, 0xda, 0x07,
 0x00, 0x01, 0x00, 0xcc, 0x04, 0x00, 0x01, 0x00,
 0xa0, 0x04, 0x00, 0x01, 0x00, 0xda, 0x04, 0x00,
 0x00, 0x00, 0xc6, 0x07, 0x11, 0x00, 0xac, 0x07,
 0x0c, 0x00, 0x8e, 0x06, 0x14, 0x00, 0xd9, 0xf9,
 0xf0, 0x09, 0xe3, 0x11, 0x21, 0x00, 0x00, 0xcf,
 0xf2, 0x2d, 0xd9, 0x96, 0x04, 0x4c, 0x00, 0x00,
 0x00, 0xae, 0xf0, 0x23, 0xd8, 0x40, 0xf1, 0x01,
 0x00, 0x00, 0x95, 0xf0, 0x1a, 0xe4, 0x11, 0x04,
 0x26, 0x01, 0x00, 0x00, 0x04, 0x4c, 0x00, 0x00,
 0x00, 0x04, 0x81, 0x01, 0x00, 0x00, 0x26, 0x02,
 0x00, 0xd9, 0x21, 0x03, 0x00, 0xcf, 0xcb, 0xf0,
 0x18, 0xe5, 0xd7, 0xcb, 0xf6, 0x0e, 0x38, 0x8e,
 0x01, 0x00, 0x00, 0x41, 0x8f, 0x01, 0x00, 0x00,
 0xda, 0xcb, 0x24, 0x02, 0x00, 0x0e, 0x09, 0x28,
 0x0a, 0x28, 0xa6, 0x04, 0xa9, 0x05, 0x05, 0x1e,
 0x04, 0x0c, 0x07, 0x14, 0x12, 0x05, 0x2b, 0x0e,
 0x07, 0x14, 0x2f, 0x1a, 0x30, 0x3b, 0x66, 0x68,
 0x1d, 0x75, 0x12, 0x03, 0x07, 0x1e, 0x07, 0x10,
 0x12, 0x2d, 0x34, 0x22, 0x07, 0x08, 0x00, 0x0c,
 0x43, 0x0a, 0x01, 0x00, 0x03, 0x04, 0x03, 0x07,
 0x00, 0x07, 0x00, 0x8e, 0x01, 0x07, 0xcc, 0x04,
 0x00, 0x01, 0x00, 0xe0, 0x08, 0x00, 0x01, 0x00,
 0xa0, 0x04, 0x00, 0x01, 0x00, 0xda, 0x07, 0x00,
 0x00, 0x00, 0xd8, 0x05, 0x00, 0x01, 0x00, 0xe2,
 0x08, 0x00, 0x02, 0x00, 0x10, 0x00, 0x01, 0x00,
 0xee, 0x07, 0x07, 0x00, 0x8c, 0x05, 0x04, 0x00,
 0xec, 0x07, 0x06, 0x00, 0xf4, 0x07, 0x15, 0x00,
 0xfc, 0x07, 0x19, 0x00, 0xfe, 0x07, 0x1a, 0x00,
 0x82, 0x08, 0x1c, 0x00, 0x08, 0xd2, 0xce, 0x40,
 0x8d, 0x01, 0x00, 0x00, 0xcf, 0x09, 0xd0, 0xcb,
 0x40, 0xf1, 0x01, 0x00, 0x00, 0x95, 0x11, 0xf0,
 0x05, 0x0e, 0xe3, 0xd7, 0xf5, 0xd5, 0xf0, 0x12,
 0xe4, 0x41, 0x10, 0x02, 0x00, 0x00, 0xd7, 0x24,
 0x01, 0x00, 0x95, 0xf0, 0x05, 0xe5, 0xd7, 0xf5,
 0xdb, 0xd8, 0xfb, 0xf0, 0x05, 0xd8, 0xdd, 0x07,
 0xdc, 0xcd, 0xf0, 0x09, 0x04, 0x80, 0x01, 0x00,
 0x00, 0xdc, 0xf2, 0x0c, 0xd8, 0x95, 0xf0, 0x08,
 0xcb, 0x40, 0x16, 0x02, 0x00, 0x00, 0xdc, 0xd9,
 0xfb, 0xf1, 0x03, 0xe6, 0xdd, 0xcb, 0x40, 0x99,
 0x01, 0x00, 0x00, 0xf0, 0x0a, 0x5d, 0x04, 0x00,
 0xce, 0xd9, 0xf6, 0x0e, 0xf2, 0x2b, 0xcd, 0x11,
 0xf1, 0x0c, 0x0e, 0x5d, 0x05, 0x00, 0xce, 0xcb,
 0xd7, 0xd9, 0x22, 0x04, 0x00, 0xf0, 0x1a, 0xcb,
 0x41, 0x20, 0x02, 0x00, 0x00, 0x8e, 0x42, 0x20,
 0x02, 0x00, 0x00, 0x5d, 0x06, 0x00, 0xce, 0xcb,
 0xcd, 0xd7, 0xd8, 0xd9, 0x22, 0x06, 0x00, 0xd0,
 0xcc, 0x28, 0xa6, 0x04, 0xb7, 0x05, 0x21, 0x4c,
 0x3c, 0x19, 0x39, 0x28, 0x07, 0x1c, 0x0d, 0x55,
 0x11, 0x14, 0x20, 0x22, 0x26, 0x29, 0x07, 0x28,
 0x13, 0x25, 0x07, 0x1a, 0x12, 0x21, 0x0d, 0x09,
 0x0e, 0x04, 0x11, 0x0e, 0x2b, 0x01, 0x16, 0x2a,
 0x26, 0x27, 0x07, 0x0e, 0x11, 0x22, 0x0d, 0x3d,
 0x2a, 0x1c, 0x11, 0x1c, 0x07, 0x0c, 0x1c, 0x39,
 0x1b, 0x12, 0x11, 0x16, 0x07, 0x0c, 0x07, 0x0e,
 0x07, 0x0e, 0x21, 0x5d, 0x3f, 0x0c, 0x11, 0x1c,
 0x07, 0x0c, 0x07, 0x0e, 0x07, 0x0e, 0x07, 0x0e,
 0x07, 0x14, 0x1d, 0x67, 0x00, 0x0c, 0x43, 0x0a,
 0x01, 0x00, 0x00, 0x01, 0x00, 0x02, 0x00, 0x00,
 0x00, 0x14, 0x01, 0x10, 0x00, 0x01, 0x00, 0x08,
 0xcf, 0xcb, 0x40, 0x8d, 0x01, 0x00, 0x00, 0x41,
 0x19, 0x02, 0x00, 0x00, 0x8e, 0x42, 0x19, 0x02,
 0x00, 0x00, 0x29, 0xa6, 0x04, 0xcc, 0x05, 0x20,
 0x02, 0x0d, 0x31, 0x00, 0x0c, 0x43, 0x0a, 0x01,
 0x00, 0x00, 0x02, 0x00, 0x03, 0x00, 0x01, 0x00,
 0x45, 0x02, 0xda, 0x07, 0x00, 0x00, 0x00, 0x10,
 0x00, 0x01, 0x00, 0x90, 0x08, 0x23, 0x00, 0x08,
 0xd0, 0xcc, 0x40, 0x8d, 0x01, 0x00, 0x00, 0xd3,
 0x40, 0x19, 0x02, 0x00, 0x00, 0xf0, 0x35, 0xcb,
 0x41, 0x19, 0x02, 0x00, 0x00, 0x8d, 0x42, 0x19,
 0x02, 0x00, 0x00, 0xcb, 0x40, 0x18, 0x02, 0x00,
 0x00, 0x95, 0xf0, 0x20, 0xcb, 0x40, 0x19, 0x02,
 0x00, 0x00, 0x95, 0xf0, 0x17, 0xcb, 0x40, 0x1b,
 0x02, 0x00, 0x00, 0x95, 0xf0, 0x0e, 0xcb, 0x40,
 0x1e, 0x02, 0x00, 0x00, 0xf0, 0x06, 0xe3, 0xcc,
 0xcb, 0xf6, 0x0e, 0x29, 0xa6, 0x04, 0xcf, 0x05,
 0x22, 0x12, 0x2c, 0x2d, 0x2b, 0x03, 0x3f, 0x0a,
 0x2f, 0x24, 0x2f, 0x22, 0x2f, 0x34, 0x2a, 0x2e,
 0x07, 0x18, 0x07, 0x0c, 0x00, 0x0c, 0x43, 0x0a,
 0x01, 0xe4, 0x08, 0x01, 0x01, 0x01, 0x0b, 0x00,
 0x01, 0x00, 0x7d, 0x02, 0xe0, 0x08, 0x00, 0x01,
 0x00, 0x10, 0x00, 0x01, 0x00, 0xca, 0x07, 0x13,
 0x00, 0x08, 0xcf, 0xd7, 0x96, 0x04, 0x4c, 0x00,
 0x00, 0x00, 0xad, 0xf0, 0x0b, 0xd7, 0x41, 0x33,
 0x02, 0x00, 0x00, 0x24, 0x00, 0x00, 0xdb, 0x04,
 0x34, 0x02, 0x00, 0x00, 0x04, 0x17, 0x02, 0x00,
 0x00, 0x04, 0x35, 0x02, 0x00, 0x00, 0x04, 0x36,
 0x02, 0x00, 0x00, 0x04, 0x37, 0x02, 0x00, 0x00,
 0x04, 0x38, 0x02, 0x00, 0x00, 0x04, 0x39, 0x02,
 0x00, 0x00, 0x04, 0x3a, 0x02, 0x00, 0x00, 0x04,
 0x3b, 0x02, 0x00, 0x00, 0x04, 0x3c, 0x02, 0x00,
 0x00, 0x04, 0x78, 0x00, 0x00, 0x00, 0x26, 0x0b,
 0x00, 0x41, 0xbd, 0x01, 0x00, 0x00, 0xd7, 0xc6,
 0x9c, 0x41, 0x33, 0x02, 0x00, 0x00, 0x24, 0x00,
 0x00, 0x24, 0x01, 0x00, 0xb9, 0xa7, 0x95, 0xf0,
 0x08, 0xe3, 0x11, 0xd7, 0x21, 0x01, 0x00, 0x30,
 0xcb, 0x40, 0x8d, 0x01, 0x00, 0x00, 0xd7, 0x42,
 0x16, 0x02, 0x00, 0x00, 0xcb, 0x28, 0xa6, 0x04,
 0xd6, 0x05, 0x2e, 0x1b, 0x0d, 0x37, 0x07, 0x1a,
 0x2f, 0x2a, 0x20, 0x12, 0x00, 0x43, 0x02, 0x7c,
 0x07, 0x16, 0x25, 0x08, 0x20, 0x22, 0x1b, 0x1e,
 0x0c, 0x2a, 0x1c, 0xef, 0x02, 0x20, 0x4c, 0x00,
 0x0c, 0x43, 0x0a, 0x01, 0x8a, 0x01, 0x00, 0x01,
 0x00, 0x02, 0x00, 0x00, 0x00, 0x1b, 0x01, 0x10,
 0x00, 0x01, 0x00, 0x08, 0xcf, 0xcb, 0x40, 0x8d,
 0x01, 0x00, 0x00, 0x11, 0xf0, 0x10, 0x0e, 0xcb,
 0x40, 0x8d, 0x01, 0x00, 0x00, 0x41, 0x23, 0x02,
 0x00, 0x00, 0x24, 0x00, 0x00, 0x28, 0xa6, 0x04,
 0xe1, 0x05, 0x0c, 0x02, 0x76, 0x5e, 0x00, 0x0c,
 0x43, 0x0a, 0x01, 0x80, 0x08, 0x03, 0x00, 0x03,
 0x04, 0x00, 0x01, 0x00, 0x2b, 0x03, 0xda, 0x07,
 0x00, 0x01, 0x00, 0xcc, 0x04, 0x00, 0x01, 0x00,
 0xe0, 0x08, 0x00, 0x01, 0x00, 0x8c, 0x05, 0x04,
 0x00, 0xd7, 0x40, 0xf1, 0x01, 0x00, 0x00, 0x95,
 0xf0, 0x21, 0xd7, 0x40, 0x15, 0x02, 0x00, 0x00,
 0x09, 0xae, 0xf0, 0x17, 0xd8, 0x96, 0x04, 0x4c,
 0x00, 0x00, 0x00, 0xad, 0xf0, 0x0d, 0xe3, 0x41,
 0x83, 0x00, 0x00, 0x00, 0xd8, 0xd9, 0x24, 0x02,
 0x00, 0xdc, 0xd8, 0x28, 0xa6, 0x04, 0xe5, 0x05,
 0x05, 0x13, 0x03, 0x0e, 0x2f, 0x28, 0x20, 0x30,
 0x16, 0x20, 0x07, 0x14, 0x30, 0x81, 0x01, 0x20,
 0x1a, 0x07, 0x0e, 0x1d, 0x2d, 0x00, 0x0c, 0x43,
 0x0a, 0x01, 0x8a, 0x01, 0x00, 0x01, 0x00, 0x01,
 0x00, 0x00, 0x00, 0x0e, 0x01, 0x10, 0x00, 0x01,
 0x00, 0x08, 0xcf, 0xcb, 0x40, 0x8d, 0x01, 0x00,
 0x00, 0x40, 0xec, 0x01, 0x00, 0x00, 0x28, 0xa6,
 0x04, 0xf0, 0x05, 0x0c, 0x00, 0x00, 0x0c, 0x43,
 0x0a, 0x01, 0x82, 0x08, 0x06, 0x04, 0x06, 0x08,
 0x00, 0x02, 0x00, 0xcc, 0x01, 0x0a, 0xb8, 0x06,
 0x00, 0x01, 0x00, 0xda, 0x07, 0x00, 0x01, 0x00,
 0xe2, 0x08, 0x00, 0x01, 0x00, 0xcc, 0x04, 0x00,
 0x01, 0x00, 0xe0, 0x08, 0x00, 0x01, 0x00, 0xa0,
 0x04, 0x00, 0x01, 0x00, 0xfa, 0x08, 0x00, 0x00,
 0x00, 0xde, 0x06, 0x00, 0x01, 0x00, 0xd8, 0x05,
 0x00, 0x02, 0x00, 0xfc, 0x08, 0x00, 0x03, 0x00,
 0x80, 0x08, 0x1b, 0x00, 0x84, 0x08, 0x1d, 0x00,
 0xd9, 0x95, 0xf0, 0x1a, 0xe3, 0xd8, 0xda, 0x5a,
 0x04, 0x00, 0xf7, 0xcf, 0xda, 0xcb, 0xae, 0xf0,
 0x0d, 0x0a, 0xdd, 0x04, 0x80, 0x01, 0x00, 0x00,
 0x5b, 0x04, 0x00, 0xcb, 0xde, 0xd8, 0x40, 0xf1,
 0x01, 0x00, 0x00, 0xf0, 0x04, 0xbb, 0xf2, 0x03,
 0xda, 0xef, 0xd0, 0xd8, 0x41, 0x33, 0x00, 0x00,
 0x00, 0xcc, 0x9c, 0x42, 0x33, 0x00, 0x00, 0x00,
 0xd8, 0xef, 0xd8, 0x40, 0xec, 0x01, 0x00, 0x00,
 0xa5, 0xd5, 0x95, 0xf0, 0x08, 0xd8, 0x0a, 0x42,
 0x14, 0x02, 0x00, 0x00, 0xd8, 0x40, 0x18, 0x02,
 0x00, 0x00, 0x11, 0xf1, 0x08, 0x0e, 0xd8, 0x40,
 0x19, 0x02, 0x00, 0x00, 0xf0, 0x5d, 0xd8, 0x40,
 0x1f, 0x02, 0x00, 0x00, 0xd2, 0xd8, 0x0b, 0xda,
 0x4b, 0x26, 0x01, 0x00, 0x00, 0x5a, 0x04, 0x00,
 0x4b, 0x30, 0x02, 0x00, 0x00, 0xd9, 0x4b, 0x31,
 0x02, 0x00, 0x00, 0x5a, 0x05, 0x00, 0x4b, 0x3f,
 0x02, 0x00, 0x00, 0x07, 0x4b, 0x72, 0x00, 0x00,
 0x00, 0x42, 0x1f, 0x02, 0x00, 0x00, 0xce, 0xf0,
 0x0f, 0xce, 0xd8, 0x40, 0x1f, 0x02, 0x00, 0x00,
 0x42, 0x72, 0x00, 0x00, 0x00, 0xf2, 0x0d, 0xd8,
 0xd8, 0x40, 0x1f, 0x02, 0x00, 0x00, 0x42, 0x1e,
 0x02, 0x00, 0x00, 0xd8, 0x41, 0x21, 0x02, 0x00,
 0x00, 0xbb, 0x9c, 0x42, 0x21, 0x02, 0x00, 0x00,
 0xf2, 0x11, 0xe4, 0xd7, 0xd8, 0x09, 0xcc, 0xda,
 0x5a, 0x04, 0x00, 0x5a, 0x05, 0x00, 0x22, 0x07,
 0x00, 0x0e, 0xcd, 0x28, 0xa6, 0x04, 0xf4, 0x05,
 0x05, 0x4c, 0x03, 0x0e, 0x17, 0x18, 0x07, 0x18,
 0x07, 0x0e, 0x07, 0x0e, 0x1c, 0x49, 0x07, 0x14,
 0x17, 0x17, 0x0d, 0x00, 0x2b, 0x10, 0x0f, 0x03,
 0x39, 0x2e, 0x12, 0x41, 0x20, 0x20, 0x26, 0x0b,
 0x0c, 0x1e, 0x26, 0x27, 0x16, 0x0a, 0x26, 0x0b,
 0x34, 0x22, 0x2b, 0x0f, 0x26, 0x15, 0x00, 0x16,
 0x08, 0x18, 0x64, 0x0f, 0x12, 0x03, 0x07, 0x18,
 0x45, 0x17, 0x07, 0x30, 0x3b, 0x33, 0x4f, 0x00,
 0x07, 0x10, 0x07, 0x10, 0x0c, 0x1c, 0x07, 0x0a,
 0x07, 0x0e, 0x11, 0x14, 0x27, 0x5d, 0x00, 0x0c,
 0x43, 0x0a, 0x01, 0x84, 0x08, 0x07, 0x00, 0x07,
 0x05, 0x00, 0x01, 0x00, 0x72, 0x07, 0xb8, 0x06,
 0x00, 0x01, 0x00, 0xda, 0x07, 0x00, 0x01, 0x00,
 0xd8, 0x08, 0x00, 0x01, 0x00, 0xde, 0x06, 0x00,
 0x01, 0x00, 0xcc, 0x04, 0x00, 0x01, 0x00, 0xe0,
 0x08, 0x00, 0x01, 0x00, 0xa0, 0x04, 0x00, 0x01,
 0x00, 0xb8, 0x07, 0x10, 0x00, 0xd8, 0xda, 0x42,
 0x1d, 0x02, 0x00, 0x00, 0xd8, 0x5a, 0x06, 0x00,
 0x42, 0x1c, 0x02, 0x00, 0x00, 0xd8, 0x0a, 0x42,
 0x18, 0x02, 0x00, 0x00, 0xd8, 0x0a, 0x42, 0x1a,
 0x02, 0x00, 0x00, 0xd8, 0x40, 0x92, 0x01, 0x00,
 0x00, 0xf0, 0x17, 0xd8, 0x41, 0x05, 0x02, 0x00,
 0x00, 0xe3, 0x11, 0x04, 0x27, 0x01, 0x00, 0x00,
 0x21, 0x01, 0x00, 0x24, 0x01, 0x00, 0x0e, 0xf2,
 0x2f, 0xd9, 0xf0, 0x16, 0xd7, 0x41, 0x2d, 0x02,
 0x00, 0x00, 0x5a, 0x04, 0x00, 0xd8, 0x40, 0x05,
 0x02, 0x00, 0x00, 0x24, 0x02, 0x00, 0x0e, 0xf2,
 0x17, 0xd7, 0x41, 0x2b, 0x02, 0x00, 0x00, 0x5a,
 0x04, 0x00, 0x5a, 0x05, 0x00, 0xd8, 0x40, 0x05,
 0x02, 0x00, 0x00, 0x24, 0x03, 0x00, 0x0e, 0xd8,
 0x09, 0x42, 0x1a, 0x02, 0x00, 0x00, 0x29, 0xa6,
 0x04, 0x95, 0x06, 0x05, 0x24, 0x03, 0x04, 0x07,
 0x22, 0x21, 0x21, 0x07, 0x20, 0x2b, 0x1f, 0x26,
 0x00, 0x26, 0x08, 0x2a, 0x22, 0x20, 0x24, 0x53,
 0x3b, 0x11, 0x10, 0x20, 0x1e, 0x11, 0x0e, 0x3f,
 0x43, 0x20, 0x1c, 0x11, 0x0e, 0x11, 0x14, 0x35,
 0x47, 0x00, 0x0c, 0x43, 0x0a, 0x01, 0x86, 0x08,
 0x05, 0x00, 0x05, 0x05, 0x00, 0x02, 0x00, 0x61,
 0x05, 0xb8, 0x06, 0x00, 0x01, 0x00, 0xda, 0x07,
 0x00, 0x01, 0x00, 0xb4, 0x08, 0x00, 0x01, 0x00,
 0xda, 0x04, 0x00, 0x01, 0x00, 0xa0, 0x04, 0x00,
 0x01, 0x00, 0x98, 0x08, 0x27, 0x00, 0x8e, 0x06,
 0x14, 0x00, 0xd8, 0x41, 0x20, 0x02, 0x00, 0x00,
 0x8d, 0x42, 0x20, 0x02, 0x00, 0x00, 0xd9, 0xf0,
 0x36, 0x38, 0x8e, 0x01, 0x00, 0x00, 0x41, 0x8f,
 0x01, 0x00, 0x00, 0x5a, 0x04, 0x00, 0xda, 0x24,
 0x02, 0x00, 0x0e, 0x38, 0x8e, 0x01, 0x00, 0x00,
 0x41, 0x8f, 0x01, 0x00, 0x00, 0xe3, 0xd7, 0xd8,
 0x24, 0x03, 0x00, 0x0e, 0xd7, 0x40, 0x8d, 0x01,
 0x00, 0x00, 0x0a, 0x42, 0x90, 0x01, 0x00, 0x00,
 0xe4, 0xd7, 0xda, 0xf6, 0x0e, 0x29, 0x5a, 0x04,
 0x00, 0xda, 0xf5, 0x0e, 0xd7, 0x40, 0x8d, 0x01,
 0x00, 0x00, 0x0a, 0x42, 0x90, 0x01, 0x00, 0x00,
 0xe4, 0xd7, 0xda, 0xf6, 0x0e, 0xe3, 0xd7, 0xd8,
 0xf6, 0x0e, 0x29, 0xa6, 0x04, 0x9f, 0x06, 0x05,
 0x2c, 0x03, 0x08, 0x3f, 0x04, 0x12, 0x03, 0x34,
 0x22, 0x11, 0x08, 0x1c, 0x29, 0x34, 0x22, 0x07,
 0x1a, 0x07, 0x10, 0x1c, 0x4b, 0x3f, 0x00, 0x07,
 0x1e, 0x07, 0x10, 0x18, 0x2d, 0x11, 0x06, 0x12,
 0x05, 0x3f, 0x00, 0x07, 0x1e, 0x07, 0x10, 0x12,
 0x2d, 0x07, 0x18, 0x07, 0x10, 0x00, 0x0c, 0x43,
 0x0a, 0x01, 0x88, 0x08, 0x01, 0x00, 0x01, 0x03,
 0x00, 0x00, 0x00, 0x28, 0x01, 0xda, 0x07, 0x00,
 0x01, 0x00, 0xd7, 0x09, 0x42, 0x18, 0x02, 0x00,
 0x00, 0xd7, 0x07, 0x42, 0x1c, 0x02, 0x00, 0x00,
 0xd7, 0x41, 0x33, 0x00, 0x00, 0x00, 0xd7, 0x40,
 0x1d, 0x02, 0x00, 0x00, 0x9d, 0x42, 0x33, 0x00,
 0x00, 0x00, 0xd7, 0xba, 0x42, 0x1d, 0x02, 0x00,
 0x00, 0x29, 0xa6, 0x04, 0xad, 0x06, 0x05, 0x0a,
 0x03, 0x04, 0x26, 0x00, 0x26, 0x00, 0x20, 0x20,
 0x3f, 0x1f, 0x00, 0x0c, 0x43, 0x0a, 0x01, 0x8a,
 0x08, 0x02, 0x04, 0x02, 0x07, 0x00, 0x06, 0x00,
 0x85, 0x01, 0x06, 0xb8, 0x06, 0x00, 0x01, 0x00,
 0xda, 0x04, 0x00, 0x01, 0x00, 0xda, 0x07, 0x00,
 0x00, 0x00, 0xb4, 0x08, 0x00, 0x01, 0x00, 0xa0,
 0x04, 0x00, 0x02, 0x00, 0x80, 0x09, 0x00, 0x03,
 0x00, 0xba, 0x07, 0x0e, 0x00, 0x88, 0x08, 0x1f,
 0x00, 0x86, 0x08, 0x1e, 0x00, 0x92, 0x08, 0x24,
 0x00, 0x90, 0x08, 0x23, 0x00, 0x8c, 0x08, 0x21,
 0x00, 0xd7, 0x40, 0x8d, 0x01, 0x00, 0x00, 0xd3,
 0x40, 0x1a, 0x02, 0x00, 0x00, 0xd0, 0xcb, 0x40,
 0x1c, 0x02, 0x00, 0x00, 0xd5, 0xfb, 0xf1, 0x07,
 0xe3, 0x11, 0x21, 0x00, 0x00, 0x30, 0xe4, 0xcb,
 0xf5, 0x0e, 0xd8, 0xf0, 0x0b, 0xe5, 0xd7, 0xca,
 0xd8, 0xcd, 0x22, 0x05, 0x00, 0x0e, 0x29, 0xe6,
 0xcb, 0xf5, 0x11, 0xf1, 0x08, 0x0e, 0xd7, 0x40,
 0x92, 0x01, 0x00, 0x00, 0xd6, 0x95, 0xf0, 0x22,
 0xcb, 0x40, 0x19, 0x02, 0x00, 0x00, 0x95, 0xf0,
 0x19, 0xcb, 0x40, 0x1b, 0x02, 0x00, 0x00, 0x95,
 0xf0, 0x10, 0xcb, 0x40, 0x1e, 0x02, 0x00, 0x00,
 0xf0, 0x08, 0x5d, 0x04, 0x00, 0xd7, 0xcb, 0xf6,
 0x0e, 0xcc, 0xf0, 0x17, 0x38, 0x8e, 0x01, 0x00,
 0x00, 0x41, 0x8f, 0x01, 0x00, 0x00, 0x5d, 0x05,
 0x00, 0xd7, 0xcb, 0xce, 0xcd, 0x24, 0x05, 0x00,
 0x0e, 0x29, 0x5d, 0x05, 0x00, 0xd7, 0xcb, 0xce,
 0xcd, 0x22, 0x04, 0x00, 0x0e, 0x29, 0xa6, 0x04,
 0xb3, 0x06, 0x05, 0x48, 0x03, 0x1c, 0x21, 0x01,
 0x26, 0x03, 0x21, 0x04, 0x07, 0x0e, 0x11, 0x2c,
 0x21, 0x4f, 0x07, 0x26, 0x12, 0x1d, 0x11, 0x08,
 0x07, 0x1a, 0x07, 0x1e, 0x07, 0x0c, 0x07, 0x08,
 0x22, 0x37, 0x07, 0x16, 0x20, 0x14, 0x21, 0x3f,
 0x16, 0x1c, 0x2f, 0x22, 0x2f, 0x34, 0x2b, 0x77,
 0x11, 0x18, 0x07, 0x10, 0x13, 0x23, 0x12, 0x03,
 0x34, 0x22, 0x11, 0x18, 0x07, 0x10, 0x07, 0x0e,
 0x07, 0x16, 0x22, 0x6d, 0x11, 0x16, 0x07, 0x10,
 0x07, 0x0e, 0x07, 0x16, 0x00, 0x0c, 0x43, 0x0a,
 0x01, 0x8c, 0x08, 0x04, 0x00, 0x04, 0x03, 0x00,
 0x02, 0x00, 0x1d, 0x04, 0xb8, 0x06, 0x00, 0x01,
 0x00, 0xda, 0x07, 0x00, 0x01, 0x00, 0x80, 0x09,
 0x00, 0x01, 0x00, 0xa0, 0x04, 0x00, 0x01, 0x00,
 0x8e, 0x08, 0x22, 0x00, 0x98, 0x08, 0x27, 0x00,
 0xd9, 0x95, 0xf0, 0x06, 0xe3, 0xd7, 0xd8, 0xf6,
 0x0e, 0xd8, 0x41, 0x20, 0x02, 0x00, 0x00, 0x8d,
 0x42, 0x20, 0x02, 0x00, 0x00, 0xda, 0xf4, 0x0e,
 0xe4, 0xd7, 0xd8, 0xf6, 0x29, 0xa6, 0x04, 0xc6,
 0x06, 0x05, 0x12, 0x03, 0x0e, 0x16, 0x16, 0x07,
 0x1a, 0x07, 0x10, 0x12, 0x49, 0x3f, 0x00, 0x12,
 0x00, 0x07, 0x18, 0x07, 0x10, 0x00, 0x0c, 0x43,
 0x0a, 0x01, 0x8e, 0x08, 0x02, 0x00, 0x02, 0x03,
 0x00, 0x00, 0x00, 0x25, 0x02, 0xb8, 0x06, 0x00,
 0x01, 0x00, 0xda, 0x07, 0x00, 0x01, 0x00, 0xd8,
 0xef, 0xba, 0xad, 0xf0, 0x1f, 0xd8, 0x40, 0x14,
 0x02, 0x00, 0x00, 0xf0, 0x17, 0xd8, 0x09, 0x42,
 0x14, 0x02, 0x00, 0x00, 0xd7, 0x41, 0x2f, 0x01,
 0x00, 0x00, 0x04, 0x32, 0x01, 0x00, 0x00, 0x24,
 0x01, 0x00, 0x0e, 0x29, 0xa6, 0x04, 0xcc, 0x06,
 0x05, 0x0c, 0x03, 0x0c, 0x0c, 0x22, 0x16, 0x0a,
 0x2b, 0x2f, 0x26, 0x00, 0x20, 0x0e, 0x00, 0x0c,
 0x43, 0x0a, 0x01, 0x90, 0x08, 0x02, 0x0a, 0x02,
 0x08, 0x00, 0x02, 0x00, 0xcc, 0x02, 0x0c, 0xb8,
 0x06, 0x00, 0x01, 0x00, 0xda, 0x07, 0x00, 0x01,
 0x00, 0xd4, 0x05, 0x00, 0x00, 0x00, 0x82, 0x09,
 0x00, 0x01, 0x00, 0x80, 0x06, 0x00, 0x02, 0x00,
 0x84, 0x09, 0x00, 0x03, 0x00, 0x86, 0x09, 0x00,
 0x04, 0x00, 0x88, 0x09, 0x00, 0x05, 0x00, 0xcc,
 0x04, 0x00, 0x06, 0x00, 0xe0, 0x08, 0x00, 0x07,
 0x00, 0xa0, 0x04, 0x00, 0x08, 0x00, 0xde, 0x06,
 0x00, 0x09, 0x00, 0x84, 0x08, 0x1d, 0x00, 0xe4,
 0x07, 0x00, 0x00, 0xd8, 0x0a, 0x42, 0x1b, 0x02,
 0x00, 0x00, 0xd8, 0x40, 0x1e, 0x02, 0x00, 0x00,
 0xcf, 0xd7, 0x40, 0x2d, 0x02, 0x00, 0x00, 0x68,
 0xc5, 0x00, 0x00, 0x00, 0xcb, 0x68, 0xbf, 0x00,
 0x00, 0x00, 0xcb, 0x40, 0x72, 0x00, 0x00, 0x00,
 0x68, 0xb4, 0x00, 0x00, 0x00, 0xd8, 0x40, 0x21,
 0x02, 0x00, 0x00, 0xd0, 0x38, 0x9f, 0x00, 0x00,
 0x00, 0x11, 0xcc, 0x21, 0x01, 0x00, 0xd1, 0xd8,
 0x40, 0x22, 0x02, 0x00, 0x00, 0xd6, 0xcb, 0x42,
 0x6a, 0x01, 0x00, 0x00, 0xba, 0xc8, 0x04, 0x0a,
 0xc8, 0x05, 0xcb, 0xf0, 0x2a, 0xcd, 0xc7, 0x04,
 0x1b, 0x11, 0xaf, 0xf1, 0x04, 0x1b, 0x71, 0x1b,
 0x1b, 0xcb, 0x1b, 0x71, 0x1b, 0x48, 0xcb, 0x40,
 0x31, 0x02, 0x00, 0x00, 0x95, 0xf0, 0x04, 0x09,
 0xc8, 0x05, 0xcb, 0x40, 0x72, 0x00, 0x00, 0x00,
 0xcf, 0xbb, 0x93, 0x04, 0xf2, 0xd5, 0xcd, 0xc7,
 0x05, 0x42, 0x44, 0x02, 0x00, 0x00, 0xe3, 0xd7,
 0xd8, 0x0a, 0xd8, 0xef, 0xcd, 0xc6, 0xce, 0x40,
 0x0f, 0x02, 0x00, 0x00, 0x22, 0x07, 0x00, 0x0e,
 0xd8, 0x41, 0x20, 0x02, 0x00, 0x00, 0x8e, 0x42,
 0x20, 0x02, 0x00, 0x00, 0xd8, 0x07, 0x42, 0x1f,
 0x02, 0x00, 0x00, 0xce, 0x40, 0x72, 0x00, 0x00,
 0x00, 0xf0, 0x16, 0xd8, 0xce, 0x40, 0x72, 0x00,
 0x00, 0x00, 0x42, 0x22, 0x02, 0x00, 0x00, 0xce,
 0x07, 0x42, 0x72, 0x00, 0x00, 0x00, 0xf2, 0x0d,
 0xd8, 0xe4, 0x11, 0xd8, 0x21, 0x01, 0x00, 0x42,
 0x22, 0x02, 0x00, 0x00, 0xd8, 0xba, 0x42, 0x21,
 0x02, 0x00, 0x00, 0xf2, 0x64, 0xcb, 0xf0, 0x56,
 0xcb, 0x40, 0x26, 0x01, 0x00, 0x00, 0xc8, 0x06,
 0xcb, 0x40, 0x30, 0x02, 0x00, 0x00, 0xc8, 0x07,
 0xcb, 0x40, 0x3f, 0x02, 0x00, 0x00, 0xc8, 0x08,
 0xd8, 0x40, 0xf1, 0x01, 0x00, 0x00, 0xf0, 0x04,
 0xbb, 0xf2, 0x04, 0xc7, 0x06, 0xef, 0xc8, 0x09,
 0xe3, 0xd7, 0xd8, 0x09, 0xc7, 0x09, 0xc7, 0x06,
 0xc7, 0x07, 0xc7, 0x08, 0x22, 0x07, 0x00, 0x0e,
 0xcb, 0x40, 0x72, 0x00, 0x00, 0x00, 0xcf, 0xd8,
 0x41, 0x21, 0x02, 0x00, 0x00, 0x8d, 0x42, 0x21,
 0x02, 0x00, 0x00, 0xd8, 0x40, 0x18, 0x02, 0x00,
 0x00, 0xf1, 0x03, 0xf2, 0xa9, 0xcb, 0xf9, 0xf0,
 0x08, 0xd8, 0x07, 0x42, 0x1f, 0x02, 0x00, 0x00,
 0xd8, 0xcb, 0x42, 0x1e, 0x02, 0x00, 0x00, 0xd8,
 0x09, 0x42, 0x1b, 0x02, 0x00, 0x00, 0x29, 0xa6,
 0x04, 0xd2, 0x06, 0x05, 0x78, 0x03, 0x04, 0x26,
 0x18, 0x26, 0x0f, 0x39, 0x24, 0x20, 0x12, 0x3a,
 0x29, 0x26, 0x12, 0x20, 0x0c, 0x1c, 0x13, 0x21,
 0x19, 0x07, 0x1e, 0x41, 0x0f, 0x12, 0x09, 0x07,
 0x0e, 0x39, 0x12, 0x1c, 0x15, 0x2f, 0x1a, 0x12,
 0x13, 0x26, 0x0f, 0x1d, 0x03, 0x07, 0x28, 0x26,
 0x27, 0x07, 0x10, 0x07, 0x10, 0x0c, 0x1a, 0x0c,
 0x1c, 0x0c, 0x18, 0x35, 0x6d, 0x3f, 0x00, 0x26,
 0x08, 0x2b, 0x03, 0x07, 0x36, 0x3a, 0x35, 0x31,
 0x00, 0x07, 0x3e, 0x0c, 0x1c, 0x31, 0x5d, 0x31,
 0x0e, 0x12, 0x0e, 0x2b, 0x06, 0x2b, 0x0b, 0x2b,
 0x02, 0x39, 0x2e, 0x1c, 0x41, 0x07, 0x10, 0x07,
 0x10, 0x0c, 0x1c, 0x0c, 0x0a, 0x0c, 0x0e, 0x0c,
 0x14, 0x21, 0x57, 0x26, 0x0f, 0x3f, 0x08, 0x00,
 0x0a, 0x08, 0x03, 0x07, 0x14, 0x11, 0x0c, 0x27,
 0x2b, 0x07, 0x30, 0x21, 0x2f, 0x00, 0x0c, 0x43,
 0x0a, 0x01, 0x00, 0x03, 0x00, 0x03, 0x04, 0x00,
 0x01, 0x00, 0x0d, 0x03, 0xcc, 0x04, 0x00, 0x01,
 0x00, 0xe0, 0x08, 0x00, 0x01, 0x00, 0xa0, 0x04,
 0x00, 0x01, 0x00, 0xb2, 0x07, 0x0d, 0x00, 0xd9,
 0xe3, 0x11, 0x04, 0x45, 0x02, 0x00, 0x00, 0x21,
 0x01, 0x00, 0xf5, 0x29, 0xa6, 0x04, 0xff, 0x06,
 0x22, 0x04, 0x03, 0x35, 0x07, 0x0e, 0x00, 0x0c,
 0x43, 0x0a, 0x01, 0x00, 0x03, 0x02, 0x03, 0x04,
 0x00, 0x01, 0x00, 0x5c, 0x05, 0xcc, 0x04, 0x00,
 0x01, 0x00, 0xe0, 0x08, 0x00, 0x01, 0x00, 0xa0,
 0x04, 0x00, 0x01, 0x00, 0xda, 0x07, 0x00, 0x00,
 0x00, 0x10, 0x00, 0x01, 0x00, 0x9a, 0x08, 0x28,
 0x00, 0x08, 0xd0, 0xcc, 0x40, 0x8d, 0x01, 0x00,
 0x00, 0xcf, 0xd7, 0xfb, 0xf0, 0x09, 0xd7, 0xdd,
 0x07, 0xdb, 0x07, 0xdc, 0xf2, 0x09, 0xd8, 0xfb,
 0xf0, 0x05, 0xd8, 0xdd, 0x07, 0xdc, 0xd7, 0xf9,
 0xf1, 0x12, 0xd7, 0x06, 0xae, 0xf0, 0x0d, 0xcc,
 0x41, 0x27, 0x01, 0x00, 0x00, 0xd7, 0xd8, 0x24,
 0x02, 0x00, 0x0e, 0xcb, 0x40, 0x19, 0x02, 0x00,
 0x00, 0xf0, 0x12, 0xcb, 0xbb, 0x42, 0x19, 0x02,
 0x00, 0x00, 0xcc, 0x41, 0x46, 0x02, 0x00, 0x00,
 0x24, 0x00, 0x00, 0x0e, 0xcb, 0x40, 0x99, 0x01,
 0x00, 0x00, 0x95, 0xf0, 0x07, 0xe3, 0xcc, 0xcb,
 0xd9, 0xf7, 0x0e, 0xcc, 0x28, 0xa6, 0x04, 0x83,
 0x07, 0x1f, 0x32, 0x31, 0x19, 0x07, 0x14, 0x12,
 0x1b, 0x0d, 0x09, 0x0d, 0x00, 0x17, 0x20, 0x07,
 0x1a, 0x12, 0x2f, 0x0d, 0x09, 0x0e, 0x04, 0x07,
 0x14, 0x11, 0x10, 0x07, 0x14, 0x16, 0x10, 0x20,
 0x16, 0x07, 0x0e, 0x1c, 0x6b, 0x2b, 0x03, 0x26,
 0x00, 0x20, 0x0a, 0x18, 0x03, 0x2f, 0x1c, 0x07,
 0x18, 0x07, 0x0c, 0x07, 0x0e, 0x00, 0x0c, 0x43,
 0x0a, 0x01, 0x8a, 0x01, 0x00, 0x01, 0x00, 0x01,
 0x00, 0x00, 0x00, 0x0a, 0x01, 0x10, 0x00, 0x01,
 0x00, 0x08, 0xcf, 0xcb, 0x40, 0x8d, 0x01, 0x00,
 0x00, 0xef, 0x28, 0xa6, 0x04, 0x9a, 0x07, 0x0c,
 0x00, 0x00, 0x0c, 0x43, 0x0a, 0x01, 0x92, 0x08,
 0x01, 0x00, 0x01, 0x02, 0x00, 0x00, 0x00, 0x30,
 0x01, 0xda, 0x07, 0x00, 0x01, 0x00, 0xd7, 0x40,
 0x99, 0x01, 0x00, 0x00, 0x11, 0xf0, 0x27, 0x0e,
 0xd7, 0xef, 0xba, 0xad, 0x11, 0xf0, 0x1f, 0x0e,
 0xd7, 0x40, 0x1e, 0x02, 0x00, 0x00, 0xf9, 0x11,
 0xf0, 0x14, 0x0e, 0xd7, 0x40, 0x0e, 0x01, 0x00,
 0x00, 0x95, 0x11, 0xf0, 0x09, 0x0e, 0xd7, 0x40,
 0x18, 0x02, 0x00, 0x00, 0x95, 0x28, 0xa6, 0x04,
 0x9e, 0x07, 0x05, 0x0e, 0x03, 0x12, 0x34, 0x20,
 0x0c, 0x22, 0x20, 0x0a, 0x20, 0x34, 0x1b, 0x12,
 0x39, 0x26, 0x00, 0x0c, 0x43, 0x0a, 0x01, 0x94,
 0x08, 0x02, 0x00, 0x02, 0x03, 0x02, 0x02, 0x01,
 0x0c, 0x02, 0xb8, 0x06, 0x00, 0x01, 0x40, 0x01,
 0xda, 0x07, 0x00, 0x01, 0x40, 0x00, 0x8e, 0x06,
 0x14, 0x00, 0x98, 0x08, 0x27, 0x00, 0x0c, 0x43,
 0x0a, 0x01, 0x00, 0x01, 0x00, 0x01, 0x03, 0x00,
 0x04, 0x00, 0x2f, 0x01, 0x90, 0x06, 0x00, 0x01,
 0x00, 0xda, 0x07, 0x01, 0x01, 0x8e, 0x06, 0x00,
 0x02, 0xb8, 0x06, 0x00, 0x01, 0x98, 0x08, 0x01,
 0x02, 0xe3, 0x41, 0x20, 0x02, 0x00, 0x00, 0x8d,
 0x42, 0x20, 0x02, 0x00, 0x00, 0xd7, 0xf0, 0x06,
 0xe4, 0xe5, 0xd7, 0xf6, 0x0e, 0xe3, 0x0a, 0x42,
 0x9b, 0x01, 0x00, 0x00, 0xe5, 0x41, 0x2f, 0x01,
 0x00, 0x00, 0x04, 0x0b, 0x02, 0x00, 0x00, 0x24,
 0x01, 0x00, 0x0e, 0xe6, 0xe5, 0xe3, 0xf6, 0x29,
 0xa6, 0x04, 0xa2, 0x07, 0x15, 0x16, 0x03, 0x17,
 0x3f, 0x08, 0x12, 0x03, 0x07, 0x1e, 0x07, 0x10,
 0x13, 0x31, 0x26, 0x00, 0x20, 0x0e, 0x30, 0x0d,
 0x07, 0x18, 0x07, 0x10, 0x00, 0xd7, 0x41, 0x2f,
 0x02, 0x00, 0x00, 0xc5, 0x00, 0x24, 0x01, 0x00,
 0x29, 0xa6, 0x04, 0xa1, 0x07, 0x05, 0x04, 0x03,
 0x04, 0x20, 0x1c, 0x00, 0x0c, 0x43, 0x0a, 0x01,
 0x96, 0x08, 0x02, 0x00, 0x02, 0x05, 0x00, 0x01,
 0x00, 0x60, 0x02, 0xb8, 0x06, 0x00, 0x01, 0x00,
 0xda, 0x07, 0x00, 0x01, 0x00, 0x94, 0x08, 0x25,
 0x00, 0xd8, 0x40, 0x9b, 0x01, 0x00, 0x00, 0x95,
 0xf0, 0x57, 0xd8, 0x40, 0x9a, 0x01, 0x00, 0x00,
 0x95, 0xf0, 0x4e, 0xd7, 0x40, 0x2f, 0x02, 0x00,
 0x00, 0xfb, 0xf0, 0x2f, 0xd8, 0x40, 0x92, 0x01,
 0x00, 0x00, 0x95, 0xf0, 0x26, 0xd8, 0x41, 0x20,
 0x02, 0x00, 0x00, 0x8e, 0x42, 0x20, 0x02, 0x00,
 0x00, 0xd8, 0x0a, 0x42, 0x9a, 0x01, 0x00, 0x00,
 0x38, 0x8e, 0x01, 0x00, 0x00, 0x41, 0x8f, 0x01,
 0x00, 0x00, 0xe3, 0xd7, 0xd8, 0x24, 0x03, 0x00,
 0x0e, 0x29, 0xd8, 0x0a, 0x42, 0x9b, 0x01, 0x00,
 0x00, 0xd7, 0x41, 0x2f, 0x01, 0x00, 0x00, 0x04,
 0x0b, 0x02, 0x00, 0x00, 0x24, 0x01, 0x00, 0x0e,
 0x29, 0xa6, 0x04, 0xac, 0x07, 0x05, 0x1c, 0x03,
 0x0e, 0x2f, 0x2c, 0x30, 0x1b, 0x20, 0x24, 0x11,
 0x1e, 0x30, 0x53, 0x3f, 0x00, 0x26, 0x00, 0x34,
 0x22, 0x07, 0x16, 0x07, 0x10, 0x22, 0x47, 0x26,
 0x00, 0x20, 0x0e, 0x00, 0x0c, 0x43, 0x0a, 0x01,
 0x98, 0x08, 0x02, 0x02, 0x02, 0x03, 0x00, 0x02,
 0x00, 0x5b, 0x04, 0xb8, 0x06, 0x00, 0x01, 0x00,
 0xda, 0x07, 0x00, 0x01, 0x00, 0x8e, 0x09, 0x00,
 0x00, 0x00, 0xba, 0x06, 0x00, 0x01, 0x00, 0x92,
 0x08, 0x24, 0x00, 0x96, 0x08, 0x26, 0x00, 0xe3,
 0xd8, 0xf5, 0xd3, 0xf0, 0x54, 0xe4, 0xd7, 0xd8,
 0xf6, 0x0e, 0xd8, 0x40, 0x20, 0x02, 0x00, 0x00,
 0xba, 0xad, 0xf0, 0x45, 0xd8, 0x0a, 0x42, 0x0e,
 0x01, 0x00, 0x00, 0xd7, 0x41, 0x2f, 0x01, 0x00,
 0x00, 0x04, 0x0f, 0x02, 0x00, 0x00, 0x24, 0x01,
 0x00, 0x0e, 0xd8, 0x40, 0x9f, 0x01, 0x00, 0x00,
 0xf0, 0x27, 0xd7, 0x40, 0x91, 0x01, 0x00, 0x00,
 0xd4, 0x95, 0x11, 0xf1, 0x10, 0x0e, 0xcc, 0x40,
 0x9f, 0x01, 0x00, 0x00, 0xf0, 0x13, 0xcc, 0x40,
 0x98, 0x01, 0x00, 0x00, 0xf0, 0x0b, 0xd7, 0x41,
 0x2c, 0x01, 0x00, 0x00, 0x24, 0x00, 0x00, 0x0e,
 0xcb, 0x28, 0xa6, 0x04, 0xb8, 0x07, 0x05, 0x28,
 0x03, 0x1a, 0x07, 0x16, 0x0d, 0x23, 0x12, 0x03,
 0x07, 0x14, 0x07, 0x10, 0x12, 0x1b, 0x20, 0x28,
 0x17, 0x2b, 0x26, 0x00, 0x20, 0x0e, 0x30, 0x05,
 0x2b, 0x16, 0x21, 0x0f, 0x20, 0x14, 0x2a, 0x2c,
 0x2b, 0x45, 0x20, 0x0e, 0x00, 0x04, 0x0a, 0x0f,
 0x00, 0x0c, 0x43, 0x0a, 0x01, 0x9a, 0x08, 0x03,
 0x00, 0x03, 0x04, 0x00, 0x01, 0x00, 0x47, 0x03,
 0xb8, 0x06, 0x00, 0x01, 0x00, 0xda, 0x07, 0x00,
 0x01, 0x00, 0xa0, 0x04, 0x00, 0x01, 0x00, 0x98,
 0x08, 0x27, 0x00, 0xd8, 0x0a, 0x42, 0x99, 0x01,
 0x00, 0x00, 0xe3, 0xd7, 0xd8, 0xf6, 0x0e, 0xd9,
 0xf0, 0x2a, 0xd8, 0x40, 0x0e, 0x01, 0x00, 0x00,
 0xf0, 0x12, 0x38, 0x8e, 0x01, 0x00, 0x00, 0x41,
 0x8f, 0x01, 0x00, 0x00, 0xd9, 0x24, 0x01, 0x00,
 0x0e, 0xf2, 0x11, 0xd7, 0x41, 0x48, 0x02, 0x00,
 0x00, 0x04, 0x0f, 0x02, 0x00, 0x00, 0xd9, 0x24,
 0x02, 0x00, 0x0e, 0xd8, 0x0a, 0x42, 0x97, 0x01,
 0x00, 0x00, 0xd7, 0x09, 0x42, 0x42, 0x00, 0x00,
 0x00, 0x29, 0xa6, 0x04, 0xc9, 0x07, 0x05, 0x1a,
 0x03, 0x04, 0x26, 0x00, 0x07, 0x18, 0x07, 0x10,
 0x12, 0x1f, 0x12, 0x04, 0x2a, 0x20, 0x34, 0x22,
 0x26, 0x3f, 0x20, 0x0e, 0x1b, 0x1e, 0x1d, 0x39,
 0x26, 0x00, 0x00, 0x0c, 0x43, 0x0a, 0x01, 0x9c,
 0x08, 0x03, 0x02, 0x03, 0x02, 0x00, 0x00, 0x00,
 0x3e, 0x05, 0x92, 0x09, 0x00, 0x01, 0x00, 0xda,
 0x07, 0x00, 0x01, 0x00, 0x90, 0x06, 0x00, 0x01,
 0x00, 0xd4, 0x05, 0x00, 0x00, 0x00, 0xa0, 0x04,
 0x00, 0x01, 0x00, 0xd7, 0x40, 0x6a, 0x01, 0x00,
 0x00, 0xcf, 0xd7, 0x07, 0x42, 0x6a, 0x01, 0x00,
 0x00, 0xcb, 0xf0, 0x21, 0xcb, 0x40, 0x3f, 0x02,
 0x00, 0x00, 0xd0, 0xd8, 0x41, 0x20, 0x02, 0x00,
 0x00, 0x8d, 0x42, 0x20, 0x02, 0x00, 0x00, 0xcc,
 0xd9, 0xf5, 0x0e, 0xcb, 0x40, 0x72, 0x00, 0x00,
 0x00, 0xcf, 0xf2, 0xde, 0xd8, 0x40, 0x22, 0x02,
 0x00, 0x00, 0xd7, 0x42, 0x72, 0x00, 0x00, 0x00,
 0x29, 0xa6, 0x04, 0xd3, 0x07, 0x05, 0x14, 0x03,
 0x1c, 0x26, 0x17, 0x26, 0x0e, 0x12, 0x08, 0x26,
 0x11, 0x3f, 0x00, 0x07, 0x06, 0x12, 0x0a, 0x31,
 0x13, 0x20, 0x40, 0x00, 0x0c, 0x43, 0x0a, 0x01,
 0x8a, 0x01, 0x00, 0x01, 0x00, 0x01, 0x00, 0x00,
 0x00, 0x19, 0x01, 0x10, 0x00, 0x01, 0x00, 0x08,
 0xcf, 0xcb, 0x40, 0x8d, 0x01, 0x00, 0x00, 0xf8,
 0xf0, 0x03, 0x09, 0x28, 0xcb, 0x40, 0x8d, 0x01,
 0x00, 0x00, 0x40, 0x92, 0x01, 0x00, 0x00, 0x28,
 0xa6, 0x04, 0xe3, 0x07, 0x0c, 0x02, 0x2b, 0x32,
 0x00, 0x0c, 0x43, 0x0a, 0x01, 0x8c, 0x01, 0x01,
 0x01, 0x01, 0x02, 0x00, 0x00, 0x00, 0x19, 0x02,
 0x88, 0x01, 0x00, 0x01, 0x00, 0x10, 0x00, 0x01,
 0x00, 0x08, 0xcf, 0xcb, 0x40, 0x8d, 0x01, 0x00,
 0x00, 0x95, 0xf0, 0x02, 0x29, 0xcb, 0x40, 0x8d,
 0x01, 0x00, 0x00, 0xd7, 0x42, 0x92, 0x01, 0x00,
 0x00, 0x29, 0xa6, 0x04, 0xe9, 0x07, 0x0c, 0x06,
 0x00, 0x0c, 0x08, 0x05, 0x20, 0x40, 0x00, 0x0c,
 0x43, 0x0a, 0x01, 0x00, 0x02, 0x00, 0x02, 0x02,
 0x00, 0x00, 0x00, 0x04, 0x02, 0x90, 0x06, 0x00,
 0x01, 0x00, 0xa0, 0x04, 0x00, 0x01, 0x00, 0xd8,
 0xd7, 0xf5, 0x29, 0xa6, 0x04, 0xf2, 0x07, 0x24,
 0x04, 0x03, 0x39, 0x07, 0x06, 0x00, 0xc5, 0x00,
 0xcf, 0xc5, 0x02, 0xc8, 0x06, 0xc5, 0x03, 0xc8,
 0x07, 0xc5, 0x04, 0xc8, 0x15, 0xc5, 0x05, 0xc8,
 0x16, 0xc5, 0x0a, 0xc8, 0x18, 0xc5, 0x0c, 0xc8,
 0x19, 0xc5, 0x0d, 0xc8, 0x1a, 0xc5, 0x13, 0xc8,
 0x1b, 0xc5, 0x15, 0xc8, 0x1c, 0xc5, 0x16, 0xc8,
 0x1d, 0xc5, 0x17, 0xc8, 0x1e, 0xc5, 0x18, 0xc8,
 0x1f, 0xc5, 0x19, 0xc8, 0x20, 0xc5, 0x1a, 0xc8,
 0x21, 0xc5, 0x1b, 0xc8, 0x22, 0xc5, 0x1c, 0xc8,
 0x23, 0xc5, 0x20, 0xc8, 0x24, 0xc5, 0x21, 0xc8,
 0x25, 0xc5, 0x22, 0xc8, 0x26, 0xc5, 0x23, 0xc8,
 0x27, 0xc5, 0x24, 0xc8, 0x28, 0xc5, 0x25, 0xc8,
 0x29, 0xd8, 0xc7, 0x18, 0x42, 0xf2, 0x00, 0x00,
 0x00, 0xc7, 0x18, 0xc7, 0x16, 0x42, 0xfb, 0x01,
 0x00, 0x00, 0x0b, 0xe4, 0x04, 0x82, 0x01, 0x00,
 0x00, 0xf5, 0x40, 0x27, 0x02, 0x00, 0x00, 0x4b,
 0x27, 0x02, 0x00, 0x00, 0xd1, 0xe5, 0xf4, 0xd2,
 0xe4, 0x04, 0x80, 0x01, 0x00, 0x00, 0xf5, 0x40,
 0x81, 0x01, 0x00, 0x00, 0xc8, 0x04, 0x37, 0x76,
 0x00, 0x00, 0x00, 0xfa, 0xf1, 0x08, 0x38, 0x76,
 0x00, 0x00, 0x00, 0xf2, 0x20, 0x37, 0x4a, 0x02,
 0x00, 0x00, 0xfa, 0xf1, 0x08, 0x38, 0x4a, 0x02,
 0x00, 0x00, 0xf2, 0x11, 0x37, 0x4b, 0x02, 0x00,
 0x00, 0xfa, 0xf1, 0x08, 0x38, 0x4b, 0x02, 0x00,
 0x00, 0xf2, 0x02, 0x0b, 0x40, 0xb1, 0x00, 0x00,
 0x00, 0x11, 0xf1, 0x04, 0x0e, 0xc5, 0x01, 0xc8,
 0x05, 0xe6, 0xf4, 0xc8, 0x08, 0x5d, 0x04, 0x00,
 0xf4, 0xc9, 0x09, 0x40, 0xe9, 0x01, 0x00, 0x00,
 0xc8, 0x0a, 0x5d, 0x05, 0x00, 0xf4, 0x40, 0xa0,
 0x01, 0x00, 0x00, 0xc9, 0x0b, 0x40, 0xd6, 0x01,
 0x00, 0x00, 0xc8, 0x0c, 0xc7, 0x0b, 0x40, 0xd9,
 0x01, 0x00, 0x00, 0xc8, 0x0d, 0xc7, 0x0b, 0x40,
 0xdd, 0x01, 0x00, 0x00, 0xc8, 0x0e, 0xc7, 0x0b,
 0x40, 0xdf, 0x01, 0x00, 0x00, 0xc8, 0x0f, 0xc7,
 0x0b, 0x40, 0xdc, 0x01, 0x00, 0x00, 0xc8, 0x10,
 0xc7, 0x0b, 0x40, 0xe3, 0x01, 0x00, 0x00, 0xc8,
 0x11, 0xc7, 0x0b, 0x40, 0xe1, 0x01, 0x00, 0x00,
 0xc8, 0x12, 0xc7, 0x0b, 0x40, 0xe5, 0x01, 0x00,
 0x00, 0xc8, 0x13, 0xc7, 0x08, 0x40, 0x87, 0x01,
 0x00, 0x00, 0xc8, 0x14, 0xe4, 0x04, 0x82, 0x01,
 0x00, 0x00, 0xf5, 0x41, 0x4c, 0x02, 0x00, 0x00,
 0xc7, 0x18, 0xce, 0x24, 0x02, 0x00, 0x0e, 0xc7,
 0x16, 0x40, 0x3f, 0x00, 0x00, 0x00, 0xc5, 0x06,
 0x42, 0x23, 0x02, 0x00, 0x00, 0xc5, 0x07, 0xf4,
 0x0e, 0x37, 0xa4, 0x00, 0x00, 0x00, 0xfb, 0xf0,
 0x60, 0x38, 0xa4, 0x00, 0x00, 0x00, 0x40, 0x4d,
 0x02, 0x00, 0x00, 0xf0, 0x54, 0x38, 0xa9, 0x00,
 0x00, 0x00, 0x40, 0x3f, 0x00, 0x00, 0x00, 0x38,
 0xa4, 0x00, 0x00, 0x00, 0x40, 0x4d, 0x02, 0x00,
 0x00, 0x46, 0xfb, 0xf0, 0x3c, 0x38, 0xa9, 0x00,
 0x00, 0x00, 0x40, 0x3f, 0x00, 0x00, 0x00, 0x38,
 0xa4, 0x00, 0x00, 0x00, 0x40, 0x4d, 0x02, 0x00,
 0x00, 0x46, 0xc8, 0x17, 0x38, 0x9e, 0x00, 0x00,
 0x00, 0x41, 0x6d, 0x00, 0x00, 0x00, 0xc7, 0x18,
 0x38, 0xa4, 0x00, 0x00, 0x00, 0x40, 0x4d, 0x02,
 0x00, 0x00, 0x0b, 0xc5, 0x08, 0x4b, 0x44, 0x00,
 0x00, 0x00, 0x24, 0x03, 0x00, 0x0e, 0xf2, 0x05,
 0xc5, 0x09, 0xc8, 0x17, 0xc7, 0x18, 0x40, 0x3f,
 0x00, 0x00, 0x00, 0xc5, 0x0b, 0x42, 0x36, 0x01,
 0x00, 0x00, 0xc7, 0x18, 0x40, 0x3f, 0x00, 0x00,
 0x00, 0xc5, 0x0e, 0x42, 0x27, 0x01, 0x00, 0x00,
 0xc7, 0x18, 0x40, 0x3f, 0x00, 0x00, 0x00, 0xc5,
 0x0f, 0x42, 0x4e, 0x02, 0x00, 0x00, 0xc7, 0x18,
 0x40, 0x3f, 0x00, 0x00, 0x00, 0xc5, 0x10, 0x42,
 0x46, 0x02, 0x00, 0x00, 0xc7, 0x18, 0x40, 0x3f,
 0x00, 0x00, 0x00, 0xc5, 0x11, 0x42, 0x32, 0x02,
 0x00, 0x00, 0x38, 0x9e, 0x00, 0x00, 0x00, 0x41,
 0x6d, 0x00, 0x00, 0x00, 0xc7, 0x18, 0x40, 0x3f,
 0x00, 0x00, 0x00, 0x04, 0x4f, 0x02, 0x00, 0x00,
 0x0b, 0x09, 0x4b, 0x43, 0x00, 0x00, 0x00, 0xc5,
 0x12, 0x4b, 0x45, 0x00, 0x00, 0x00, 0x24, 0x03,
 0x00, 0x0e, 0x38, 0x9e, 0x00, 0x00, 0x00, 0x41,
 0x6d, 0x00, 0x00, 0x00, 0xc7, 0x18, 0x40, 0x3f,
 0x00, 0x00, 0x00, 0x04, 0x13, 0x02, 0x00, 0x00,
 0x0b, 0x09, 0x4b, 0x43, 0x00, 0x00, 0x00, 0xc5,
 0x14, 0x4b, 0x45, 0x00, 0x00, 0x00, 0x24, 0x03,
 0x00, 0x0e, 0xc7, 0x18, 0x40, 0x3f, 0x00, 0x00,
 0x00, 0xc5, 0x1d, 0x42, 0x2b, 0x02, 0x00, 0x00,
 0xc7, 0x18, 0x40, 0x3f, 0x00, 0x00, 0x00, 0x07,
 0x42, 0x2d, 0x02, 0x00, 0x00, 0xc7, 0x18, 0x40,
 0x3f, 0x00, 0x00, 0x00, 0xc5, 0x1e, 0x42, 0x2b,
 0x01, 0x00, 0x00, 0x38, 0x9e, 0x00, 0x00, 0x00,
 0x41, 0x6d, 0x00, 0x00, 0x00, 0xc7, 0x18, 0x40,
 0x3f, 0x00, 0x00, 0x00, 0x04, 0x50, 0x02, 0x00,
 0x00, 0x0b, 0x09, 0x4b, 0x43, 0x00, 0x00, 0x00,
 0xc5, 0x1f, 0x4b, 0x45, 0x00, 0x00, 0x00, 0x24,
 0x03, 0x00, 0x0e, 0x38, 0x9e, 0x00, 0x00, 0x00,
 0x41, 0x6d, 0x00, 0x00, 0x00, 0xc7, 0x18, 0x40,
 0x3f, 0x00, 0x00, 0x00, 0x04, 0x92, 0x01, 0x00,
 0x00, 0x0b, 0x09, 0x4b, 0x43, 0x00, 0x00, 0x00,
 0xc5, 0x26, 0x4b, 0x45, 0x00, 0x00, 0x00, 0xc5,
 0x27, 0x4b, 0x46, 0x00, 0x00, 0x00, 0x24, 0x03,
 0x00, 0x0e, 0xc7, 0x18, 0x40, 0x3f, 0x00, 0x00,
 0x00, 0xc7, 0x08, 0x40, 0x2c, 0x01, 0x00, 0x00,
 0x42, 0x2c, 0x01, 0x00, 0x00, 0xc7, 0x18, 0x40,
 0x3f, 0x00, 0x00, 0x00, 0xc7, 0x08, 0x40, 0x85,
 0x01, 0x00, 0x00, 0x42, 0x51, 0x02, 0x00, 0x00,
 0xc7, 0x18, 0x40, 0x3f, 0x00, 0x00, 0x00, 0xc5,
 0x28, 0x42, 0x93, 0x01, 0x00, 0x00, 0x29, 0xa6,
 0x04, 0xa3, 0x04, 0x03, 0xae, 0x01, 0x00, 0x5b,
 0x04, 0x04, 0x07, 0x24, 0x00, 0x07, 0x14, 0x23,
 0x0c, 0x34, 0x2c, 0x19, 0x5e, 0x02, 0x12, 0x00,
 0x49, 0x1c, 0x1b, 0x16, 0x11, 0x1c, 0x25, 0x20,
 0x1b, 0x16, 0x11, 0x1c, 0x25, 0x20, 0x1b, 0x12,
 0x11, 0x1c, 0x00, 0x15, 0x10, 0xe5, 0x01, 0x17,
 0x05, 0x17, 0x10, 0x30, 0x03, 0x30, 0x0c, 0x30,
 0x0c, 0x30, 0x09, 0x30, 0x02, 0x30, 0x03, 0x30,
 0x04, 0x30, 0x08, 0x30, 0x0b, 0x30, 0x0b, 0x30,
 0x29, 0x3e, 0x32, 0x0c, 0x16, 0x00, 0x05, 0x4e,
 0x47, 0x00, 0x0e, 0x12, 0x00, 0x00, 0x02, 0x12,
 0x00, 0x0e, 0x16, 0x1b, 0x16, 0x11, 0x1c, 0x3e,
 0x3a, 0x34, 0x26, 0x39, 0x30, 0x12, 0xaf, 0x01,
 0x34, 0x26, 0x44, 0x49, 0x34, 0x2c, 0x0c, 0x16,
 0x00, 0x18, 0x10, 0x41, 0x00, 0x04, 0x24, 0x03,
 0x00, 0x0e, 0x2c, 0x00, 0x00, 0x0e, 0x2a, 0x00,
 0x4b, 0x00, 0x00, 0x0e, 0x0e, 0x00, 0x00, 0x0e,
 0x0c, 0x00, 0x34, 0x2c, 0x00, 0x1e, 0x1e, 0x2b,
 0x34, 0x2c, 0x00, 0x1e, 0xa8, 0x02, 0x2b, 0x4b,
 0x00, 0x44, 0x00, 0x00, 0x0e, 0x24, 0x00, 0x34,
 0x2c, 0x00, 0x1e, 0x92, 0x01, 0x2b, 0x34, 0x2c,
 0x00, 0x25, 0x24, 0x2b, 0x25, 0x3c, 0x3f, 0x3b,
 0x25, 0x42, 0x3f, 0x41, 0x00, 0x0c, 0x42, 0x0b,
 0x01, 0x00, 0x02, 0x09, 0x02, 0x06, 0x05, 0x03,
 0x09, 0xae, 0x02, 0x0b, 0xa8, 0x04, 0x00, 0x01,
 0x00, 0xaa, 0x04, 0x00, 0x01, 0x00, 0xa4, 0x09,
 0x00, 0x00, 0x00, 0xa6, 0x09, 0x00, 0x01, 0x40,
 0x01, 0xfa, 0x07, 0x00, 0x02, 0x40, 0x02, 0x62,
 0x00, 0x03, 0x00, 0xa8, 0x09, 0x00, 0x04, 0x00,
 0xd2, 0x05, 0x00, 0x05, 0x00, 0xe6, 0x07, 0x00,
 0x06, 0x40, 0x00, 0xc4, 0x04, 0x00, 0x07, 0x40,
 0x03, 0xaa, 0x09, 0x00, 0x08, 0x40, 0x04, 0x88,
 0x04, 0x0c, 0x00, 0xfe, 0x03, 0x07, 0x00, 0xe6,
 0x03, 0x01, 0x01, 0x0c, 0x43, 0x0a, 0x01, 0x00,
 0x01, 0x02, 0x01, 0x04, 0x00, 0x00, 0x00, 0x1b,
 0x03, 0xaa, 0x05, 0x00, 0x01, 0x00, 0xac, 0x09,
 0x00, 0x00, 0x00, 0xa4, 0x05, 0x00, 0x01, 0x00,
 0x26, 0x00, 0x00, 0xcf, 0xd7, 0x7d, 0xf2, 0x0d,
 0xd0, 0xcb, 0x41, 0x50, 0x01, 0x00, 0x00, 0xcc,
 0x24, 0x01, 0x00, 0x0e, 0x80, 0xf0, 0xf2, 0x0e,
 0x0e, 0xcb, 0x28, 0xa6, 0x04, 0xfc, 0x07, 0x25,
 0x08, 0x18, 0x1b, 0x1b, 0x0a, 0x20, 0x16, 0x35,
 0x31, 0x00, 0x0c, 0x43, 0x0a, 0x01, 0xe6, 0x07,
 0x01, 0x01, 0x01, 0x04, 0x00, 0x04, 0x00, 0x75,
 0x02, 0xbc, 0x04, 0x00, 0x01, 0x00, 0x10, 0x00,
 0x01, 0x00, 0xe6, 0x07, 0x06, 0x00, 0xa6, 0x09,
 0x01, 0x00, 0xfa, 0x07, 0x02, 0x00, 0xc4, 0x04,
 0x07, 0x00, 0x08, 0xcf, 0xcb, 0xe3, 0xa9, 0x95,
 0xf0, 0x08, 0xe3, 0x11, 0xd7, 0x21, 0x01, 0x00,
 0x28, 0xe4, 0x41, 0x1c, 0x01, 0x00, 0x00, 0xcb,
 0xd7, 0x24, 0x02, 0x00, 0x0e, 0xe5, 0x41, 0x1c,
 0x01, 0x00, 0x00, 0xcb, 0xd7, 0x24, 0x02, 0x00,
 0x0e, 0xcb, 0x0a, 0x42, 0x57, 0x02, 0x00, 0x00,
 0xd7, 0xf0, 0x44, 0xd7, 0x40, 0x29, 0x01, 0x00,
 0x00, 0x09, 0xad, 0xf0, 0x08, 0xcb, 0x09, 0x42,
 0x29, 0x01, 0x00, 0x00, 0xd7, 0x40, 0x42, 0x00,
 0x00, 0x00, 0x09, 0xad, 0xf0, 0x08, 0xcb, 0x09,
 0x42, 0x42, 0x00, 0x00, 0x00, 0xd7, 0x40, 0x57,
 0x02, 0x00, 0x00, 0x09, 0xad, 0xf0, 0x18, 0xcb,
 0x09, 0x42, 0x57, 0x02, 0x00, 0x00, 0xcb, 0x41,
 0x48, 0x02, 0x00, 0x00, 0x04, 0x2b, 0x01, 0x00,
 0x00, 0xe6, 0x24, 0x02, 0x00, 0x0e, 0x29, 0xa6,
 0x04, 0x8f, 0x08, 0x05, 0x2e, 0x12, 0x30, 0x1b,
 0x2a, 0x0c, 0x10, 0x1c, 0x65, 0x20, 0x1e, 0x07,
 0x0c, 0x1c, 0x29, 0x20, 0x1e, 0x07, 0x0c, 0x1c,
 0x29, 0x26, 0x08, 0x12, 0x04, 0x20, 0x2a, 0x16,
 0x0e, 0x26, 0x37, 0x20, 0x2a, 0x16, 0x0e, 0x26,
 0x37, 0x20, 0x34, 0x17, 0x37, 0x26, 0x00, 0x20,
 0x0a, 0x1b, 0x18, 0x00, 0x0c, 0x43, 0x0a, 0x01,
 0x8a, 0x01, 0x00, 0x01, 0x00, 0x01, 0x00, 0x00,
 0x00, 0x0e, 0x01, 0x10, 0x00, 0x01, 0x00, 0x08,
 0xcf, 0xcb, 0x40, 0x8d, 0x01, 0x00, 0x00, 0x40,
 0xec, 0x01, 0x00, 0x00, 0x28, 0xa6, 0x04, 0xa2,
 0x08, 0x0c, 0x00, 0x00, 0x0c, 0x43, 0x0a, 0x01,
 0x8a, 0x01, 0x00, 0x01, 0x00, 0x02, 0x00, 0x00,
 0x00, 0x1b, 0x01, 0x10, 0x00, 0x01, 0x00, 0x08,
 0xcf, 0xcb, 0x40, 0x8d, 0x01, 0x00, 0x00, 0x11,
 0xf0, 0x10, 0x0e, 0xcb, 0x40, 0x8d, 0x01, 0x00,
 0x00, 0x41, 0x23, 0x02, 0x00, 0x00, 0x24, 0x00,
 0x00, 0x28, 0xa6, 0x04, 0xab, 0x08, 0x0c, 0x02,
 0x76, 0x5e, 0x00, 0x0c, 0x43, 0x0a, 0x01, 0x8a,
 0x01, 0x00, 0x01, 0x00, 0x01, 0x00, 0x00, 0x00,
 0x0a, 0x01, 0x10, 0x00, 0x01, 0x00, 0x08, 0xcf,
 0xcb, 0x40, 0x8d, 0x01, 0x00, 0x00, 0xef, 0x28,
 0xa6, 0x04, 0xb4, 0x08, 0x0c, 0x00, 0x00, 0x0c,
 0x43, 0x0a, 0x01, 0xc4, 0x04, 0x00, 0x01, 0x00,
 0x04, 0x00, 0x01, 0x00, 0x20, 0x01, 0x10, 0x00,
 0x01, 0x00, 0xaa, 0x09, 0x08, 0x00, 0x08, 0xcf,
 0xcb, 0x40, 0x8d, 0x01, 0x00, 0x00, 0x40, 0x97,
 0x01, 0x00, 0x00, 0xf0, 0x02, 0x29, 0x38, 0x8e,
 0x01, 0x00, 0x00, 0x41, 0x8f, 0x01, 0x00, 0x00,
 0xe3, 0xcb, 0x24, 0x02, 0x00, 0x29, 0xa6, 0x04,
 0xb8, 0x08, 0x05, 0x04, 0x54, 0x04, 0x34, 0x22,
 0x00, 0x0c, 0x43, 0x0a, 0x01, 0xaa, 0x09, 0x01,
 0x00, 0x01, 0x02, 0x00, 0x00, 0x00, 0x0a, 0x01,
 0xa8, 0x06, 0x00, 0x01, 0x00, 0xd7, 0x41, 0x2b,
 0x01, 0x00, 0x00, 0x24, 0x00, 0x00, 0x29, 0xa6,
 0x04, 0xbc, 0x08, 0x05, 0x04, 0x03, 0x04, 0x20,
 0x0c, 0x00, 0x0c, 0x43, 0x0a, 0x01, 0x8a, 0x01,
 0x00, 0x01, 0x00, 0x02, 0x00, 0x00, 0x00, 0x33,
 0x01, 0x10, 0x00, 0x01, 0x00, 0x08, 0xcf, 0xcb,
 0x40, 0x91, 0x01, 0x00, 0x00, 0xf8, 0x11, 0xf1,
 0x09, 0x0e, 0xcb, 0x40, 0x8d, 0x01, 0x00, 0x00,
 0xf8, 0xf0, 0x03, 0x09, 0x28, 0xcb, 0x40, 0x91,
 0x01, 0x00, 0x00, 0x40, 0x92, 0x01, 0x00, 0x00,
 0x11, 0xf0, 0x0d, 0x0e, 0xcb, 0x40, 0x8d, 0x01,
 0x00, 0x00, 0x40, 0x92, 0x01, 0x00, 0x00, 0x28,
 0xa6, 0x04, 0xc4, 0x08, 0x0c, 0x04, 0x2b, 0x32,
 0x39, 0x44, 0x00, 0x0c, 0x43, 0x0a, 0x01, 0x8c,
 0x01, 0x01, 0x01, 0x01, 0x02, 0x00, 0x00, 0x00,
 0x30, 0x02, 0x88, 0x01, 0x00, 0x01, 0x00, 0x10,
 0x00, 0x01, 0x00, 0x08, 0xcf, 0xcb, 0x40, 0x91,
 0x01, 0x00, 0x00, 0xf8, 0x11, 0xf1, 0x09, 0x0e,
 0xcb, 0x40, 0x8d, 0x01, 0x00, 0x00, 0xf8, 0xf0,
 0x02, 0x29, 0xcb, 0x40, 0x91, 0x01, 0x00, 0x00,
 0xd7, 0x42, 0x92, 0x01, 0x00, 0x00, 0xcb, 0x40,
 0x8d, 0x01, 0x00, 0x00, 0xd7, 0x42, 0x92, 0x01,
 0x00, 0x00, 0x29, 0xa6, 0x04, 0xca, 0x08, 0x0c,
 0x0c, 0x2b, 0x32, 0x39, 0x44, 0x19, 0x7b, 0x20,
 0x40, 0x21, 0x3f, 0x20, 0x40, 0x00, 0xc5, 0x01,
 0xc8, 0x06, 0xc5, 0x05, 0xc8, 0x07, 0xc5, 0x06,
 0xc8, 0x08, 0x38, 0x9e, 0x00, 0x00, 0x00, 0x40,
 0x31, 0x00, 0x00, 0x00, 0x11, 0xf1, 0x04, 0x0e,
 0xc5, 0x00, 0xcf, 0xd8, 0xc7, 0x06, 0x42, 0xf2,
 0x00, 0x00, 0x00, 0xe3, 0xf4, 0xd0, 0xe4, 0xf4,
 0xd1, 0xe5, 0x04, 0x82, 0x01, 0x00, 0x00, 0xf5,
 0x41, 0x4c, 0x02, 0x00, 0x00, 0xc7, 0x06, 0xcc,
 0x24, 0x02, 0x00, 0x0e, 0xcb, 0xcd, 0x40, 0x3f,
 0x00, 0x00, 0x00, 0xf5, 0xd2, 0xba, 0xc8, 0x05,
 0xc7, 0x05, 0xce, 0xef, 0xa5, 0xf0, 0x37, 0xce,
 0xc7, 0x05, 0x46, 0xc8, 0x04, 0xc7, 0x06, 0x40,
 0x3f, 0x00, 0x00, 0x00, 0xc7, 0x04, 0x46, 0x95,
 0xf0, 0x20, 0xc7, 0x06, 0x40, 0x3f, 0x00, 0x00,
 0x00, 0xc7, 0x04, 0x1b, 0x11, 0xaf, 0xf1, 0x04,
 0x1b, 0x71, 0x1b, 0x1b, 0xcd, 0x40, 0x3f, 0x00,
 0x00, 0x00, 0xc7, 0x04, 0x46, 0x1b, 0x71, 0x1b,
 0x48, 0x92, 0x05, 0xf2, 0xc4, 0x38, 0x9e, 0x00,
 0x00, 0x00, 0x41, 0x6d, 0x00, 0x00, 0x00, 0xc7,
 0x06, 0x40, 0x3f, 0x00, 0x00, 0x00, 0x04, 0x13,
 0x02, 0x00, 0x00, 0x0b, 0x09, 0x4b, 0x43, 0x00,
 0x00, 0x00, 0xc5, 0x02, 0x4b, 0x45, 0x00, 0x00,
 0x00, 0x24, 0x03, 0x00, 0x0e, 0x38, 0x9e, 0x00,
 0x00, 0x00, 0x41, 0x6d, 0x00, 0x00, 0x00, 0xc7,
 0x06, 0x40, 0x3f, 0x00, 0x00, 0x00, 0x04, 0x4f,
 0x02, 0x00, 0x00, 0x0b, 0x09, 0x4b, 0x43, 0x00,
 0x00, 0x00, 0xc5, 0x03, 0x4b, 0x45, 0x00, 0x00,
 0x00, 0x24, 0x03, 0x00, 0x0e, 0x38, 0x9e, 0x00,
 0x00, 0x00, 0x41, 0x6d, 0x00, 0x00, 0x00, 0xc7,
 0x06, 0x40, 0x3f, 0x00, 0x00, 0x00, 0x04, 0x50,
 0x02, 0x00, 0x00, 0x0b, 0x09, 0x4b, 0x43, 0x00,
 0x00, 0x00, 0xc5, 0x04, 0x4b, 0x45, 0x00, 0x00,
 0x00, 0x24, 0x03, 0x00, 0x0e, 0x38, 0x9e, 0x00,
 0x00, 0x00, 0x41, 0x6d, 0x00, 0x00, 0x00, 0xc7,
 0x06, 0x40, 0x3f, 0x00, 0x00, 0x00, 0x04, 0x92,
 0x01, 0x00, 0x00, 0x0b, 0x09, 0x4b, 0x43, 0x00,
 0x00, 0x00, 0xc5, 0x07, 0x4b, 0x45, 0x00, 0x00,
 0x00, 0xc5, 0x08, 0x4b, 0x46, 0x00, 0x00, 0x00,
 0x24, 0x03, 0x00, 0x29, 0xa6, 0x04, 0xfa, 0x07,
 0x03, 0x48, 0x40, 0x26, 0x00, 0x11, 0x0a, 0x21,
 0x07, 0x24, 0x26, 0x03, 0x12, 0x00, 0x12, 0x1f,
 0x3e, 0x32, 0x0c, 0x12, 0x1d, 0x31, 0x07, 0x16,
 0x2b, 0x19, 0x11, 0x0e, 0x0c, 0x08, 0x1c, 0x09,
 0x07, 0x0a, 0x1c, 0x11, 0x25, 0x24, 0x20, 0x12,
 0x25, 0x24, 0x39, 0x14, 0x20, 0x28, 0x00, 0x07,
 0x03, 0x69, 0x00, 0x04, 0x2c, 0x3d, 0x34, 0x2c,
 0x00, 0x1e, 0x12, 0x2b, 0x34, 0x2c, 0x00, 0x1e,
 0x12, 0x2b, 0x34, 0x2c, 0x00, 0x1e, 0x20, 0x2b,
 0x34, 0x2c, 0x00, 0x0c, 0x42, 0x0b, 0x01, 0x00,
 0x02, 0x05, 0x02, 0x02, 0x05, 0x01, 0x04, 0x23,
 0x07, 0xa8, 0x04, 0x00, 0x01, 0x00, 0xaa, 0x04,
 0x00, 0x01, 0x00, 0xb4, 0x07, 0x00, 0x00, 0x40,
 0x00, 0x90, 0x09, 0x00, 0x01, 0x40, 0x02, 0xb0,
 0x09, 0x00, 0x02, 0x40, 0x03, 0xb2, 0x09, 0x00,
 0x03, 0x40, 0x04, 0xb4, 0x09, 0x00, 0x04, 0x40,
 0x01, 0xfa, 0x03, 0x05, 0x00, 0x0c, 0x43, 0x0a,
 0x01, 0x90, 0x09, 0x01, 0x01, 0x01, 0x01, 0x02,
 0x00, 0x01, 0x05, 0x02, 0xfe, 0x08, 0x00, 0x01,
 0x40, 0x01, 0xb6, 0x09, 0x00, 0x00, 0x40, 0x00,
 0x0c, 0x43, 0x0a, 0x01, 0x00, 0x00, 0x05, 0x00,
 0x04, 0x00, 0x02, 0x00, 0x44, 0x05, 0xb8, 0x09,
 0x00, 0x00, 0x00, 0xba, 0x09, 0x00, 0x01, 0x00,
 0xbc, 0x09, 0x00, 0x02, 0x00, 0xa2, 0x01, 0x00,
 0x01, 0x00, 0x10, 0x00, 0x01, 0x00, 0xb6, 0x09,
 0x00, 0x00, 0xfe, 0x08, 0x00, 0x01, 0x08, 0xc8,
 0x04, 0x0c, 0x00, 0xd2, 0xe3, 0xf0, 0x02, 0x29,
 0x0a, 0xe7, 0xce, 0xef, 0xcf, 0x38, 0x9f, 0x00,
 0x00, 0x00, 0x11, 0xcb, 0x21, 0x01, 0x00, 0xd0,
 0xba, 0xd1, 0xcd, 0xcb, 0xa5, 0xf0, 0x17, 0xcc,
 0xcd, 0x1b, 0x11, 0xaf, 0xf1, 0x04, 0x1b, 0x71,
 0x1b, 0x1b, 0xce, 0xcd, 0x46, 0x1b, 0x71, 0x1b,
 0x48, 0x92, 0x02, 0xf2, 0xe6, 0xe4, 0x41, 0x62,
 0x00, 0x00, 0x00, 0xc7, 0x04, 0xcc, 0x24, 0x02,
 0x00, 0x29, 0xa6, 0x04, 0xdc, 0x08, 0x0e, 0x20,
 0x21, 0x01, 0x17, 0x07, 0x0d, 0x20, 0x11, 0x3a,
 0x20, 0x0c, 0x25, 0x22, 0x07, 0x0e, 0x17, 0x91,
 0x01, 0x07, 0x0a, 0x34, 0x10, 0x07, 0x14, 0x1f,
 0x70, 0x19, 0xa1, 0x01, 0x20, 0x1e, 0x0c, 0x0c,
 0x00, 0x09, 0xcf, 0xc5, 0x00, 0x28, 0xa6, 0x04,
 0xda, 0x08, 0x05, 0x00, 0x00, 0x0c, 0x43, 0x0a,
 0x01, 0xb0, 0x09, 0x00, 0x00, 0x00, 0x00, 0x00,
 0x00, 0x00, 0x01, 0x00, 0x29, 0xa6, 0x04, 0xe5,
 0x08, 0x05, 0x00, 0x00, 0x0c, 0x43, 0x0a, 0x01,
 0xb2, 0x09, 0x01, 0x00, 0x01, 0x02, 0x00, 0x00,
 0x00, 0x12, 0x01, 0xb8, 0x06, 0x00, 0x01, 0x00,
 0xd7, 0x40, 0x5f, 0x02, 0x00, 0x00, 0x11, 0xf0,
 0x09, 0x0e, 0xd7, 0x40, 0x60, 0x02, 0x00, 0x00,
 0xfb, 0x28, 0xa6, 0x04, 0xe7, 0x08, 0x05, 0x06,
 0x03, 0x12, 0x34, 0x36, 0x20, 0x22, 0x00, 0x0c,
 0x43, 0x0a, 0x01, 0xb4, 0x09, 0x03, 0x0a, 0x03,
 0x04, 0x0c, 0x05, 0x07, 0xdf, 0x02, 0x0d, 0xb8,
 0x06, 0x00, 0x01, 0x40, 0x00, 0xb6, 0x04, 0x00,
 0x01, 0x00, 0xfe, 0x08, 0x00, 0x01, 0x40, 0x05,
 0xd2, 0x04, 0x00, 0x00, 0x40, 0x04, 0x84, 0x01,
 0x00, 0x01, 0x40, 0x02, 0xc2, 0x09, 0x00, 0x02,
 0x40, 0x09, 0xc4, 0x09, 0x00, 0x03, 0x40, 0x03,
 0xc6, 0x09, 0x00, 0x04, 0x40, 0x01, 0xc8, 0x09,
 0x00, 0x05, 0x40, 0x06, 0xc4, 0x04, 0x00, 0x06,
 0x40, 0x0a, 0xc8, 0x04, 0x00, 0x07, 0x40, 0x0b,
 0xc6, 0x04, 0x00, 0x08, 0x40, 0x07, 0xca, 0x09,
 0x00, 0x09, 0x40, 0x08, 0xb4, 0x07, 0x00, 0x00,
 0xb4, 0x09, 0x04, 0x00, 0x90, 0x09, 0x01, 0x00,
 0xb0, 0x09, 0x02, 0x00, 0xb2, 0x09, 0x03, 0x00,
 0x0c, 0x43, 0x0a, 0x01, 0xcc, 0x09, 0x00, 0x00,
 0x00, 0x01, 0x00, 0x02, 0x00, 0x0d, 0x00, 0xb8,
 0x06, 0x00, 0x01, 0xc6, 0x09, 0x04, 0x00, 0xe3,
 0x40, 0x42, 0x00, 0x00, 0x00, 0x95, 0xf0, 0x04,
 0xe4, 0xf4, 0x0e, 0x29, 0xa6, 0x04, 0xf0, 0x08,
 0x1c, 0x04, 0x03, 0x1b, 0x2f, 0x22, 0x00, 0x0c,
 0x43, 0x0a, 0x01, 0xce, 0x09, 0x00, 0x00, 0x00,
 0x03, 0x00, 0x05, 0x00, 0x16, 0x00, 0x84, 0x01,
 0x01, 0x00, 0xc4, 0x09, 0x03, 0x00, 0xd2, 0x04,
 0x00, 0x00, 0xfe, 0x08, 0x02, 0x01, 0xb8, 0x06,
 0x00, 0x01, 0x09, 0xe7, 0x0a, 0xe8, 0xe5, 0x95,
 0xf0, 0x0e, 0xe6, 0x41, 0x1c, 0x01, 0x00, 0x00,
 0x5d, 0x04, 0x00, 0x24, 0x01, 0x00, 0x0e, 0x29,
 0xa6, 0x04, 0xf4, 0x08, 0x16, 0x0a, 0x03, 0x19,
 0x0d, 0x00, 0x0d, 0x0a, 0x16, 0x14, 0x20, 0x1c,
 0x00, 0x0c, 0x43, 0x0a, 0x01, 0xd0, 0x09, 0x00,
 0x00, 0x00, 0x03, 0x00, 0x05, 0x00, 0x16, 0x00,
 0xd2, 0x04, 0x00, 0x00, 0xc8, 0x09, 0x05, 0x00,
 0x84, 0x01, 0x01, 0x00, 0xfe, 0x08, 0x02, 0x01,
 0xb8, 0x06, 0x00, 0x01, 0x09, 0xe7, 0x0a, 0xe8,
 0xe5, 0x95, 0xf0, 0x0e, 0xe6, 0x41, 0x1c, 0x01,
 0x00, 0x00, 0x5d, 0x04, 0x00, 0x24, 0x01, 0x00,
 0x0e, 0x29, 0xa6, 0x04, 0xfa, 0x08, 0x13, 0x0a,
 0x03, 0x13, 0x0d, 0x00, 0x0d, 0x0a, 0x16, 0x14,
 0x20, 0x1c, 0x00, 0x0c, 0x43, 0x0a, 0x01, 0xd2,
 0x09, 0x01, 0x00, 0x01, 0x04, 0x00, 0x02, 0x00,
 0x0c, 0x01, 0x90, 0x06, 0x00, 0x01, 0x00, 0xfe,
 0x08, 0x02, 0x01, 0xb8, 0x06, 0x00, 0x01, 0xe3,
 0x41, 0x1c, 0x01, 0x00, 0x00, 0xe4, 0xd7, 0x24,
 0x02, 0x00, 0x29, 0xa6, 0x04, 0xff, 0x08, 0x15,
 0x06, 0x03, 0x17, 0x20, 0x1c, 0x07, 0x10, 0x00,
 0x0c, 0x43, 0x0a, 0x01, 0xd4, 0x09, 0x00, 0x01,
 0x00, 0x04, 0x00, 0x07, 0x00, 0x6b, 0x01, 0x90,
 0x06, 0x00, 0x00, 0x00, 0xd2, 0x04, 0x00, 0x00,
 0xc8, 0x09, 0x05, 0x00, 0xb8, 0x06, 0x00, 0x01,
 0xb4, 0x07, 0x00, 0x02, 0xfe, 0x08, 0x02, 0x01,
 0x84, 0x01, 0x01, 0x00, 0xc4, 0x09, 0x03, 0x00,
 0xe3, 0xf0, 0x31, 0xe4, 0x95, 0xf0, 0x2d, 0xe5,
 0x40, 0x91, 0x01, 0x00, 0x00, 0x95, 0x11, 0xf1,
 0x0e, 0x0e, 0xe5, 0x40, 0x91, 0x01, 0x00, 0x00,
 0x40, 0x97, 0x01, 0x00, 0x00, 0x95, 0xf0, 0x07,
 0xe6, 0x11, 0x21, 0x00, 0x00, 0xcf, 0x5d, 0x04,
 0x00, 0x41, 0x1c, 0x01, 0x00, 0x00, 0xe5, 0xcb,
 0x25, 0x02, 0x00, 0x5d, 0x05, 0x00, 0xf0, 0x33,
 0x5d, 0x06, 0x00, 0x95, 0xf0, 0x2d, 0xe5, 0x40,
 0x8d, 0x01, 0x00, 0x00, 0x95, 0x11, 0xf1, 0x0e,
 0x0e, 0xe5, 0x40, 0x8d, 0x01, 0x00, 0x00, 0x40,
 0x97, 0x01, 0x00, 0x00, 0x95, 0xf0, 0x07, 0xe6,
 0x11, 0x21, 0x00, 0x00, 0xcf, 0x5d, 0x04, 0x00,
 0x41, 0x1c, 0x01, 0x00, 0x00, 0xe5, 0xcb, 0x25,
 0x02, 0x00, 0x29, 0xa6, 0x04, 0x82, 0x09, 0x15,
 0x20, 0x04, 0x0f, 0x11, 0x1a, 0x17, 0x13, 0x39,
 0x34, 0x48, 0x4e, 0x21, 0x7d, 0x2a, 0x1c, 0x07,
 0x10, 0x18, 0x35, 0x1b, 0x1a, 0x21, 0x13, 0x39,
 0x34, 0x48, 0x4e, 0x21, 0x7d, 0x2a, 0x1c, 0x07,
 0x10, 0x00, 0x0c, 0x43, 0x0a, 0x01, 0xd6, 0x09,
 0x00, 0x00, 0x00, 0x04, 0x00, 0x02, 0x00, 0x15,
 0x00, 0xb8, 0x06, 0x00, 0x01, 0xc6, 0x09, 0x04,
 0x00, 0xe3, 0x40, 0x6c, 0x02, 0x00, 0x00, 0x41,
 0x34, 0x01, 0x00, 0x00, 0x04, 0x0f, 0x02, 0x00,
 0x00, 0xe4, 0x24, 0x02, 0x00, 0x29, 0xa6, 0x04,
 0x8d, 0x09, 0x17, 0x06, 0x03, 0x1b, 0x39, 0x16,
 0x1b, 0x1a, 0x00, 0x0c, 0x43, 0x0a, 0x01, 0x00,
 0x00, 0x00, 0x00, 0x04, 0x00, 0x07, 0x00, 0xb5,
 0x01, 0x00, 0xb8, 0x06, 0x00, 0x01, 0xc6, 0x09,
 0x04, 0x00, 0xc6, 0x04, 0x08, 0x00, 0xca, 0x09,
 0x09, 0x00, 0xc2, 0x09, 0x02, 0x00, 0xc4, 0x04,
 0x06, 0x00, 0xc8, 0x04, 0x07, 0x00, 0xe3, 0x41,
 0x30, 0x01, 0x00, 0x00, 0x04, 0x6d, 0x02, 0x00,
 0x00, 0xe4, 0x24, 0x02, 0x00, 0x0e, 0xe3, 0x41,
 0x30, 0x01, 0x00, 0x00, 0x04, 0x60, 0x02, 0x00,
 0x00, 0xe5, 0x24, 0x02, 0x00, 0x0e, 0xe3, 0x41,
 0x30, 0x01, 0x00, 0x00, 0x04, 0x6e, 0x02, 0x00,
 0x00, 0xe6, 0x24, 0x02, 0x00, 0x0e, 0xe3, 0x40,
 0x6c, 0x02, 0x00, 0x00, 0xf0, 0x16, 0xe3, 0x40,
 0x6c, 0x02, 0x00, 0x00, 0x41, 0x30, 0x01, 0x00,
 0x00, 0x04, 0x0f, 0x02, 0x00, 0x00, 0xe4, 0x24,
 0x02, 0x00, 0x0e, 0xe3, 0x41, 0x30, 0x01, 0x00,
 0x00, 0x04, 0x2b, 0x01, 0x00, 0x00, 0x5d, 0x04,
 0x00, 0x24, 0x02, 0x00, 0x0e, 0xe3, 0x41, 0x30,
 0x01, 0x00, 0x00, 0x04, 0x33, 0x01, 0x00, 0x00,
 0x5d, 0x04, 0x00, 0x24, 0x02, 0x00, 0x0e, 0xe3,
 0x41, 0x30, 0x01, 0x00, 0x00, 0x04, 0x0f, 0x02,
 0x00, 0x00, 0xe4, 0x24, 0x02, 0x00, 0x0e, 0xe3,
 0x41, 0x30, 0x01, 0x00, 0x00, 0x04, 0x2b, 0x01,
 0x00, 0x00, 0x5d, 0x05, 0x00, 0x24, 0x02, 0x00,
 0x0e, 0xe3, 0x41, 0x30, 0x01, 0x00, 0x00, 0x04,
 0x37, 0x00, 0x00, 0x00, 0x5d, 0x06, 0x00, 0x24,
 0x02, 0x00, 0x0e, 0xe3, 0x41, 0x30, 0x01, 0x00,
 0x00, 0x04, 0x33, 0x01, 0x00, 0x00, 0xe5, 0x24,
 0x02, 0x00, 0x29, 0xa6, 0x04, 0x9d, 0x09, 0x0e,
 0x3e, 0x03, 0x09, 0x20, 0x0e, 0x1b, 0x36, 0x1c,
 0x43, 0x20, 0x0e, 0x1b, 0x30, 0x1c, 0x3d, 0x20,
 0x0e, 0x1b, 0x34, 0x1c, 0x39, 0x2a, 0x18, 0x39,
 0x16, 0x1b, 0x32, 0x1c, 0x67, 0x20, 0x0e, 0x1b,
 0x2c, 0x26, 0x39, 0x20, 0x0e, 0x1b, 0x30, 0x26,
 0x3d, 0x20, 0x0e, 0x1b, 0x32, 0x1c, 0x3f, 0x20,
 0x0e, 0x1b, 0x2c, 0x26, 0x39, 0x20, 0x0e, 0x1b,
 0x30, 0x26, 0x3d, 0x20, 0x0e, 0x1b, 0x30, 0x00,
 0xd8, 0xfb, 0xf0, 0x08, 0xe4, 0xd7, 0x07, 0xd8,
 0x23, 0x03, 0x00, 0xd8, 0x95, 0xf0, 0x03, 0x0b,
 0xdc, 0xe5, 0xd9, 0x11, 0xf1, 0x03, 0x0e, 0xe6,
 0xf5, 0xdd, 0xd8, 0x40, 0x29, 0x01, 0x00, 0x00,
 0x11, 0xf1, 0x14, 0x0e, 0xd8, 0x40, 0x29, 0x01,
 0x00, 0x00, 0x09, 0xae, 0x11, 0xf0, 0x08, 0x0e,
 0xd7, 0x40, 0x29, 0x01, 0x00, 0x00, 0xcf, 0xd8,
 0x40, 0x42, 0x00, 0x00, 0x00, 0x11, 0xf1, 0x14,
 0x0e, 0xd8, 0x40, 0x42, 0x00, 0x00, 0x00, 0x09,
 0xae, 0x11, 0xf0, 0x08, 0x0e, 0xd7, 0x40, 0x42,
 0x00, 0x00, 0x00, 0xd0, 0xc5, 0x00, 0xd1, 0xd7,
 0x40, 0x8d, 0x01, 0x00, 0x00, 0x11, 0xf0, 0x0d,
 0x0e, 0xd7, 0x40, 0x8d, 0x01, 0x00, 0x00, 0x40,
 0x0e, 0x01, 0x00, 0x00, 0xd2, 0xc5, 0x01, 0xc8,
 0x04, 0xd7, 0x40, 0x91, 0x01, 0x00, 0x00, 0x11,
 0xf0, 0x0d, 0x0e, 0xd7, 0x40, 0x91, 0x01, 0x00,
 0x00, 0x40, 0x98, 0x01, 0x00, 0x00, 0xc8, 0x05,
 0xc5, 0x02, 0xc8, 0x06, 0xc5, 0x03, 0xc8, 0x07,
 0xc5, 0x04, 0xc8, 0x08, 0xc5, 0x05, 0xc8, 0x09,
 0x5d, 0x04, 0x00, 0xd7, 0xf5, 0xf0, 0x44, 0xd7,
 0x41, 0x34, 0x01, 0x00, 0x00, 0x04, 0x6d, 0x02,
 0x00, 0x00, 0xc7, 0x04, 0x24, 0x02, 0x00, 0x0e,
 0xd7, 0x41, 0x34, 0x01, 0x00, 0x00, 0x04, 0x60,
 0x02, 0x00, 0x00, 0xc7, 0x08, 0x24, 0x02, 0x00,
 0x0e, 0xd7, 0x40, 0x6c, 0x02, 0x00, 0x00, 0xf0,
 0x07, 0xc7, 0x09, 0xf4, 0x0e, 0xf2, 0x40, 0xd7,
 0x41, 0x34, 0x01, 0x00, 0x00, 0x04, 0x6e, 0x02,
 0x00, 0x00, 0xc7, 0x09, 0x24, 0x02, 0x00, 0x0e,
 0xf2, 0x2d, 0xcc, 0xf0, 0x2a, 0xd7, 0x40, 0x8d,
 0x01, 0x00, 0x00, 0x95, 0xf0, 0x21, 0xd7, 0x41,
 0x34, 0x01, 0x00, 0x00, 0x04, 0x2b, 0x01, 0x00,
 0x00, 0xcd, 0x24, 0x02, 0x00, 0x0e, 0xd7, 0x41,
 0x34, 0x01, 0x00, 0x00, 0x04, 0x33, 0x01, 0x00,
 0x00, 0xcd, 0x24, 0x02, 0x00, 0x0e, 0xd7, 0x41,
 0x34, 0x01, 0x00, 0x00, 0x04, 0x2b, 0x01, 0x00,
 0x00, 0xc7, 0x06, 0x24, 0x02, 0x00, 0x0e, 0xd7,
 0x41, 0x34, 0x01, 0x00, 0x00, 0x04, 0x0f, 0x02,
 0x00, 0x00, 0xc7, 0x04, 0x24, 0x02, 0x00, 0x0e,
 0xd8, 0x40, 0x37, 0x00, 0x00, 0x00, 0x09, 0xae,
 0xf0, 0x12, 0xd7, 0x41, 0x34, 0x01, 0x00, 0x00,
 0x04, 0x37, 0x00, 0x00, 0x00, 0xc7, 0x07, 0x24,
 0x02, 0x00, 0x0e, 0xd7, 0x41, 0x34, 0x01, 0x00,
 0x00, 0x04, 0x33, 0x01, 0x00, 0x00, 0xc7, 0x08,
 0x24, 0x02, 0x00, 0x0e, 0xc5, 0x06, 0x28, 0xa6,
 0x04, 0xea, 0x08, 0x05, 0x78, 0x03, 0x1a, 0x07,
 0x12, 0x11, 0x26, 0x07, 0x08, 0x0c, 0x1c, 0x17,
 0x67, 0x16, 0x0c, 0x0d, 0x00, 0x07, 0x0a, 0x1b,
 0x18, 0x12, 0x19, 0x34, 0x22, 0x20, 0x24, 0x20,
 0x12, 0x26, 0x57, 0x34, 0x22, 0x20, 0x24, 0x20,
 0x12, 0x00, 0x0a, 0x08, 0x4d, 0x34, 0x32, 0x00,
 0x10, 0x0c, 0x31, 0x34, 0x32, 0x00, 0x1d, 0x2e,
 0x51, 0x11, 0x14, 0x17, 0x17, 0x20, 0x0e, 0x1b,
 0x1e, 0x21, 0x2b, 0x20, 0x0e, 0x1b, 0x18, 0x21,
 0x1d, 0x2a, 0x18, 0x21, 0x15, 0x20, 0x0e, 0x1b,
 0x1c, 0x2b, 0x21, 0x11, 0x1a, 0x30, 0x2b, 0x20,
 0x0e, 0x1b, 0x14, 0x1c, 0x21, 0x20, 0x0e, 0x1b,
 0x18, 0x1d, 0x29, 0x20, 0x0e, 0x1b, 0x14, 0x21,
 0x21, 0x20, 0x0e, 0x1b, 0x1a, 0x21, 0x1f, 0x20,
 0x1e, 0x16, 0x0e, 0x20, 0x0e, 0x1b, 0x18, 0x21,
 0x59, 0x20, 0x0e, 0x1b, 0x18, 0x00, 0xc5, 0x00,
 0xd0, 0xc5, 0x01, 0xd1, 0xc5, 0x02, 0xd2, 0xc5,
 0x03, 0xc8, 0x04, 0xe3, 0xf4, 0x40, 0xa0, 0x01,
 0x00, 0x00, 0x40, 0xda, 0x01, 0x00, 0x00, 0xcf,
 0xd8, 0xc7, 0x04, 0x42, 0xf2, 0x00, 0x00, 0x00,
 0x29, 0xa6, 0x04, 0xd7, 0x08, 0x03, 0x09, 0x45,
 0x46, 0x00, 0x0d, 0xa2, 0x01, 0x41, 0x07, 0x24,
 0x00, 0x0c, 0x42, 0x0b, 0x01, 0x00, 0x02, 0x13,
 0x02, 0x06, 0x10, 0x01, 0x0d, 0xd4, 0x01, 0x15,
 0xa8, 0x04, 0x00, 0x01, 0x00, 0xaa, 0x04, 0x00,
 0x01, 0x00, 0xde, 0x09, 0x00, 0x00, 0x00, 0xfe,
 0x04, 0x00, 0x01, 0x40, 0x0d, 0x86, 0x05, 0x00,
 0x02, 0x40, 0x00, 0x88, 0x05, 0x00, 0x03, 0x40,
 0x01, 0x80, 0x09, 0x00, 0x04, 0x40, 0x0e, 0xe0,
 0x09, 0x00, 0x05, 0x40, 0x02, 0xe2, 0x09, 0x00,
 0x06, 0x40, 0x05, 0xe4, 0x09, 0x00, 0x07, 0x40,
 0x0a, 0xe6, 0x09, 0x00, 0x08, 0x40, 0x08, 0xe8,
 0x09, 0x00, 0x09, 0x40, 0x04, 0xea, 0x09, 0x00,
 0x0a, 0x40, 0x09, 0xec, 0x09, 0x00, 0x0b, 0x40,
 0x03, 0xee, 0x09, 0x00, 0x0c, 0x40, 0x06, 0xf0,
 0x09, 0x00, 0x0d, 0x40, 0x07, 0xf2, 0x09, 0x00,
 0x0e, 0x40, 0x0f, 0xf4, 0x09, 0x00, 0x0f, 0x40,
 0x0b, 0xf6, 0x09, 0x00, 0x10, 0x00, 0xf8, 0x09,
 0x00, 0x11, 0x40, 0x0c, 0xfa, 0x09, 0x00, 0x12,
 0x00, 0x82, 0x04, 0x09, 0x00, 0x0c, 0x43, 0x0a,
 0x01, 0xfe, 0x04, 0x03, 0x00, 0x03, 0x06, 0x00,
 0x01, 0x00, 0x45, 0x03, 0xaa, 0x05, 0x00, 0x01,
 0x00, 0xa4, 0x05, 0x00, 0x01, 0x00, 0x88, 0x01,
 0x00, 0x01, 0x00, 0x86, 0x05, 0x02, 0x00, 0xe3,
 0xd8, 0xf5, 0xe0, 0xd7, 0xaa, 0xf0, 0x2c, 0x38,
 0x9e, 0x00, 0x00, 0x00, 0x41, 0x6d, 0x00, 0x00,
 0x00, 0xd7, 0xd8, 0x0b, 0xd9, 0x4b, 0x44, 0x00,
 0x00, 0x00, 0x0a, 0x4b, 0x43, 0x00, 0x00, 0x00,
 0x0a, 0x4b, 0x41, 0x00, 0x00, 0x00, 0x0a, 0x4b,
 0x42, 0x00, 0x00, 0x00, 0x24, 0x03, 0x00, 0x0e,
 0xf2, 0x11, 0xd7, 0xd8, 0x1b, 0x11, 0xaf, 0xf1,
 0x04, 0x1b, 0x71, 0x1b, 0x1b, 0xd9, 0x1b, 0x71,
 0x1b, 0x48, 0xd7, 0x28, 0xa6, 0x04, 0xb3, 0x09,
 0x05, 0x14, 0x03, 0x10, 0x07, 0x1e, 0x12, 0x13,
 0x17, 0x11, 0x34, 0x2c, 0x07, 0x0a, 0xa4, 0x35,
 0x07, 0x08, 0x34, 0x0e, 0x1d, 0x0b, 0x00, 0x0c,
 0x43, 0x0a, 0x01, 0x86, 0x05, 0x01, 0x01, 0x01,
 0x03, 0x00, 0x01, 0x00, 0x1c, 0x02, 0xba, 0x05,
 0x00, 0x01, 0x00, 0xa4, 0x05, 0x00, 0x00, 0x00,
 0x88, 0x05, 0x03, 0x00, 0xe3, 0xd7, 0x04, 0x4c,
 0x00, 0x00, 0x00, 0xf6, 0xd3, 0x96, 0x04, 0x4e,
 0x00, 0x00, 0x00, 0xad, 0xf0, 0x03, 0xcb, 0x28,
 0x38, 0xa2, 0x00, 0x00, 0x00, 0xcb, 0xf5, 0x28,
 0xa6, 0x04, 0xbc, 0x09, 0x05, 0x0e, 0x03, 0x18,
 0x07, 0x1a, 0x26, 0x11, 0x07, 0x10, 0x2f, 0x16,
 0x0c, 0x0c, 0x1b, 0x0e, 0x00, 0x0c, 0x43, 0x0a,
 0x01, 0x88, 0x05, 0x02, 0x02, 0x02, 0x05, 0x00,
 0x00, 0x00, 0x6a, 0x04, 0xc0, 0x01, 0x00, 0x01,
 0x00, 0xbc, 0x05, 0x00, 0x01, 0x00, 0xbe, 0x05,
 0x00, 0x00, 0x00, 0xc0, 0x05, 0x00, 0x01, 0x00,
 0xd7, 0x96, 0x04, 0x4d, 0x00, 0x00, 0x00, 0xae,
 0x11, 0xf1, 0x04, 0x0e, 0xd7, 0xf9, 0xf0, 0x03,
 0xd7, 0x28, 0xd7, 0x38, 0xa4, 0x00, 0x00, 0x00,
 0x40, 0x61, 0x01, 0x00, 0x00, 0x46, 0xd3, 0xf8,
 0xf1, 0x30, 0xcb, 0x41, 0x1c, 0x01, 0x00, 0x00,
 0xd7, 0xd8, 0x11, 0xf1, 0x07, 0x0e, 0x04, 0x16,
 0x00, 0x00, 0x00, 0x24, 0x02, 0x00, 0xd4, 0x96,
 0x04, 0x4d, 0x00, 0x00, 0x00, 0xae, 0xf0, 0x03,
 0xcc, 0x28, 0x38, 0xda, 0x00, 0x00, 0x00, 0x11,
 0x04, 0x62, 0x01, 0x00, 0x00, 0x21, 0x01, 0x00,
 0x30, 0xd8, 0x04, 0x4c, 0x00, 0x00, 0x00, 0xad,
 0xf0, 0x08, 0x38, 0xa2, 0x00, 0x00, 0x00, 0xf2,
 0x06, 0x38, 0xa1, 0x00, 0x00, 0x00, 0xd7, 0x23,
 0x01, 0x00, 0xa6, 0x04, 0xc0, 0x09, 0x05, 0x2a,
 0x03, 0x1a, 0x07, 0x14, 0x39, 0x18, 0x07, 0x14,
 0x11, 0x1a, 0x0d, 0x59, 0x07, 0x0c, 0x3a, 0x19,
 0x07, 0x12, 0x12, 0x01, 0x20, 0x14, 0x07, 0x0e,
 0x44, 0x1f, 0x07, 0x10, 0x2f, 0x22, 0x0d, 0x33,
 0x4f, 0x07, 0x07, 0x12, 0x2a, 0x16, 0x25, 0x12,
 0x1b, 0x10, 0x00, 0x0c, 0x43, 0x0a, 0x01, 0xee,
 0x09, 0x02, 0x00, 0x02, 0x02, 0x00, 0x00, 0x00,
 0x0e, 0x02, 0x88, 0x01, 0x00, 0x01, 0x00, 0xe2,
 0x01, 0x00, 0x01, 0x00, 0x0b, 0xd7, 0x4b, 0x44,
 0x00, 0x00, 0x00, 0xd8, 0x4b, 0x71, 0x00, 0x00,
 0x00, 0x28, 0xa6, 0x04, 0xd2, 0x09, 0x05, 0x00,
 0x00, 0x0c, 0x43, 0x0a, 0x01, 0xf0, 0x09, 0x01,
 0x02, 0x01, 0x04, 0x00, 0x05, 0x00, 0x50, 0x03,
 0xfc, 0x09, 0x00, 0x01, 0x00, 0x94, 0x02, 0x00,
 0x00, 0x00, 0xe2, 0x04, 0x00, 0x01, 0x00, 0xe0,
 0x09, 0x05, 0x00, 0xec, 0x09, 0x0b, 0x00, 0xe8,
 0x09, 0x09, 0x00, 0xe2, 0x09, 0x06, 0x00, 0xee,
 0x09, 0x0c, 0x00, 0xd7, 0xe3, 0x46, 0xd3, 0xf9,
 0xf1, 0x49, 0xd7, 0xe4, 0x46, 0x41, 0x7f, 0x02,
 0x00, 0x00, 0x24, 0x00, 0x00, 0xd4, 0xf9, 0xf1,
 0x3a, 0xd7, 0xe5, 0x1b, 0x11, 0xaf, 0xf1, 0x04,
 0x1b, 0x71, 0x1b, 0x1b, 0x07, 0x1b, 0x71, 0x1b,
 0x48, 0xd7, 0xe3, 0x1b, 0x11, 0xaf, 0xf1, 0x04,
 0x1b, 0x71, 0x1b, 0x1b, 0x07, 0x1b, 0x71, 0x1b,
 0x48, 0xd7, 0xe6, 0x1b, 0x11, 0xaf, 0xf1, 0x04,
 0x1b, 0x71, 0x1b, 0x1b, 0x07, 0x1b, 0x71, 0x1b,
 0x48, 0xcb, 0x5d, 0x04, 0x00, 0xcc, 0x09, 0xf6,
 0xf5, 0x0e, 0x29, 0xa6, 0x04, 0xd8, 0x09, 0x05,
 0x24, 0x03, 0x20, 0x07, 0x0a, 0x0d, 0x1d, 0x07,
 0x18, 0x12, 0x05, 0x07, 0x0a, 0x25, 0x12, 0x12,
 0x29, 0x07, 0x12, 0x12, 0x15, 0x07, 0x0a, 0x4e,
 0x09, 0x07, 0x0a, 0x4e, 0x09, 0x07, 0x0a, 0x4e,
 0x09, 0x07, 0x10, 0x11, 0x22, 0x00, 0x0c, 0x43,
 0x0a, 0x01, 0xf2, 0x09, 0x01, 0x00, 0x01, 0x04,
 0x00, 0x01, 0x00, 0x10, 0x01, 0xfc, 0x09, 0x00,
 0x01, 0x00, 0xf0, 0x09, 0x0d, 0x00, 0x38, 0x8e,
 0x01, 0x00, 0x00, 0x41, 0x8f, 0x01, 0x00, 0x00,
 0xe3, 0xd7, 0x24, 0x02, 0x00, 0x29, 0xa6, 0x04,
 0xe4, 0x09, 0x05, 0x06, 0x03, 0x04, 0x34, 0x22,
 0x07, 0x20, 0x00, 0x0c, 0x43, 0x0a, 0x01, 0xf4,
 0x09, 0x02, 0x00, 0x02, 0x01, 0x02, 0x03, 0x01,
 0x03, 0x02, 0x80, 0x0a, 0x00, 0x01, 0x40, 0x01,
 0xfc, 0x09, 0x00, 0x01, 0x40, 0x00, 0xe6, 0x09,
 0x08, 0x00, 0xee, 0x09, 0x0c, 0x00, 0xea, 0x09,
 0x0a, 0x00, 0x0c, 0x43, 0x0a, 0x01, 0x00, 0x02,
 0x00, 0x02, 0x04, 0x02, 0x05, 0x01, 0x0f, 0x02,
 0x94, 0x02, 0x00, 0x01, 0x40, 0x00, 0x96, 0x02,
 0x00, 0x01, 0x40, 0x01, 0xfc, 0x09, 0x01, 0x01,
 0xe6, 0x09, 0x00, 0x02, 0xee, 0x09, 0x01, 0x02,
 0xea, 0x09, 0x02, 0x02, 0x80, 0x0a, 0x00, 0x01,
 0x0c, 0x43, 0x0a, 0x01, 0x00, 0x00, 0x00, 0x00,
 0x04, 0x00, 0x06, 0x00, 0x19, 0x00, 0xfc, 0x09,
 0x00, 0x02, 0xe6, 0x09, 0x01, 0x02, 0x94, 0x02,
 0x00, 0x01, 0xee, 0x09, 0x02, 0x02, 0xea, 0x09,
 0x03, 0x02, 0x96, 0x02, 0x01, 0x01, 0xe3, 0xe4,
 0x46, 0xf0, 0x08, 0xe5, 0xe6, 0x06, 0x0a, 0xf6,
 0xf5, 0x29, 0xe3, 0x5d, 0x04, 0x00, 0x47, 0xe5,
 0x5d, 0x05, 0x00, 0x24, 0x02, 0x00, 0x29, 0xa6,
 0x04, 0xe9, 0x09, 0x1a, 0x12, 0x03, 0x15, 0x07,
 0x0a, 0x17, 0x0d, 0x07, 0x10, 0x07, 0x22, 0x1e,
 0x35, 0x07, 0x0a, 0x16, 0x20, 0x07, 0x12, 0x00,
 0x5d, 0x04, 0x00, 0x41, 0x89, 0x00, 0x00, 0x00,
 0xc5, 0x00, 0xd8, 0x24, 0x02, 0x00, 0x29, 0xa6,
 0x04, 0xe8, 0x09, 0x0e, 0x08, 0x03, 0x09, 0x2a,
 0x22, 0x00, 0x02, 0x0c, 0x1b, 0x00, 0xc5, 0x00,
 0x28, 0xa6, 0x04, 0xe7, 0x09, 0x05, 0x00, 0x00,
 0x0c, 0x43, 0x0a, 0x01, 0x00, 0x00, 0x00, 0x00,
 0x00, 0x00, 0x00, 0x00, 0x01, 0x00, 0x29, 0xa6,
 0x04, 0xf2, 0x09, 0x38, 0x00, 0x00, 0x0c, 0x42,
 0x0b, 0x01, 0x00, 0x00, 0x01, 0x00, 0x02, 0x00,
 0x01, 0x00, 0x06, 0x01, 0x10, 0x00, 0x01, 0x00,
 0xec, 0x09, 0x0b, 0x00, 0x08, 0xcf, 0xcb, 0xe3,
 0x46, 0x28, 0xa6, 0x04, 0xf5, 0x09, 0x07, 0x02,
 0x12, 0x1c, 0x00, 0x0c, 0x43, 0x0a, 0x01, 0xe4,
 0x01, 0x00, 0x06, 0x00, 0x05, 0x01, 0x07, 0x01,
 0xae, 0x01, 0x06, 0x92, 0x06, 0x00, 0x00, 0x40,
 0x00, 0x6e, 0x00, 0x01, 0x00, 0x80, 0x0a, 0x00,
 0x02, 0x00, 0x98, 0x02, 0x00, 0x03, 0x00, 0xe2,
 0x04, 0x00, 0x04, 0x00, 0x10, 0x00, 0x01, 0x00,
 0xe4, 0x09, 0x07, 0x00, 0xee, 0x09, 0x0c, 0x00,
 0xe6, 0x09, 0x08, 0x00, 0xec, 0x09, 0x0b, 0x00,
 0xe8, 0x09, 0x09, 0x00, 0xf4, 0x09, 0x0f, 0x00,
 0xea, 0x09, 0x0a, 0x00, 0x0c, 0x43, 0x0a, 0x01,
 0x00, 0x02, 0x00, 0x02, 0x03, 0x02, 0x03, 0x01,
 0x10, 0x02, 0x94, 0x02, 0x00, 0x01, 0x40, 0x01,
 0x96, 0x02, 0x00, 0x01, 0x40, 0x00, 0x92, 0x06,
 0x00, 0x00, 0xe4, 0x09, 0x00, 0x02, 0xee, 0x09,
 0x01, 0x02, 0x0c, 0x43, 0x0a, 0x01, 0x00, 0x00,
 0x00, 0x00, 0x04, 0x00, 0x05, 0x00, 0x16, 0x00,
 0x92, 0x06, 0x00, 0x02, 0xe4, 0x09, 0x01, 0x02,
 0x96, 0x02, 0x01, 0x01, 0x94, 0x02, 0x00, 0x01,
 0xee, 0x09, 0x02, 0x02, 0xe3, 0xe4, 0x46, 0xf0,
 0x08, 0xe5, 0xe3, 0xe4, 0x46, 0xf5, 0x0e, 0x29,
 0xe6, 0x5d, 0x04, 0x00, 0x06, 0x0a, 0xf6, 0xf5,
 0x0e, 0x29, 0xa6, 0x04, 0x83, 0x0a, 0x1e, 0x10,
 0x03, 0x15, 0x07, 0x0c, 0x17, 0x0f, 0x07, 0x0e,
 0x07, 0x0c, 0x1d, 0x19, 0x07, 0x10, 0x11, 0x22,
 0x00, 0x38, 0x8e, 0x01, 0x00, 0x00, 0x41, 0x8f,
 0x01, 0x00, 0x00, 0xc5, 0x00, 0x24, 0x01, 0x00,
 0x29, 0xa6, 0x04, 0x82, 0x0a, 0x1e, 0x04, 0x03,
 0x21, 0x34, 0x22, 0x00, 0x08, 0xc8, 0x05, 0xc7,
 0x05, 0xcf, 0xc7, 0x05, 0xe3, 0x46, 0xd4, 0xf9,
 0xf1, 0x0f, 0x38, 0xce, 0x00, 0x00, 0x00, 0x41,
 0x8b, 0x00, 0x00, 0x00, 0xcc, 0x25, 0x01, 0x00,
 0xc7, 0x05, 0xe5, 0x46, 0xf0, 0x12, 0x38, 0xce,
 0x00, 0x00, 0x00, 0x41, 0x8a, 0x00, 0x00, 0x00,
 0xe4, 0x06, 0x0a, 0xf6, 0x25, 0x01, 0x00, 0xc7,
 0x05, 0xe6, 0x46, 0x40, 0x92, 0x01, 0x00, 0x00,
 0xf0, 0x0d, 0x38, 0xce, 0x00, 0x00, 0x00, 0x11,
 0xc5, 0x00, 0x21, 0x01, 0x00, 0x28, 0xc7, 0x05,
 0x5d, 0x04, 0x00, 0x46, 0xd5, 0xf0, 0x14, 0x38,
 0xce, 0x00, 0x00, 0x00, 0x11, 0x5d, 0x05, 0x00,
 0xcd, 0xc7, 0x05, 0xf6, 0x21, 0x01, 0x00, 0xd2,
 0xf2, 0x34, 0xc7, 0x05, 0xe6, 0x46, 0x41, 0x7f,
 0x02, 0x00, 0x00, 0x24, 0x00, 0x00, 0xc9, 0x04,
 0xf9, 0xf1, 0x13, 0x38, 0xce, 0x00, 0x00, 0x00,
 0x41, 0x8a, 0x00, 0x00, 0x00, 0xe4, 0xc7, 0x04,
 0x09, 0xf6, 0x25, 0x01, 0x00, 0x38, 0xce, 0x00,
 0x00, 0x00, 0x11, 0xc7, 0x05, 0x5d, 0x06, 0x00,
 0x46, 0x21, 0x01, 0x00, 0xd2, 0xc7, 0x05, 0x5d,
 0x04, 0x00, 0x1b, 0x11, 0xaf, 0xf1, 0x04, 0x1b,
 0x71, 0x1b, 0x1b, 0xce, 0x1b, 0x71, 0x1b, 0x48,
 0xce, 0x28, 0xa6, 0x04, 0xf8, 0x09, 0x0d, 0x3c,
 0x2c, 0x1a, 0x0d, 0x19, 0x07, 0x14, 0x12, 0x09,
 0x34, 0x1e, 0x22, 0x1d, 0x17, 0x00, 0x34, 0x20,
 0x07, 0x22, 0x2c, 0x41, 0x30, 0x08, 0x00, 0x0e,
 0x14, 0x14, 0x18, 0x25, 0x12, 0x18, 0x20, 0x10,
 0x11, 0x18, 0x40, 0x23, 0x25, 0x12, 0x12, 0x29,
 0x0c, 0x12, 0x12, 0x07, 0x34, 0x20, 0x07, 0x22,
 0x27, 0x37, 0x2a, 0x1a, 0x2c, 0x39, 0x0c, 0x0a,
 0x3e, 0x20, 0x1c, 0x1b, 0x00, 0x0c, 0x43, 0x0a,
 0x01, 0x00, 0x00, 0x01, 0x00, 0x01, 0x00, 0x00,
 0x00, 0x04, 0x01, 0x10, 0x00, 0x01, 0x00, 0x08,
 0xcf, 0xcb, 0x28, 0xa6, 0x04, 0x9a, 0x0a, 0x45,
 0x00, 0x00, 0x0c, 0x43, 0x0a, 0x01, 0x82, 0x0a,
 0x00, 0x02, 0x00, 0x03, 0x01, 0x02, 0x01, 0x10,
 0x02, 0x84, 0x0a, 0x00, 0x00, 0x40, 0x00, 0x10,
 0x00, 0x01, 0x00, 0xee, 0x09, 0x0c, 0x00, 0xec,
 0x09, 0x0b, 0x00, 0x0c, 0x43, 0x0a, 0x01, 0x00,
 0x02, 0x00, 0x02, 0x04, 0x02, 0x03, 0x01, 0x0f,
 0x02, 0x94, 0x02, 0x00, 0x01, 0x40, 0x01, 0x96,
 0x02, 0x00, 0x01, 0x40, 0x00, 0xee, 0x09, 0x00,
 0x02, 0x84, 0x0a, 0x00, 0x00, 0xec, 0x09, 0x01,
 0x02, 0x0c, 0x43, 0x0a, 0x01, 0x00, 0x01, 0x00,
 0x01, 0x04, 0x00, 0x03, 0x00, 0x0e, 0x01, 0x90,
 0x06, 0x00, 0x01, 0x00, 0x96, 0x02, 0x01, 0x01,
 0x94, 0x02, 0x00, 0x01, 0xee, 0x09, 0x00, 0x02,
 0xd7, 0xf0, 0x05, 0xe3, 0xd7, 0xf5, 0x29, 0xe4,
 0xe5, 0x06, 0x0a, 0xf6, 0xf5, 0x29, 0xa6, 0x04,
 0x9f, 0x0a, 0x27, 0x0c, 0x03, 0x2f, 0x12, 0x03,
 0x07, 0x0e, 0x14, 0x11, 0x07, 0x10, 0x07, 0x22,
 0x00, 0xe4, 0xe5, 0x46, 0x41, 0x2c, 0x01, 0x00,
 0x00, 0x07, 0xc5, 0x00, 0x24, 0x02, 0x00, 0x29,
 0xa6, 0x04, 0x9e, 0x0a, 0x1a, 0x06, 0x03, 0x21,
 0x07, 0x0e, 0x25, 0x22, 0x00, 0x08, 0xd0, 0xcc,
 0xcf, 0x38, 0xce, 0x00, 0x00, 0x00, 0x11, 0xc5,
 0x00, 0x21, 0x01, 0x00, 0x28, 0xa6, 0x04, 0x9c,
 0x0a, 0x3a, 0x02, 0x18, 0x4f, 0x00, 0x0c, 0x43,
 0x0a, 0x01, 0x86, 0x0a, 0x01, 0x02, 0x01, 0x08,
 0x01, 0x0c, 0x02, 0xd2, 0x01, 0x03, 0xb8, 0x06,
 0x00, 0x01, 0x00, 0x88, 0x0a, 0x00, 0x00, 0x00,
 0x8a, 0x0a, 0x00, 0x01, 0x40, 0x00, 0xec, 0x09,
 0x0b, 0x00, 0xe8, 0x09, 0x09, 0x00, 0xe0, 0x09,
 0x05, 0x00, 0xe2, 0x09, 0x06, 0x00, 0xee, 0x09,
 0x0c, 0x00, 0xe4, 0x09, 0x07, 0x00, 0xe6, 0x09,
 0x08, 0x00, 0xf8, 0x09, 0x11, 0x00, 0xfe, 0x04,
 0x01, 0x00, 0xea, 0x09, 0x0a, 0x00, 0x80, 0x09,
 0x04, 0x00, 0xf2, 0x09, 0x0e, 0x00, 0x0c, 0x43,
 0x0a, 0x01, 0x88, 0x01, 0x02, 0x01, 0x02, 0x04,
 0x00, 0x06, 0x00, 0x6d, 0x03, 0x94, 0x02, 0x00,
 0x01, 0x00, 0x96, 0x02, 0x00, 0x01, 0x00, 0xe2,
 0x04, 0x00, 0x00, 0x00, 0x8a, 0x0a, 0x01, 0x00,
 0xec, 0x09, 0x00, 0x02, 0xe8, 0x09, 0x01, 0x02,
 0xe0, 0x09, 0x02, 0x02, 0xe2, 0x09, 0x03, 0x02,
 0xee, 0x09, 0x04, 0x02, 0xe3, 0xe4, 0x46, 0x41,
 0x7f, 0x02, 0x00, 0x00, 0x24, 0x00, 0x00, 0xd3,
 0xf0, 0x3d, 0xe3, 0xe5, 0x1b, 0x11, 0xaf, 0xf1,
 0x04, 0x1b, 0x71, 0x1b, 0x1b, 0x07, 0x1b, 0x71,
 0x1b, 0x48, 0xe3, 0xe6, 0x1b, 0x11, 0xaf, 0xf1,
 0x04, 0x1b, 0x71, 0x1b, 0x1b, 0x07, 0x1b, 0x71,
 0x1b, 0x48, 0xe3, 0x5d, 0x04, 0x00, 0x1b, 0x11,
 0xaf, 0xf1, 0x04, 0x1b, 0x71, 0x1b, 0x1b, 0x07,
 0x1b, 0x71, 0x1b, 0x48, 0xd7, 0x5d, 0x05, 0x00,
 0xcb, 0x09, 0xf6, 0xf5, 0x0e, 0x29, 0xe3, 0xe6,
 0x1b, 0x11, 0xaf, 0xf1, 0x04, 0x1b, 0x71, 0x1b,
 0x1b, 0xd7, 0x1b, 0x71, 0x1b, 0x48, 0xe3, 0x5d,
 0x04, 0x00, 0x1b, 0x11, 0xaf, 0xf1, 0x04, 0x1b,
 0x71, 0x1b, 0x1b, 0xd8, 0x1b, 0x71, 0x1b, 0x48,
 0x29, 0xa6, 0x04, 0xba, 0x0a, 0x10, 0x26, 0x03,
 0x0c, 0x07, 0x12, 0x25, 0x12, 0x12, 0x31, 0x12,
 0x03, 0x07, 0x12, 0x4e, 0x11, 0x07, 0x12, 0x4e,
 0x11, 0x07, 0x12, 0x58, 0x11, 0x07, 0x10, 0x11,
 0x22, 0x22, 0x31, 0x07, 0x12, 0x34, 0x20, 0x1c,
 0x31, 0x07, 0x12, 0x3e, 0x1e, 0x00, 0x0c, 0x43,
 0x0a, 0x01, 0x00, 0x01, 0x02, 0x01, 0x04, 0x00,
 0x07, 0x00, 0xb2, 0x01, 0x03, 0x90, 0x06, 0x00,
 0x01, 0x00, 0x96, 0x02, 0x00, 0x00, 0x00, 0x94,
 0x02, 0x00, 0x01, 0x00, 0x8a, 0x0a, 0x01, 0x00,
 0xe2, 0x09, 0x03, 0x02, 0xe8, 0x09, 0x01, 0x02,
 0xe0, 0x09, 0x02, 0x02, 0xe4, 0x09, 0x05, 0x02,
 0xee, 0x09, 0x04, 0x02, 0xe6, 0x09, 0x06, 0x02,
 0xd7, 0xf0, 0x5d, 0xd7, 0x40, 0xa6, 0x01, 0x00,
 0x00, 0x04, 0xda, 0x01, 0x00, 0x00, 0xae, 0xf0,
 0x4f, 0xe3, 0xe4, 0x46, 0xd3, 0xf9, 0xf1, 0x35,
 0xe3, 0xe5, 0x1b, 0x11, 0xaf, 0xf1, 0x04, 0x1b,
 0x71, 0x1b, 0x1b, 0x07, 0x1b, 0x71, 0x1b, 0x48,
 0xe3, 0xe6, 0x1b, 0x11, 0xaf, 0xf1, 0x04, 0x1b,
 0x71, 0x1b, 0x1b, 0x07, 0x1b, 0x71, 0x1b, 0x48,
 0xe3, 0xe4, 0x1b, 0x11, 0xaf, 0xf1, 0x04, 0x1b,
 0x71, 0x1b, 0x1b, 0x07, 0x1b, 0x71, 0x1b, 0x48,
 0xcb, 0xd7, 0xf5, 0x0e, 0xe3, 0x5d, 0x04, 0x00,
 0x1b, 0x11, 0xaf, 0xf1, 0x04, 0x1b, 0x71, 0x1b,
 0x1b, 0xd7, 0x1b, 0x71, 0x1b, 0x48, 0x29, 0xe3,
 0xe6, 0x46, 0xd4, 0xf9, 0xf1, 0x3a, 0xe3, 0xe5,
 0x1b, 0x11, 0xaf, 0xf1, 0x04, 0x1b, 0x71, 0x1b,
 0x1b, 0x07, 0x1b, 0x71, 0x1b, 0x48, 0xe3, 0xe6,
 0x1b, 0x11, 0xaf, 0xf1, 0x04, 0x1b, 0x71, 0x1b,
 0x1b, 0x07, 0x1b, 0x71, 0x1b, 0x48, 0xe3, 0xe4,
 0x1b, 0x11, 0xaf, 0xf1, 0x04, 0x1b, 0x71, 0x1b,
 0x1b, 0x07, 0x1b, 0x71, 0x1b, 0x48, 0xcc, 0x5d,
 0x05, 0x00, 0x06, 0x0a, 0xf6, 0xf5, 0x0e, 0xe3,
 0x5d, 0x06, 0x00, 0x1b, 0x11, 0xaf, 0xf1, 0x04,
 0x1b, 0x71, 0x1b, 0x1b, 0x0a, 0x1b, 0x71, 0x1b,
 0x48, 0x29, 0xa6, 0x04, 0xc9, 0x0a, 0x19, 0x42,
 0x03, 0x17, 0x11, 0x0e, 0x20, 0x1a, 0x2b, 0x11,
 0x07, 0x12, 0x0d, 0x23, 0x07, 0x16, 0x12, 0x19,
 0x07, 0x12, 0x4e, 0x11, 0x07, 0x12, 0x4e, 0x11,
 0x07, 0x12, 0x4e, 0x11, 0x07, 0x0e, 0x13, 0x11,
 0x07, 0x12, 0x3e, 0x14, 0x23, 0x0d, 0x07, 0x12,
 0x0d, 0x25, 0x07, 0x18, 0x12, 0x1b, 0x07, 0x12,
 0x4e, 0x11, 0x07, 0x12, 0x4e, 0x11, 0x07, 0x12,
 0x4e, 0x11, 0x07, 0x10, 0x11, 0x22, 0x1d, 0x35,
 0x07, 0x12, 0x00, 0x38, 0x9e, 0x00, 0x00, 0x00,
 0x41, 0x86, 0x02, 0x00, 0x00, 0x5d, 0x07, 0x00,
 0x0b, 0xcf, 0x5d, 0x08, 0x00, 0xcb, 0xe3, 0x0b,
 0xd7, 0x4b, 0x44, 0x00, 0x00, 0x00, 0x0a, 0x4b,
 0x42, 0x00, 0x00, 0x00, 0xf7, 0x0e, 0x5d, 0x08,
 0x00, 0xcb, 0xe5, 0x0b, 0x07, 0x4b, 0x44, 0x00,
 0x00, 0x00, 0x0a, 0x4b, 0x42, 0x00, 0x00, 0x00,
 0xf7, 0x0e, 0x5d, 0x08, 0x00, 0xcb, 0xe6, 0x0b,
 0x07, 0x4b, 0x44, 0x00, 0x00, 0x00, 0x0a, 0x4b,
 0x42, 0x00, 0x00, 0x00, 0xf7, 0x0e, 0x5d, 0x08,
 0x00, 0xcb, 0x5d, 0x05, 0x00, 0x0b, 0x07, 0x4b,
 0x44, 0x00, 0x00, 0x00, 0x0a, 0x4b, 0x42, 0x00,
 0x00, 0x00, 0xf7, 0x0e, 0x5d, 0x08, 0x00, 0xcb,
 0x5d, 0x06, 0x00, 0x0b, 0xd7, 0x40, 0x91, 0x01,
 0x00, 0x00, 0x40, 0x98, 0x01, 0x00, 0x00, 0x4b,
 0x44, 0x00, 0x00, 0x00, 0x0a, 0x4b, 0x42, 0x00,
 0x00, 0x00, 0xf7, 0x0e, 0x5d, 0x08, 0x00, 0xcb,
 0x5d, 0x09, 0x00, 0x0b, 0xc5, 0x00, 0x4b, 0x44,
 0x00, 0x00, 0x00, 0x0a, 0x4b, 0x42, 0x00, 0x00,
 0x00, 0xf7, 0x0e, 0xcb, 0x24, 0x02, 0x00, 0xd4,
 0xe4, 0x1b, 0x11, 0xaf, 0xf1, 0x04, 0x1b, 0x71,
 0x1b, 0x1b, 0x07, 0x1b, 0x71, 0x1b, 0x48, 0x5d,
 0x0a, 0x00, 0xd7, 0xc5, 0x01, 0xf6, 0x0e, 0xd7,
 0x41, 0x34, 0x01, 0x00, 0x00, 0x04, 0x29, 0x01,
 0x00, 0x00, 0x5d, 0x0b, 0x00, 0x41, 0x87, 0x02,
 0x00, 0x00, 0x07, 0xcc, 0x24, 0x02, 0x00, 0x24,
 0x02, 0x00, 0x0e, 0xcc, 0x28, 0xa6, 0x04, 0xa8,
 0x0a, 0x2d, 0x49, 0x04, 0x2d, 0x34, 0x1c, 0x11,
 0x4e, 0x0c, 0x2a, 0x11, 0x20, 0x07, 0x20, 0x0d,
 0xdf, 0x01, 0x4a, 0x09, 0x11, 0x20, 0x07, 0x20,
 0x55, 0x3f, 0x11, 0x20, 0x07, 0x20, 0x55, 0x3f,
 0x11, 0x20, 0x07, 0x20, 0x5f, 0x3f, 0x11, 0x20,
 0x07, 0x20, 0x17, 0x35, 0x7c, 0x09, 0x11, 0x20,
 0x07, 0x20, 0x00, 0x13, 0x1c, 0x3f, 0x17, 0x07,
 0x07, 0x12, 0x4e, 0x11, 0x11, 0x14, 0x00, 0x05,
 0x2a, 0x13, 0x20, 0x0e, 0x1b, 0x1e, 0x2a, 0x20,
 0x07, 0x0c, 0x2b, 0x49, 0x00, 0xc5, 0x00, 0xd0,
 0xc5, 0x01, 0xd1, 0xc5, 0x02, 0xd2, 0xc5, 0x03,
 0xc8, 0x0c, 0xc5, 0x04, 0xc8, 0x0d, 0xc5, 0x05,
 0xc8, 0x0e, 0xc5, 0x06, 0xc8, 0x0f, 0xe3, 0xf4,
 0xc8, 0x04, 0x38, 0xa4, 0x00, 0x00, 0x00, 0x04,
 0x88, 0x02, 0x00, 0x00, 0xf5, 0xc8, 0x05, 0x38,
 0xa4, 0x00, 0x00, 0x00, 0x04, 0x89, 0x02, 0x00,
 0x00, 0xf5, 0xc8, 0x06, 0x38, 0xa4, 0x00, 0x00,
 0x00, 0x04, 0x37, 0x00, 0x00, 0x00, 0xf5, 0xc8,
 0x07, 0x38, 0xa4, 0x00, 0x00, 0x00, 0x04, 0x97,
 0x01, 0x00, 0x00, 0xf5, 0xc8, 0x08, 0x38, 0xa4,
 0x00, 0x00, 0x00, 0x04, 0x80, 0x02, 0x00, 0x00,
 0xf5, 0xc8, 0x09, 0x38, 0xa4, 0x00, 0x00, 0x00,
 0x04, 0x8a, 0x02, 0x00, 0x00, 0xf5, 0xc8, 0x0a,
 0x38, 0xa4, 0x00, 0x00, 0x00, 0x04, 0x9c, 0x01,
 0x00, 0x00, 0xf5, 0xc8, 0x0b, 0x38, 0x9e, 0x00,
 0x00, 0x00, 0x41, 0x67, 0x00, 0x00, 0x00, 0xc5,
 0x07, 0x24, 0x01, 0x00, 0xc8, 0x10, 0x38, 0x9e,
 0x00, 0x00, 0x00, 0x41, 0x68, 0x00, 0x00, 0x00,
 0x0b, 0xc5, 0x08, 0x53, 0x9c, 0x01, 0x00, 0x00,
 0x05, 0xc5, 0x09, 0x4b, 0x72, 0x00, 0x00, 0x00,
 0xcf, 0xcc, 0xcb, 0x38, 0xa4, 0x00, 0x00, 0x00,
 0x40, 0x8b, 0x02, 0x00, 0x00, 0xc5, 0x0a, 0xf7,
 0x0e, 0xcc, 0xcb, 0x04, 0x06, 0x00, 0x00, 0x00,
 0xc5, 0x0b, 0xf7, 0x0e, 0xcb, 0xc7, 0x10, 0x24,
 0x02, 0x00, 0xc8, 0x11, 0xc5, 0x0c, 0xc8, 0x12,
 0xd8, 0xc7, 0x12, 0x42, 0xf2, 0x00, 0x00, 0x00,
 0x29, 0xa6, 0x04, 0xb0, 0x09, 0x03, 0x34, 0x00,
 0x19, 0x34, 0x24, 0x17, 0x06, 0x44, 0x01, 0x44,
 0x09, 0x44, 0x00, 0x44, 0x0c, 0x44, 0x04, 0x44,
 0x0d, 0x00, 0x0d, 0x42, 0x1e, 0x34, 0x2c, 0x27,
 0x0f, 0x34, 0x2e, 0x00, 0x11, 0x4c, 0x7d, 0x07,
 0x20, 0x07, 0x2e, 0x4a, 0x4b, 0x07, 0x20, 0x00,
 0x0a, 0x16, 0x1f, 0x07, 0x30, 0x00, 0x0b, 0x74,
 0x37, 0x07, 0x24, 0x00, 0x0c, 0x42, 0x0b, 0x01,
 0x00, 0x02, 0x09, 0x02, 0x02, 0x08, 0x01, 0x08,
 0x33, 0x0b, 0xa8, 0x04, 0x00, 0x01, 0x00, 0xaa,
 0x04, 0x00, 0x01, 0x00, 0x98, 0x0a, 0x00, 0x00,
 0x40, 0x00, 0x9a, 0x0a, 0x00, 0x01, 0x40, 0x05,
 0xde, 0x01, 0x00, 0x02, 0x40, 0x02, 0xfc, 0x04,
 0x00, 0x03, 0x40, 0x07, 0xfe, 0x04, 0x00, 0x04,
 0x40, 0x01, 0x86, 0x05, 0x00, 0x05, 0x40, 0x03,
 0x88, 0x05, 0x00, 0x06, 0x40, 0x04, 0xac, 0x07,
 0x00, 0x07, 0x40, 0x06, 0x86, 0x02, 0x00, 0x08,
 0x00, 0xfa, 0x03, 0x05, 0x00, 0x0c, 0x43, 0x0a,
 0x01, 0x98, 0x0a, 0x07, 0x03, 0x07, 0x04, 0x00,
 0x00, 0x00, 0x51, 0x0a, 0x9c, 0x0a, 0x00, 0x01,
 0x00, 0x94, 0x02, 0x00, 0x01, 0x00, 0x96, 0x02,
 0x00, 0x01, 0x00, 0x9e, 0x0a, 0x00, 0x01, 0x00,
 0xa0, 0x0a, 0x00, 0x01, 0x00, 0xa4, 0x05, 0x00,
 0x01, 0x00, 0xba, 0x05, 0x00, 0x01, 0x00, 0xa2,
 0x0a, 0x00, 0x00, 0x00, 0x88, 0x01, 0x00, 0x01,
 0x00, 0x6e, 0x03, 0x00, 0x03, 0x6b, 0x19, 0x00,
 0x00, 0x00, 0xd7, 0x5a, 0x05, 0x00, 0x47, 0x5a,
 0x06, 0x00, 0x24, 0x01, 0x00, 0xd3, 0x40, 0x44,
 0x00, 0x00, 0x00, 0xd0, 0x0e, 0xf2, 0x0f, 0xd1,
 0x6b, 0x0b, 0x00, 0x00, 0x00, 0xd9, 0xcd, 0xf5,
 0x0e, 0x06, 0x6e, 0x28, 0x30, 0xcb, 0x40, 0x71,
 0x00, 0x00, 0x00, 0xf0, 0x06, 0xd8, 0xcc, 0xf5,
 0x0e, 0x29, 0x38, 0xce, 0x00, 0x00, 0x00, 0x41,
 0x8a, 0x00, 0x00, 0x00, 0xcc, 0x24, 0x01, 0x00,
 0x41, 0x89, 0x00, 0x00, 0x00, 0xda, 0x5a, 0x04,
 0x00, 0x24, 0x02, 0x00, 0x0e, 0x29, 0xa6, 0x04,
 0xe9, 0x0a, 0x05, 0x1a, 0x1d, 0x1e, 0x07, 0x08,
 0x16, 0x0a, 0x21, 0x0f, 0x54, 0x17, 0x07, 0x0e,
 0x28, 0x09, 0x2b, 0x03, 0x07, 0x10, 0x18, 0x0f,
 0x34, 0x20, 0x2f, 0x18, 0x07, 0x0e, 0x00, 0x0c,
 0x43, 0x0a, 0x01, 0x9a, 0x0a, 0x01, 0x00, 0x01,
 0x01, 0x01, 0x01, 0x01, 0x03, 0x01, 0xf2, 0x04,
 0x00, 0x01, 0x40, 0x00, 0x98, 0x0a, 0x00, 0x00,
 0x0c, 0x43, 0x0a, 0x01, 0x00, 0x00, 0x04, 0x00,
 0x03, 0x02, 0x02, 0x01, 0x15, 0x04, 0xa8, 0x06,
 0x00, 0x00, 0x40, 0x00, 0xba, 0x09, 0x00, 0x01,
 0x40, 0x01, 0x10, 0x00, 0x01, 0x00, 0xa2, 0x01,
 0x00, 0x01, 0x00, 0x98, 0x0a, 0x00, 0x02, 0xf2,
 0x04, 0x00, 0x01, 0x0c, 0x43, 0x0a, 0x01, 0x00,
 0x02, 0x03, 0x02, 0x04, 0x05, 0x04, 0x02, 0x16,
 0x05, 0x94, 0x02, 0x00, 0x01, 0x40, 0x01, 0x96,
 0x02, 0x00, 0x01, 0x40, 0x02, 0x9c, 0x0a, 0x00,
 0x00, 0x40, 0x00, 0x9e, 0x0a, 0x00, 0x01, 0x40,
 0x03, 0xa0, 0x0a, 0x00, 0x02, 0x40, 0x04, 0x98,
 0x0a, 0x00, 0x02, 0xf2, 0x04, 0x01, 0x02, 0xa8,
 0x06, 0x00, 0x00, 0xba, 0x09, 0x01, 0x00, 0x0c,
 0x43, 0x0a, 0x01, 0x9e, 0x0a, 0x01, 0x00, 0x01,
 0x08, 0x00, 0x06, 0x00, 0x14, 0x01, 0x88, 0x01,
 0x00, 0x01, 0x00, 0x98, 0x0a, 0x00, 0x02, 0x9c,
 0x0a, 0x00, 0x00, 0x94, 0x02, 0x00, 0x01, 0x96,
 0x02, 0x01, 0x01, 0x9e, 0x0a, 0x01, 0x00, 0xa0,
 0x0a, 0x02, 0x00, 0xe3, 0xe4, 0xe5, 0xe6, 0x5d,
 0x04, 0x00, 0x5d, 0x05, 0x00, 0x04, 0x72, 0x00,
 0x00, 0x00, 0xd7, 0x22, 0x07, 0x00, 0x29, 0xa6,
 0x04, 0xfc, 0x0a, 0x0b, 0x0e, 0x03, 0x04, 0x07,
 0x26, 0x07, 0x0a, 0x07, 0x12, 0x07, 0x10, 0x11,
 0x0e, 0x2a, 0x20, 0x00, 0x0c, 0x43, 0x0a, 0x01,
 0xa0, 0x0a, 0x01, 0x00, 0x01, 0x08, 0x00, 0x06,
 0x00, 0x14, 0x01, 0x90, 0x06, 0x00, 0x01, 0x00,
 0x98, 0x0a, 0x00, 0x02, 0x9c, 0x0a, 0x00, 0x00,
 0x94, 0x02, 0x00, 0x01, 0x96, 0x02, 0x01, 0x01,
 0x9e, 0x0a, 0x01, 0x00, 0xa0, 0x0a, 0x02, 0x00,
 0xe3, 0xe4, 0xe5, 0xe6, 0x5d, 0x04, 0x00, 0x5d,
 0x05, 0x00, 0x04, 0x17, 0x00, 0x00, 0x00, 0xd7,
 0x22, 0x07, 0x00, 0x29, 0xa6, 0x04, 0xff, 0x0a,
 0x0b, 0x0e, 0x03, 0x04, 0x07, 0x26, 0x07, 0x0a,
 0x07, 0x12, 0x07, 0x10, 0x11, 0x0e, 0x2a, 0x22,
 0x00, 0xc5, 0x00, 0xd0, 0xc5, 0x01, 0xd1, 0xe4,
 0x41, 0x62, 0x00, 0x00, 0x00, 0xe5, 0xe6, 0x24,
 0x02, 0x00, 0xcf, 0xcc, 0x06, 0xf5, 0x29, 0xa6,
 0x04, 0xfa, 0x0a, 0x1c, 0x0c, 0x21, 0x0d, 0x20,
 0x12, 0x07, 0x0e, 0x00, 0x05, 0x0e, 0x33, 0x07,
 0x0c, 0x00, 0x08, 0xd1, 0x0c, 0x00, 0xd2, 0xcd,
 0xcf, 0xce, 0xd0, 0x38, 0xce, 0x00, 0x00, 0x00,
 0x11, 0xc5, 0x00, 0x21, 0x01, 0x00, 0x28, 0xa6,
 0x04, 0xf8, 0x0a, 0x0e, 0x04, 0x26, 0x28, 0x0d,
 0x1b, 0x00, 0xc5, 0x00, 0x28, 0xa6, 0x04, 0xf7,
 0x0a, 0x05, 0x00, 0x00, 0x0c, 0x43, 0x0a, 0x01,
 0xde, 0x01, 0x02, 0x02, 0x02, 0x04, 0x01, 0x00,
 0x01, 0x4e, 0x04, 0x9a, 0x01, 0x00, 0x01, 0x40,
 0x00, 0x96, 0x05, 0x00, 0x01, 0x00, 0x62, 0x00,
 0x00, 0x00, 0x98, 0x05, 0x00, 0x01, 0x00, 0x0c,
 0x43, 0x0a, 0x01, 0x00, 0x01, 0x00, 0x01, 0x04,
 0x00, 0x01, 0x00, 0x15, 0x01, 0x9a, 0x05, 0x00,
 0x01, 0x00, 0x9a, 0x01, 0x00, 0x01, 0x38, 0x9e,
 0x00, 0x00, 0x00, 0x41, 0x6e, 0x00, 0x00, 0x00,
 0xe3, 0xd7, 0x24, 0x02, 0x00, 0x40, 0x43, 0x00,
 0x00, 0x00, 0x28, 0xa6, 0x04, 0x8a, 0x0b, 0x35,
 0x06, 0x03, 0x45, 0x34, 0x40, 0x07, 0x10, 0x00,
 0x38, 0x9e, 0x00, 0x00, 0x00, 0x41, 0x31, 0x00,
 0x00, 0x00, 0xd7, 0x24, 0x01, 0x00, 0xcf, 0x38,
 0x9e, 0x00, 0x00, 0x00, 0x40, 0x4e, 0x01, 0x00,
 0x00, 0xf0, 0x32, 0x38, 0x9e, 0x00, 0x00, 0x00,
 0x41, 0x4e, 0x01, 0x00, 0x00, 0xd7, 0x24, 0x01,
 0x00, 0xd0, 0xd8, 0x11, 0xf0, 0x0e, 0x0e, 0xcc,
 0x41, 0x4f, 0x01, 0x00, 0x00, 0xc5, 0x00, 0x24,
 0x01, 0x00, 0xd4, 0x0e, 0xcb, 0x40, 0x50, 0x01,
 0x00, 0x00, 0x41, 0x62, 0x00, 0x00, 0x00, 0xca,
 0x24, 0x02, 0x00, 0x0e, 0xcb, 0x28, 0xa6, 0x04,
 0x86, 0x0b, 0x05, 0x16, 0x03, 0x1a, 0x34, 0x18,
 0x1c, 0x25, 0x3f, 0x18, 0x34, 0x3a, 0x1c, 0x55,
 0x1b, 0x3a, 0x20, 0x1e, 0x27, 0x4d, 0x39, 0x2c,
 0x1d, 0x2b, 0x00, 0x0c, 0x43, 0x0a, 0x01, 0xfc,
 0x04, 0x01, 0x03, 0x01, 0x06, 0x02, 0x02, 0x02,
 0x78, 0x04, 0xbc, 0x01, 0x00, 0x01, 0x40, 0x00,
 0xa2, 0x05, 0x00, 0x00, 0x00, 0xe8, 0x01, 0x00,
 0x01, 0x40, 0x01, 0xa2, 0x01, 0x00, 0x01, 0x00,
 0xfe, 0x04, 0x04, 0x00, 0xde, 0x01, 0x02, 0x00,
 0x0c, 0x43, 0x0a, 0x01, 0x00, 0x01, 0x00, 0x01,
 0x05, 0x00, 0x03, 0x00, 0x08, 0x01, 0xa4, 0x05,
 0x00, 0x01, 0x00, 0xfe, 0x04, 0x00, 0x02, 0xbc,
 0x01, 0x00, 0x01, 0xe8, 0x01, 0x01, 0x00, 0xe3,
 0xe4, 0xd7, 0xe5, 0xd7, 0x46, 0xf7, 0x29, 0xa6,
 0x04, 0x93, 0x0b, 0x37, 0x0a, 0x03, 0x57, 0x07,
 0x20, 0x07, 0x10, 0x07, 0x0a, 0x07, 0x0e, 0x00,
 0x0c, 0x43, 0x0a, 0x01, 0x00, 0x01, 0x00, 0x01,
 0x08, 0x00, 0x02, 0x00, 0x1f, 0x01, 0xa4, 0x05,
 0x00, 0x01, 0x00, 0xbc, 0x01, 0x00, 0x01, 0xe8,
 0x01, 0x01, 0x00, 0x38, 0x9e, 0x00, 0x00, 0x00,
 0x41, 0x6d, 0x00, 0x00, 0x00, 0xe3, 0xd7, 0x38,
 0x9e, 0x00, 0x00, 0x00, 0x41, 0x6e, 0x00, 0x00,
 0x00, 0xe4, 0xd7, 0x24, 0x02, 0x00, 0x24, 0x03,
 0x00, 0x29, 0xa6, 0x04, 0x95, 0x0b, 0x9d, 0x01,
 0x0d, 0x03, 0xa3, 0x02, 0x34, 0x2c, 0x07, 0x10,
 0x07, 0x0a, 0x34, 0x40, 0x07, 0x10, 0x00, 0x0c,
 0x00, 0xd1, 0xbb, 0xcf, 0xcb, 0xcd, 0xef, 0xa5,
 0xf0, 0x6c, 0x07, 0xcd, 0xcb, 0x46, 0xac, 0xf0,
 0x06, 0xcd, 0xcb, 0x46, 0xf2, 0x02, 0x0b, 0xd0,
 0xcb, 0xbc, 0x9b, 0xf0, 0x17, 0xe4, 0x38, 0x9e,
 0x00, 0x00, 0x00, 0xcc, 0xf5, 0x0a, 0xf6, 0x41,
 0x53, 0x01, 0x00, 0x00, 0xc5, 0x00, 0x24, 0x01,
 0x00, 0xf2, 0x3e, 0x38, 0x9e, 0x00, 0x00, 0x00,
 0x40, 0x54, 0x01, 0x00, 0x00, 0xf0, 0x1f, 0x38,
 0x9e, 0x00, 0x00, 0x00, 0x41, 0x61, 0x00, 0x00,
 0x00, 0xd7, 0x38, 0x9e, 0x00, 0x00, 0x00, 0x41,
 0x54, 0x01, 0x00, 0x00, 0xcc, 0x24, 0x01, 0x00,
 0x24, 0x02, 0x00, 0xf2, 0x14, 0xe4, 0x38, 0x9e,
 0x00, 0x00, 0x00, 0xcc, 0xf5, 0xf5, 0x41, 0x53,
 0x01, 0x00, 0x00, 0xc5, 0x01, 0x24, 0x01, 0x00,
 0x0e, 0x92, 0x00, 0xf2, 0x90, 0xd7, 0x28, 0xa6,
 0x04, 0x90, 0x0b, 0x05, 0x33, 0x1c, 0x24, 0x07,
 0x08, 0x21, 0x06, 0x07, 0x14, 0x1b, 0x0a, 0x07,
 0x14, 0x21, 0x5b, 0x07, 0x08, 0x16, 0x08, 0x07,
 0x10, 0x1b, 0x0e, 0x2f, 0x2e, 0x27, 0x51, 0x3e,
 0x46, 0x34, 0x30, 0x07, 0x10, 0x34, 0x42, 0x2f,
 0x16, 0x07, 0x10, 0x1b, 0x0e, 0x2a, 0x22, 0x00,
 0x06, 0x07, 0xdf, 0x01, 0x00, 0x04, 0x10, 0x3d,
 0x00, 0x0c, 0x43, 0x0a, 0x01, 0xfe, 0x04, 0x03,
 0x00, 0x03, 0x06, 0x00, 0x01, 0x00, 0x45, 0x03,
 0xaa, 0x05, 0x00, 0x01, 0x00, 0xa4, 0x05, 0x00,
 0x01, 0x00, 0x88, 0x01, 0x00, 0x01, 0x00, 0x86,
 0x05, 0x05, 0x00, 0xe3, 0xd8, 0xf5, 0xe0, 0xd7,
 0xaa, 0xf0, 0x2c, 0x38, 0x9e, 0x00, 0x00, 0x00,
 0x41, 0x6d, 0x00, 0x00, 0x00, 0xd7, 0xd8, 0x0b,
 0xd9, 0x4b, 0x44, 0x00, 0x00, 0x00, 0x0a, 0x4b,
 0x43, 0x00, 0x00, 0x00, 0x0a, 0x4b, 0x41, 0x00,
 0x00, 0x00, 0x0a, 0x4b, 0x42, 0x00, 0x00, 0x00,
 0x24, 0x03, 0x00, 0x0e, 0xf2, 0x11, 0xd7, 0xd8,
 0x1b, 0x11, 0xaf, 0xf1, 0x04, 0x1b, 0x71, 0x1b,
 0x1b, 0xd9, 0x1b, 0x71, 0x1b, 0x48, 0xd7, 0x28,
 0xa6, 0x04, 0x9b, 0x0b, 0x05, 0x14, 0x03, 0x10,
 0x07, 0x1e, 0x12, 0x13, 0x17, 0x11, 0x34, 0x2c,
 0x07, 0x0a, 0xa4, 0x35, 0x07, 0x08, 0x34, 0x0e,
 0x1d, 0x0b, 0x00, 0x0c, 0x43, 0x0a, 0x01, 0x86,
 0x05, 0x01, 0x01, 0x01, 0x03, 0x00, 0x01, 0x00,
 0x1c, 0x02, 0xba, 0x05, 0x00, 0x01, 0x00, 0xa4,
 0x05, 0x00, 0x00, 0x00, 0x88, 0x05, 0x06, 0x00,
 0xe3, 0xd7, 0x04, 0x4c, 0x00, 0x00, 0x00, 0xf6,
 0xd3, 0x96, 0x04, 0x4e, 0x00, 0x00, 0x00, 0xad,
 0xf0, 0x03, 0xcb, 0x28, 0x38, 0xa2, 0x00, 0x00,
 0x00, 0xcb, 0xf5, 0x28, 0xa6, 0x04, 0xa4, 0x0b,
 0x05, 0x0e, 0x03, 0x18, 0x07, 0x1a, 0x26, 0x11,
 0x07, 0x10, 0x2f, 0x16, 0x0c, 0x0c, 0x1b, 0x0e,
 0x00, 0x0c, 0x43, 0x0a, 0x01, 0x88, 0x05, 0x02,
 0x02, 0x02, 0x05, 0x00, 0x00, 0x00, 0x6a, 0x04,
 0xc0, 0x01, 0x00, 0x01, 0x00, 0xbc, 0x05, 0x00,
 0x01, 0x00, 0xbe, 0x05, 0x00, 0x00, 0x00, 0xc0,
 0x05, 0x00, 0x01, 0x00, 0xd7, 0x96, 0x04, 0x4d,
 0x00, 0x00, 0x00, 0xae, 0x11, 0xf1, 0x04, 0x0e,
 0xd7, 0xf9, 0xf0, 0x03, 0xd7, 0x28, 0xd7, 0x38,
 0xa4, 0x00, 0x00, 0x00, 0x40, 0x61, 0x01, 0x00,
 0x00, 0x46, 0xd3, 0xf8, 0xf1, 0x30, 0xcb, 0x41,
 0x1c, 0x01, 0x00, 0x00, 0xd7, 0xd8, 0x11, 0xf1,
 0x07, 0x0e, 0x04, 0x16, 0x00, 0x00, 0x00, 0x24,
 0x02, 0x00, 0xd4, 0x96, 0x04, 0x4d, 0x00, 0x00,
 0x00, 0xae, 0xf0, 0x03, 0xcc, 0x28, 0x38, 0xda,
 0x00, 0x00, 0x00, 0x11, 0x04, 0x62, 0x01, 0x00,
 0x00, 0x21, 0x01, 0x00, 0x30, 0xd8, 0x04, 0x4c,
 0x00, 0x00, 0x00, 0xad, 0xf0, 0x08, 0x38, 0xa2,
 0x00, 0x00, 0x00, 0xf2, 0x06, 0x38, 0xa1, 0x00,
 0x00, 0x00, 0xd7, 0x23, 0x01, 0x00, 0xa6, 0x04,
 0xa8, 0x0b, 0x05, 0x2a, 0x03, 0x1a, 0x07, 0x14,
 0x39, 0x18, 0x07, 0x14, 0x11, 0x1a, 0x0d, 0x59,
 0x07, 0x0c, 0x3a, 0x19, 0x07, 0x12, 0x12, 0x01,
 0x20, 0x14, 0x07, 0x0e, 0x44, 0x1f, 0x07, 0x10,
 0x2f, 0x22, 0x0d, 0x33, 0x4f, 0x07, 0x07, 0x12,
 0x2a, 0x16, 0x25, 0x12, 0x1b, 0x10, 0x00, 0x0c,
 0x43, 0x0a, 0x01, 0x86, 0x02, 0x03, 0x05, 0x03,
 0x05, 0x05, 0x03, 0x03, 0x8d, 0x01, 0x08, 0xa6,
 0x09, 0x00, 0x01, 0x00, 0xa4, 0x0a, 0x00, 0x01,
 0x00, 0xb6, 0x04, 0x00, 0x01, 0x00, 0x8a, 0x0a,
 0x00, 0x00, 0x40, 0x03, 0xd2, 0x04, 0x00, 0x01,
 0x40, 0x04, 0xac, 0x06, 0x00, 0x02, 0x40, 0x00,
 0xe4, 0x01, 0x00, 0x03, 0x40, 0x01, 0xa6, 0x0a,
 0x00, 0x04, 0x40, 0x02, 0x9a, 0x0a, 0x01, 0x00,
 0xac, 0x07, 0x07, 0x00, 0xfc, 0x04, 0x03, 0x00,
 0x0c, 0x43, 0x0a, 0x01, 0x00, 0x00, 0x00, 0x00,
 0x01, 0x00, 0x02, 0x00, 0x0a, 0x00, 0xac, 0x06,
 0x02, 0x00, 0xe4, 0x01, 0x03, 0x00, 0xe3, 0x95,
 0xf0, 0x06, 0x0a, 0xe7, 0xe4, 0xf4, 0x0e, 0x29,
 0xa6, 0x04, 0xbe, 0x0b, 0x18, 0x06, 0x03, 0x13,
 0x17, 0x05, 0x0d, 0x00, 0x00, 0x0c, 0x43, 0x0a,
 0x01, 0xe4, 0x01, 0x00, 0x02, 0x00, 0x04, 0x00,
 0x01, 0x00, 0x0f, 0x02, 0x10, 0x00, 0x01, 0x00,
 0xa2, 0x01, 0x00, 0x01, 0x00, 0xa6, 0x0a, 0x04,
 0x00, 0x08, 0xcf, 0x0c, 0x00, 0xd0, 0xe3, 0x41,
 0x62, 0x00, 0x00, 0x00, 0xca, 0x25, 0x02, 0x00,
 0xa6, 0x04, 0xc4, 0x0b, 0x07, 0x04, 0x1c, 0x12,
 0x20, 0x26, 0x00, 0x0c, 0x43, 0x0a, 0x01, 0xa6,
 0x0a, 0x00, 0x02, 0x00, 0x04, 0x00, 0x06, 0x01,
 0x17, 0x02, 0x10, 0x00, 0x01, 0x00, 0xa2, 0x01,
 0x00, 0x01, 0x00, 0x8a, 0x0a, 0x00, 0x00, 0xd2,
 0x04, 0x01, 0x00, 0xe4, 0x01, 0x03, 0x00, 0xac,
 0x06, 0x02, 0x00, 0x9a, 0x0a, 0x00, 0x02, 0xa6,
 0x0a, 0x04, 0x00, 0x0c, 0x52, 0x0a, 0x01, 0x00,
 0x00, 0x04, 0x00, 0x05, 0x00, 0x04, 0x00, 0x63,
 0x04, 0xa8, 0x0a, 0x00, 0x00, 0x00, 0x88, 0x01,
 0x00, 0x01, 0x00, 0xe2, 0x01, 0x00, 0x02, 0x00,
 0x90, 0x06, 0x08, 0x00, 0x03, 0x8a, 0x0a, 0x00,
 0x02, 0xd2, 0x04, 0x01, 0x02, 0xe4, 0x01, 0x02,
 0x02, 0xac, 0x06, 0x03, 0x02, 0x86, 0x6b, 0x4a,
 0x00, 0x00, 0x00, 0xe3, 0x41, 0x72, 0x00, 0x00,
 0x00, 0x24, 0x00, 0x00, 0x87, 0xf0, 0x03, 0x6e,
 0x2f, 0xd3, 0x40, 0x44, 0x00, 0x00, 0x00, 0xd0,
 0xcb, 0x40, 0x71, 0x00, 0x00, 0x00, 0xd5, 0xf0,
 0x0e, 0xe4, 0x41, 0x50, 0x01, 0x00, 0x00, 0x07,
 0x24, 0x01, 0x00, 0x0e, 0xf2, 0x19, 0xe4, 0x41,
 0x50, 0x01, 0x00, 0x00, 0xcc, 0x87, 0xf0, 0x03,
 0x6e, 0x2f, 0x24, 0x01, 0x00, 0xf0, 0x06, 0xe5,
 0xf4, 0x0e, 0xf2, 0x03, 0x09, 0xea, 0x0e, 0xf2,
 0x16, 0xd2, 0x6b, 0x12, 0x00, 0x00, 0x00, 0xe4,
 0x41, 0x2c, 0x01, 0x00, 0x00, 0xce, 0x24, 0x01,
 0x00, 0x0e, 0x0e, 0xf2, 0x02, 0x30, 0x06, 0x2f,
 0xa6, 0x04, 0xc8, 0x0b, 0x24, 0x1b, 0x22, 0x14,
 0x20, 0x12, 0x2a, 0x20, 0x25, 0x46, 0x21, 0xb1,
 0x01, 0x12, 0x03, 0x20, 0x1c, 0x26, 0x09, 0x20,
 0x28, 0x3a, 0x39, 0x1d, 0x00, 0x3c, 0x03, 0x20,
 0x22, 0x00, 0x08, 0xcf, 0x0c, 0x00, 0xd0, 0x5d,
 0x04, 0x00, 0xc5, 0x00, 0xf5, 0x5f, 0x05, 0x00,
 0x41, 0x62, 0x00, 0x00, 0x00, 0xca, 0x25, 0x02,
 0x00, 0xa6, 0x04, 0xc7, 0x0b, 0x07, 0x0a, 0x1c,
 0x16, 0x11, 0x24, 0x00, 0x06, 0x1c, 0x00, 0x1b,
 0x01, 0x00, 0xc5, 0x01, 0xd2, 0xc5, 0x02, 0xc8,
 0x04, 0xd8, 0xf0, 0x0e, 0xd8, 0x40, 0x72, 0x00,
 0x00, 0x00, 0xfb, 0xf0, 0x05, 0xd8, 0xcf, 0xf2,
 0x5b, 0xd8, 0xf0, 0x21, 0xd8, 0x38, 0xa4, 0x00,
 0x00, 0x00, 0x40, 0x8b, 0x02, 0x00, 0x00, 0x46,
 0xf0, 0x13, 0xd8, 0x38, 0xa4, 0x00, 0x00, 0x00,
 0x40, 0x8b, 0x02, 0x00, 0x00, 0x47, 0x24, 0x00,
 0x00, 0xcf, 0xf2, 0x38, 0xd8, 0xf0, 0x21, 0xd8,
 0x38, 0xa4, 0x00, 0x00, 0x00, 0x40, 0x85, 0x02,
 0x00, 0x00, 0x46, 0xf0, 0x13, 0xd8, 0x38, 0xa4,
 0x00, 0x00, 0x00, 0x40, 0x85, 0x02, 0x00, 0x00,
 0x47, 0x24, 0x00, 0x00, 0xcf, 0xf2, 0x15, 0xe4,
 0x11, 0x04, 0x92, 0x02, 0x00, 0x00, 0x04, 0x95,
 0x02, 0x00, 0x00, 0x26, 0x01, 0x00, 0xd8, 0x21,
 0x03, 0x00, 0x30, 0xd7, 0x11, 0xe5, 0x0b, 0x0a,
 0x4b, 0xf1, 0x01, 0x00, 0x00, 0xd9, 0xf6, 0x21,
 0x01, 0x00, 0xd0, 0x09, 0xd1, 0xcc, 0xc5, 0x00,
 0x42, 0x96, 0x02, 0x00, 0x00, 0xcc, 0x28, 0xa6,
 0x04, 0xb3, 0x0b, 0x05, 0x31, 0x27, 0x0c, 0x11,
 0x26, 0x20, 0x24, 0x12, 0x37, 0x17, 0x03, 0x11,
 0x18, 0x07, 0x12, 0x43, 0x44, 0x07, 0x12, 0x39,
 0x0e, 0x21, 0x91, 0x01, 0x11, 0x18, 0x07, 0x12,
 0x43, 0x3a, 0x07, 0x12, 0x39, 0x0e, 0x21, 0x77,
 0x4d, 0x5e, 0x1c, 0x55, 0x0c, 0x14, 0x2c, 0x33,
 0x2c, 0x05, 0x00, 0x08, 0x34, 0x0e, 0x00, 0xc5,
 0x00, 0xcf, 0xc5, 0x01, 0xd0, 0xc5, 0x02, 0xd1,
 0xc5, 0x03, 0xd2, 0xc5, 0x04, 0xc8, 0x04, 0xc5,
 0x05, 0xc8, 0x05, 0xc5, 0x06, 0xc8, 0x06, 0xc5,
 0x07, 0xc8, 0x08, 0xe3, 0xf4, 0x40, 0xa0, 0x01,
 0x00, 0x00, 0x40, 0xd6, 0x01, 0x00, 0x00, 0xc8,
 0x07, 0xd8, 0xc7, 0x08, 0x42, 0xf2, 0x00, 0x00,
 0x00, 0x29, 0xa6, 0x04, 0xe7, 0x0a, 0x03, 0x0b,
 0x00, 0x1c, 0x96, 0x01, 0x3a, 0x00, 0x0e, 0x50,
 0x35, 0x07, 0x24, 0x00, 0x0c, 0x42, 0x0b, 0x01,
 0x00, 0x02, 0x30, 0x02, 0x06, 0x2b, 0x09, 0x34,
 0xae, 0x07, 0x32, 0xa8, 0x04, 0x00, 0x01, 0x00,
 0xaa, 0x04, 0x00, 0x01, 0x00, 0xe6, 0x07, 0x00,
 0x00, 0x40, 0x02, 0xb0, 0x04, 0x00, 0x01, 0x00,
 0xae, 0x0a, 0x00, 0x02, 0x40, 0x20, 0xb2, 0x04,
 0x00, 0x03, 0x40, 0x08, 0x8c, 0x05, 0x00, 0x04,
 0x40, 0x00, 0xea, 0x07, 0x00, 0x05, 0x40, 0x01,
 0xec, 0x07, 0x00, 0x06, 0x40, 0x0e, 0xee, 0x07,
 0x00, 0x07, 0x40, 0x14, 0xb0, 0x0a, 0x00, 0x08,
 0x00, 0xb2, 0x0a, 0x00, 0x09, 0x40, 0x0a, 0xcc,
 0x05, 0x00, 0x0a, 0x40, 0x04, 0xf0, 0x07, 0x00,
 0x0b, 0x00, 0x8a, 0x05, 0x00, 0x0c, 0x00, 0xd2,
 0x07, 0x00, 0x0d, 0x40, 0x03, 0xf2, 0x07, 0x00,
 0x0e, 0x00, 0xac, 0x07, 0x00, 0x0f, 0x40, 0x15,
 0xae, 0x07, 0x00, 0x10, 0x40, 0x11, 0xb2, 0x07,
 0x00, 0x11, 0x40, 0x1e, 0xcc, 0x07, 0x00, 0x12,
 0x40, 0x0f, 0xb4, 0x0a, 0x00, 0x13, 0x40, 0x05,
 0xfa, 0x09, 0x00, 0x14, 0x40, 0x28, 0x86, 0x02,
 0x00, 0x15, 0x40, 0x2a, 0x8e, 0x06, 0x00, 0x16,
 0x40, 0x0d, 0xb6, 0x0a, 0x00, 0x17, 0x40, 0x27,
 0xb4, 0x04, 0x00, 0x18, 0x40, 0x22, 0xb8, 0x0a,
 0x00, 0x19, 0x40, 0x07, 0xa6, 0x09, 0x00, 0x1a,
 0x40, 0x06, 0xba, 0x0a, 0x00, 0x1b, 0x40, 0x09,
 0xbc, 0x0a, 0x00, 0x1c, 0x40, 0x10, 0xbe, 0x0a,
 0x00, 0x1d, 0x40, 0x0c, 0xc0, 0x0a, 0x00, 0x1e,
 0x40, 0x16, 0xc2, 0x0a, 0x00, 0x1f, 0x40, 0x17,
 0xc4, 0x0a, 0x00, 0x20, 0x40, 0x19, 0xc6, 0x0a,
 0x00, 0x21, 0x40, 0x0b, 0xc8, 0x0a, 0x00, 0x22,
 0x40, 0x13, 0xca, 0x0a, 0x00, 0x23, 0x40, 0x1b,
 0xcc, 0x0a, 0x00, 0x24, 0x40, 0x12, 0xce, 0x0a,
 0x00, 0x25, 0x40, 0x1d, 0xd0, 0x0a, 0x00, 0x26,
 0x40, 0x21, 0xd2, 0x0a, 0x00, 0x27, 0x40, 0x24,
 0xd4, 0x0a, 0x00, 0x28, 0x40, 0x23, 0xd4, 0x04,
 0x00, 0x29, 0x40, 0x25, 0xd6, 0x0a, 0x00, 0x2a,
 0x40, 0x26, 0xd8, 0x0a, 0x00, 0x2b, 0x40, 0x1c,
 0xda, 0x0a, 0x00, 0x2c, 0x40, 0x1a, 0xdc, 0x0a,
 0x00, 0x2d, 0x40, 0x18, 0xde, 0x0a, 0x00, 0x2e,
 0x40, 0x29, 0xfa, 0x06, 0x00, 0x2f, 0x40, 0x1f,
 0x80, 0x04, 0x08, 0x00, 0xe6, 0x03, 0x01, 0x01,
 0x84, 0x04, 0x0a, 0x00, 0x86, 0x04, 0x0b, 0x00,
 0xf4, 0x03, 0x02, 0x00, 0xf6, 0x03, 0x03, 0x00,
 0xf8, 0x03, 0x04, 0x00, 0xfc, 0x03, 0x06, 0x00,
 0xfa, 0x03, 0x05, 0x00, 0x0c, 0x43, 0x0a, 0x01,
 0xe0, 0x0a, 0x02, 0x00, 0x02, 0x03, 0x00, 0x00,
 0x00, 0x0c, 0x02, 0xee, 0x04, 0x00, 0x01, 0x00,
 0x88, 0x07, 0x00, 0x01, 0x00, 0xd7, 0x41, 0xb1,
 0x02, 0x00, 0x00, 0xd8, 0x24, 0x01, 0x00, 0xef,
 0x28, 0xa6, 0x04, 0xe6, 0x0b, 0x1b, 0x04, 0x03,
 0x19, 0x20, 0x24, 0x00, 0x0c, 0x43, 0x0a, 0x01,
 0x00, 0x00, 0x00, 0x00, 0x00, 0x00, 0x00, 0x00,
 0x01, 0x00, 0x29, 0xa6, 0x04, 0xeb, 0x0b, 0xa3,
 0x01, 0x00, 0x00, 0x0c, 0x43, 0x0a, 0x01, 0xec,
 0x07, 0x01, 0x00, 0x01, 0x03, 0x00, 0x01, 0x00,
 0x0a, 0x01, 0xcc, 0x04, 0x00, 0x01, 0x00, 0x8c,
 0x05, 0x04, 0x00, 0xe3, 0x41, 0x83, 0x00, 0x00,
 0x00, 0xd7, 0x25, 0x01, 0x00, 0xa6, 0x04, 0xed,
 0x0b, 0x05, 0x04, 0x03, 0x12, 0x20, 0x1a, 0x00,
 0x0c, 0x43, 0x0a, 0x01, 0xee, 0x07, 0x01, 0x00,
 0x01, 0x03, 0x00, 0x02, 0x00, 0x12, 0x01, 0xaa,
 0x05, 0x00, 0x01, 0x00, 0x8c, 0x05, 0x04, 0x00,
 0xea, 0x07, 0x05, 0x00, 0xe3, 0x41, 0x10, 0x02,
 0x00, 0x00, 0xd7, 0x24, 0x01, 0x00, 0x11, 0xf1,
 0x05, 0x0e, 0xd7, 0xe4, 0xa9, 0x28, 0xa6, 0x04,
 0xf0, 0x0b, 0x05, 0x08, 0x03, 0x12, 0x20, 0x22,
 0x2a, 0x10, 0x07, 0x1e, 0x00, 0x0c, 0x43, 0x0a,
 0x01, 0xe4, 0x0a, 0x00, 0x00, 0x00, 0x00, 0x00,
 0x00, 0x00, 0x01, 0x00, 0x29, 0xa6, 0x04, 0xf8,
 0x0b, 0x0f, 0x00, 0x00, 0x0c, 0x43, 0x0a, 0x01,
 0xb4, 0x04, 0x03, 0x00, 0x03, 0x05, 0x00, 0x00,
 0x00, 0x82, 0x01, 0x03, 0xee, 0x04, 0x00, 0x01,
 0x00, 0xf0, 0x04, 0x00, 0x01, 0x00, 0xf2, 0x04,
 0x00, 0x01, 0x00, 0xd7, 0x40, 0x1a, 0x01, 0x00,
 0x00, 0xfb, 0xf0, 0x0c, 0xd7, 0x41, 0x1a, 0x01,
 0x00, 0x00, 0xd8, 0xd9, 0x25, 0x02, 0x00, 0xd7,
 0x40, 0x3a, 0x01, 0x00, 0x00, 0x95, 0x11, 0xf1,
 0x0b, 0x0e, 0xd7, 0x40, 0x3a, 0x01, 0x00, 0x00,
 0xd8, 0x46, 0x95, 0xf0, 0x0e, 0xd7, 0x41, 0x34,
 0x01, 0x00, 0x00, 0xd8, 0xd9, 0x24, 0x02, 0x00,
 0x0e, 0x29, 0x38, 0x9f, 0x00, 0x00, 0x00, 0x41,
 0x3c, 0x01, 0x00, 0x00, 0xd7, 0x40, 0x3a, 0x01,
 0x00, 0x00, 0xd8, 0x46, 0x24, 0x01, 0x00, 0xf0,
 0x14, 0xd7, 0x40, 0x3a, 0x01, 0x00, 0x00, 0xd8,
 0x46, 0x41, 0x3b, 0x01, 0x00, 0x00, 0xd9, 0x24,
 0x01, 0x00, 0x0e, 0x29, 0xd7, 0x40, 0x3a, 0x01,
 0x00, 0x00, 0xd8, 0x1b, 0x11, 0xaf, 0xf1, 0x04,
 0x1b, 0x71, 0x1b, 0x1b, 0xd9, 0xd7, 0x40, 0x3a,
 0x01, 0x00, 0x00, 0xd8, 0x46, 0x26, 0x02, 0x00,
 0x1b, 0x71, 0x1b, 0x48, 0x29, 0xa6, 0x04, 0x8a,
 0x0c, 0x05, 0x2e, 0x03, 0x1a, 0x20, 0x38, 0x11,
 0x26, 0x20, 0x30, 0x07, 0x0e, 0x17, 0xa7, 0x01,
 0x39, 0x28, 0x20, 0x20, 0x1b, 0x10, 0x20, 0x16,
 0x07, 0x0e, 0x21, 0x73, 0x34, 0x1c, 0x20, 0x20,
 0x25, 0x12, 0x20, 0x20, 0x25, 0x1e, 0x21, 0x93,
 0x01, 0x20, 0x20, 0x34, 0x14, 0x07, 0x08, 0x20,
 0x20, 0x00, 0x0c, 0x43, 0x0a, 0x01, 0xb8, 0x0a,
 0x03, 0x01, 0x03, 0x06, 0x00, 0x06, 0x00, 0xd3,
 0x02, 0x04, 0xbc, 0x04, 0x00, 0x01, 0x00, 0xb8,
 0x06, 0x00, 0x01, 0x00, 0xd4, 0x07, 0x00, 0x01,
 0x00, 0x10, 0x00, 0x01, 0x00, 0xe6, 0x07, 0x00,
 0x00, 0x80, 0x04, 0x00, 0x02, 0xd2, 0x07, 0x0d,
 0x00, 0xcc, 0x05, 0x0a, 0x00, 0xb4, 0x0a, 0x13,
 0x00, 0xe6, 0x03, 0x01, 0x02, 0x08, 0xcf, 0xe3,
 0x11, 0xf1, 0x04, 0x0e, 0xe4, 0xf4, 0xe7, 0xd7,
 0x11, 0xf1, 0x03, 0x0e, 0x0b, 0xdb, 0xd9, 0x96,
 0x04, 0x4b, 0x00, 0x00, 0x00, 0xae, 0xf0, 0x05,
 0xd8, 0xe3, 0xa9, 0xdd, 0xcb, 0xd7, 0x40, 0xf1,
 0x01, 0x00, 0x00, 0x95, 0x95, 0x42, 0xf1, 0x01,
 0x00, 0x00, 0xd9, 0xf0, 0x19, 0xcb, 0xcb, 0x40,
 0xf1, 0x01, 0x00, 0x00, 0x11, 0xf1, 0x0a, 0x0e,
 0xd7, 0x40, 0xb3, 0x02, 0x00, 0x00, 0x95, 0x95,
 0x42, 0xf1, 0x01, 0x00, 0x00, 0xcb, 0xe5, 0xcb,
 0xd7, 0x04, 0xb4, 0x02, 0x00, 0x00, 0xd9, 0x22,
 0x04, 0x00, 0x42, 0xec, 0x01, 0x00, 0x00, 0xcb,
 0xe6, 0x11, 0x21, 0x00, 0x00, 0x42, 0x80, 0x01,
 0x00, 0x00, 0xcb, 0xba, 0x42, 0x33, 0x00, 0x00,
 0x00, 0xcb, 0x07, 0x42, 0xb5, 0x02, 0x00, 0x00,
 0xcb, 0xba, 0x42, 0xb6, 0x02, 0x00, 0x00, 0xcb,
 0x07, 0x42, 0xb7, 0x02, 0x00, 0x00, 0xcb, 0x09,
 0x42, 0x97, 0x01, 0x00, 0x00, 0xcb, 0x09, 0x42,
 0x98, 0x01, 0x00, 0x00, 0xcb, 0x09, 0x42, 0x96,
 0x01, 0x00, 0x00, 0xcb, 0x0a, 0x42, 0x1a, 0x02,
 0x00, 0x00, 0xcb, 0x09, 0x42, 0xb8, 0x02, 0x00,
 0x00, 0xcb, 0x09, 0x42, 0xb9, 0x02, 0x00, 0x00,
 0xcb, 0x09, 0x42, 0xba, 0x02, 0x00, 0x00, 0xcb,
 0x09, 0x42, 0xbb, 0x02, 0x00, 0x00, 0xcb, 0x0a,
 0x42, 0xbc, 0x02, 0x00, 0x00, 0xcb, 0xd7, 0x40,
 0x95, 0x01, 0x00, 0x00, 0x09, 0xae, 0x42, 0x95,
 0x01, 0x00, 0x00, 0xcb, 0xd7, 0x40, 0x9f, 0x01,
 0x00, 0x00, 0x95, 0x95, 0x42, 0x9f, 0x01, 0x00,
 0x00, 0xcb, 0x09, 0x42, 0x92, 0x01, 0x00, 0x00,
 0xcb, 0xd7, 0x40, 0x16, 0x02, 0x00, 0x00, 0x11,
 0xf1, 0x07, 0x0e, 0x04, 0x17, 0x02, 0x00, 0x00,
 0x42, 0x16, 0x02, 0x00, 0x00, 0xcb, 0xba, 0x42,
 0xbd, 0x02, 0x00, 0x00, 0xcb, 0x09, 0x42, 0xbe,
 0x02, 0x00, 0x00, 0xcb, 0x07, 0x42, 0xbf, 0x02,
 0x00, 0x00, 0xcb, 0x07, 0x42, 0x30, 0x02, 0x00,
 0x00, 0xd7, 0x40, 0x30, 0x02, 0x00, 0x00, 0xf0,
 0x37, 0x5d, 0x04, 0x00, 0x95, 0xf0, 0x12, 0x5d,
 0x05, 0x00, 0x04, 0xc0, 0x02, 0x00, 0x00, 0xf5,
 0x40, 0x9a, 0x02, 0x00, 0x00, 0x5e, 0x04, 0x00,
 0xcb, 0x5d, 0x04, 0x00, 0x11, 0xd7, 0x40, 0x30,
 0x02, 0x00, 0x00, 0x21, 0x01, 0x00, 0x42, 0xbf,
 0x02, 0x00, 0x00, 0xcb, 0xd7, 0x40, 0x30, 0x02,
 0x00, 0x00, 0x42, 0x30, 0x02, 0x00, 0x00, 0x29,
 0xa6, 0x04, 0x90, 0x0c, 0x05, 0x69, 0x0d, 0x18,
 0x1b, 0x16, 0x12, 0x15, 0x26, 0x02, 0x07, 0x1a,
 0x2f, 0x2c, 0x07, 0x24, 0x12, 0x7f, 0x07, 0x28,
 0x44, 0x1f, 0x11, 0x14, 0x39, 0x4e, 0x44, 0x69,
 0x07, 0x2a, 0x07, 0x22, 0x07, 0x0c, 0x20, 0x44,
 0x30, 0x9b, 0x01, 0x07, 0x24, 0x35, 0x23, 0x26,
 0x00, 0x26, 0x00, 0x26, 0x00, 0x26, 0x00, 0x26,
 0x00, 0x26, 0x00, 0x26, 0x00, 0x26, 0x00, 0x26,
 0x00, 0x26, 0x00, 0x26, 0x00, 0x26, 0x00, 0x26,
 0x00, 0x07, 0x22, 0x20, 0x2c, 0x26, 0x4d, 0x07,
 0x2a, 0x44, 0x29, 0x26, 0x00, 0x07, 0x2e, 0x67,
 0x2d, 0x26, 0x00, 0x26, 0x00, 0x26, 0x00, 0x26,
 0x08, 0x2b, 0x06, 0x20, 0x3e, 0x58, 0x47, 0x07,
 0x26, 0x16, 0x1c, 0x49, 0x41, 0x07, 0x20, 0x00,
 0x0c, 0x43, 0x0a, 0x01, 0xa6, 0x09, 0x01, 0x02,
 0x01, 0x06, 0x00, 0x05, 0x00, 0x6a, 0x03, 0xbc,
 0x04, 0x00, 0x01, 0x00, 0xd4, 0x07, 0x00, 0x00,
 0x00, 0x10, 0x00, 0x01, 0x00, 0xe6, 0x07, 0x00,
 0x00, 0x80, 0x04, 0x00, 0x02, 0xa6, 0x09, 0x1a,
 0x00, 0xb8, 0x0a, 0x19, 0x00, 0xb2, 0x04, 0x03,
 0x00, 0x08, 0xd0, 0xe3, 0x11, 0xf1, 0x04, 0x0e,
 0xe4, 0xf4, 0xe7, 0xcc, 0xe5, 0xa9, 0x95, 0xf0,
 0x08, 0xe5, 0x11, 0xd7, 0x21, 0x01, 0x00, 0x28,
 0xcc, 0xe3, 0xa9, 0xcf, 0xcc, 0xe6, 0x11, 0xd7,
 0xcc, 0xcb, 0x21, 0x03, 0x00, 0x42, 0x91, 0x01,
 0x00, 0x00, 0xcc, 0x0a, 0x42, 0x29, 0x01, 0x00,
 0x00, 0xd7, 0xf0, 0x2b, 0xd7, 0x40, 0x7f, 0x02,
 0x00, 0x00, 0xfb, 0xf0, 0x0d, 0xcc, 0xd7, 0x40,
 0x7f, 0x02, 0x00, 0x00, 0x42, 0x96, 0x02, 0x00,
 0x00, 0xd7, 0x40, 0x2c, 0x01, 0x00, 0x00, 0xfb,
 0xf0, 0x0d, 0xcc, 0xd7, 0x40, 0x2c, 0x01, 0x00,
 0x00, 0x42, 0x93, 0x01, 0x00, 0x00, 0x5d, 0x04,
 0x00, 0x41, 0x1c, 0x01, 0x00, 0x00, 0xcc, 0x24,
 0x01, 0x00, 0x29, 0xa6, 0x04, 0xb3, 0x0c, 0x05,
 0x2c, 0x0d, 0x18, 0x1b, 0x16, 0x17, 0x02, 0x1b,
 0x2e, 0x0c, 0x14, 0x21, 0x2f, 0x12, 0x3d, 0x07,
 0x34, 0x0c, 0x1c, 0x0c, 0x1e, 0x30, 0x6d, 0x26,
 0x08, 0x12, 0x12, 0x20, 0x22, 0x11, 0x18, 0x07,
 0x1a, 0x3a, 0x53, 0x20, 0x28, 0x11, 0x18, 0x07,
 0x20, 0x3b, 0x79, 0x2a, 0x1a, 0x00, 0x0c, 0x43,
 0x0a, 0x01, 0x8a, 0x01, 0x00, 0x01, 0x00, 0x01,
 0x00, 0x00, 0x00, 0x19, 0x01, 0x10, 0x00, 0x01,
 0x00, 0x08, 0xcf, 0xcb, 0x40, 0x91, 0x01, 0x00,
 0x00, 0xf8, 0xf0, 0x03, 0x09, 0x28, 0xcb, 0x40,
 0x91, 0x01, 0x00, 0x00, 0x40, 0x92, 0x01, 0x00,
 0x00, 0x28, 0xa6, 0x04, 0xc4, 0x0c, 0x0c, 0x02,
 0x2b, 0x32, 0x00, 0x0c, 0x43, 0x0a, 0x01, 0x8c,
 0x01, 0x01, 0x01, 0x01, 0x02, 0x00, 0x00, 0x00,
 0x19, 0x02, 0x88, 0x01, 0x00, 0x01, 0x00, 0x10,
 0x00, 0x01, 0x00, 0x08, 0xcf, 0xcb, 0x40, 0x91,
 0x01, 0x00, 0x00, 0x95, 0xf0, 0x02, 0x29, 0xcb,
 0x40, 0x91, 0x01, 0x00, 0x00, 0xd7, 0x42, 0x92,
 0x01, 0x00, 0x00, 0x29, 0xa6, 0x04, 0xca, 0x0c,
 0x0c, 0x06, 0x00, 0x0c, 0x08, 0x05, 0x20, 0x40,
 0x00, 0x0c, 0x43, 0x0a, 0x01, 0x00, 0x02, 0x00,
 0x02, 0x02, 0x00, 0x00, 0x00, 0x04, 0x02, 0x90,
 0x06, 0x00, 0x01, 0x00, 0xa0, 0x04, 0x00, 0x01,
 0x00, 0xd8, 0xd7, 0xf5, 0x29, 0xa6, 0x04, 0xd3,
 0x0c, 0x24, 0x04, 0x03, 0x39, 0x07, 0x06, 0x00,
 0x0c, 0x43, 0x0a, 0x01, 0x00, 0x02, 0x03, 0x02,
 0x06, 0x00, 0x02, 0x00, 0x4d, 0x05, 0xcc, 0x04,
 0x00, 0x01, 0x00, 0xe0, 0x08, 0x00, 0x01, 0x00,
 0xda, 0x07, 0x00, 0x00, 0x00, 0x82, 0x0b, 0x00,
 0x01, 0x00, 0x10, 0x00, 0x01, 0x00, 0x8c, 0x05,
 0x04, 0x00, 0xba, 0x0a, 0x1b, 0x00, 0x08, 0xd1,
 0xcd, 0x40, 0x91, 0x01, 0x00, 0x00, 0xd3, 0x40,
 0xf1, 0x01, 0x00, 0x00, 0x95, 0xf0, 0x32, 0xd7,
 0x96, 0x04, 0x4c, 0x00, 0x00, 0x00, 0xad, 0xf0,
 0x2a, 0xd8, 0x11, 0xf1, 0x08, 0x0e, 0xcb, 0x40,
 0x16, 0x02, 0x00, 0x00, 0xe0, 0xcb, 0x40, 0x30,
 0x02, 0x00, 0x00, 0xae, 0xf0, 0x0f, 0xe3, 0x41,
 0x83, 0x00, 0x00, 0x00, 0xd7, 0xd8, 0x24, 0x02,
 0x00, 0xdb, 0xc6, 0xdc, 0x0a, 0xd0, 0xf2, 0x03,
 0x0a, 0xd0, 0xe4, 0xcd, 0xd7, 0xd8, 0x09, 0xcc,
 0x23, 0x05, 0x00, 0xa6, 0x04, 0xd6, 0x0c, 0x20,
 0x22, 0x2d, 0x27, 0x30, 0x10, 0x07, 0x14, 0x30,
 0x0f, 0x1b, 0x18, 0x26, 0x0b, 0x30, 0x0d, 0x20,
 0x1a, 0x07, 0x0e, 0x1c, 0x37, 0x0e, 0x03, 0x19,
 0x03, 0x0e, 0x0a, 0x07, 0x22, 0x07, 0x0c, 0x07,
 0x0e, 0x0c, 0x22, 0x00, 0x0c, 0x43, 0x0a, 0x01,
 0x00, 0x01, 0x01, 0x01, 0x06, 0x00, 0x01, 0x00,
 0x0b, 0x02, 0xcc, 0x04, 0x00, 0x01, 0x00, 0x10,
 0x00, 0x01, 0x00, 0xba, 0x0a, 0x1b, 0x00, 0x08,
 0xcf, 0xe3, 0xcb, 0xd7, 0x07, 0x0a, 0x09, 0x23,
 0x05, 0x00, 0xa6, 0x04, 0xe7, 0x0c, 0x23, 0x06,
 0x0d, 0x29, 0x07, 0x22, 0x07, 0x0c, 0x00, 0x0c,
 0x43, 0x0a, 0x01, 0xba, 0x0a, 0x05, 0x02, 0x05,
 0x05, 0x00, 0x0a, 0x00, 0xcf, 0x02, 0x07, 0xb8,
 0x06, 0x00, 0x01, 0x00, 0xcc, 0x04, 0x00, 0x01,
 0x00, 0xe0, 0x08, 0x00, 0x01, 0x00, 0x84, 0x0b,
 0x00, 0x01, 0x00, 0x82, 0x0b, 0x00, 0x01, 0x00,
 0xda, 0x07, 0x00, 0x00, 0x00, 0xda, 0x04, 0x00,
 0x01, 0x00, 0xb2, 0x0a, 0x09, 0x00, 0xc6, 0x0a,
 0x21, 0x00, 0xbe, 0x0a, 0x1d, 0x00, 0x8e, 0x06,
 0x16, 0x00, 0x8c, 0x05, 0x04, 0x00, 0xec, 0x07,
 0x06, 0x00, 0xcc, 0x07, 0x12, 0x00, 0xbc, 0x0a,
 0x1c, 0x00, 0xae, 0x07, 0x10, 0x00, 0xcc, 0x0a,
 0x24, 0x00, 0xe3, 0x04, 0x9d, 0x02, 0x00, 0x00,
 0xd8, 0xf6, 0x0e, 0xd7, 0x40, 0x91, 0x01, 0x00,
 0x00, 0xcf, 0xd8, 0xf9, 0xf0, 0x10, 0xcb, 0x09,
 0x42, 0x96, 0x01, 0x00, 0x00, 0xe4, 0xd7, 0xcb,
 0xf6, 0x0e, 0xf3, 0x11, 0x01, 0x5a, 0x04, 0x00,
 0x95, 0xf0, 0x06, 0xe5, 0xcb, 0xd8, 0xf6, 0xd0,
 0xcc, 0xf0, 0x09, 0xe6, 0xd7, 0xcc, 0xf6, 0x0e,
 0xf3, 0xfb, 0x00, 0xcb, 0x40, 0xf1, 0x01, 0x00,
 0x00, 0x11, 0xf1, 0x0c, 0x0e, 0xd8, 0x68, 0xdb,
 0x00, 0x00, 0x00, 0xd8, 0xef, 0xba, 0xa7, 0x68,
 0xd2, 0x00, 0x00, 0x00, 0xd8, 0x96, 0x04, 0x4c,
 0x00, 0x00, 0x00, 0xae, 0xf0, 0x29, 0xcb, 0x40,
 0xf1, 0x01, 0x00, 0x00, 0x95, 0xf0, 0x20, 0x38,
 0x9e, 0x00, 0x00, 0x00, 0x41, 0x67, 0x00, 0x00,
 0x00, 0xd8, 0x24, 0x01, 0x00, 0x5d, 0x04, 0x00,
 0x40, 0x3f, 0x00, 0x00, 0x00, 0xae, 0xf0, 0x07,
 0x5d, 0x05, 0x00, 0xd8, 0xf5, 0xdc, 0xda, 0xf0,
 0x25, 0xcb, 0x40, 0x98, 0x01, 0x00, 0x00, 0xf0,
 0x0f, 0xe6, 0xd7, 0x5d, 0x06, 0x00, 0x11, 0x21,
 0x00, 0x00, 0xf6, 0x0e, 0xf3, 0x97, 0x00, 0x5d,
 0x07, 0x00, 0xd7, 0xcb, 0xd8, 0x0a, 0x22, 0x04,
 0x00, 0x0e, 0xf3, 0x89, 0x00, 0xcb, 0x40, 0x97,
 0x01, 0x00, 0x00, 0xf0, 0x0e, 0xe6, 0xd7, 0x5d,
 0x08, 0x00, 0x11, 0x21, 0x00, 0x00, 0xf6, 0x0e,
 0xf2, 0x73, 0xcb, 0x40, 0x92, 0x01, 0x00, 0x00,
 0xf0, 0x03, 0x09, 0x28, 0xcb, 0x09, 0x42, 0x96,
 0x01, 0x00, 0x00, 0xcb, 0x40, 0xbf, 0x02, 0x00,
 0x00, 0xf0, 0x3b, 0xd9, 0x95, 0xf0, 0x37, 0xcb,
 0x40, 0xbf, 0x02, 0x00, 0x00, 0x41, 0x27, 0x01,
 0x00, 0x00, 0xd8, 0x24, 0x01, 0x00, 0xdc, 0xcb,
 0x40, 0xf1, 0x01, 0x00, 0x00, 0x11, 0xf1, 0x06,
 0x0e, 0xd8, 0xef, 0xba, 0xae, 0xf0, 0x0e, 0x5d,
 0x07, 0x00, 0xd7, 0xcb, 0xd8, 0x09, 0x22, 0x04,
 0x00, 0x0e, 0xf2, 0x29, 0x5d, 0x09, 0x00, 0xd7,
 0xcb, 0xf6, 0x0e, 0xf2, 0x20, 0x5d, 0x07, 0x00,
 0xd7, 0xcb, 0xd8, 0x09, 0x22, 0x04, 0x00, 0x0e,
 0xf2, 0x13, 0xda, 0x95, 0xf0, 0x0f, 0xcb, 0x09,
 0x42, 0x96, 0x01, 0x00, 0x00, 0x5d, 0x09, 0x00,
 0xd7, 0xcb, 0xf6, 0x0e, 0xcb, 0x40, 0x97, 0x01,
 0x00, 0x00, 0x95, 0x11, 0xf0, 0x13, 0x0e, 0xcb,
 0xef, 0xcb, 0x40, 0xec, 0x01, 0x00, 0x00, 0xa5,
 0x11, 0xf1, 0x06, 0x0e, 0xcb, 0xef, 0xba, 0xad,
 0x28, 0xa6, 0x04, 0xea, 0x0c, 0x05, 0x91, 0x01,
 0x03, 0x04, 0x20, 0x34, 0x12, 0x1b, 0x26, 0x0f,
 0x07, 0x14, 0x12, 0x17, 0x26, 0x00, 0x07, 0x16,
 0x07, 0x10, 0x23, 0x1b, 0x20, 0x2a, 0x07, 0x1a,
 0x07, 0x0e, 0x12, 0x53, 0x12, 0x03, 0x07, 0x1e,
 0x07, 0x10, 0x21, 0x1b, 0x34, 0x28, 0x20, 0x12,
 0x0c, 0x1e, 0x26, 0x53, 0x07, 0x14, 0x2f, 0x1a,
 0x2f, 0x28, 0x34, 0x2c, 0x16, 0x16, 0x3a, 0x99,
 0x01, 0x11, 0x28, 0x13, 0x33, 0x12, 0x04, 0x2a,
 0x24, 0x07, 0x1e, 0x07, 0x18, 0x3f, 0x57, 0x11,
 0x12, 0x07, 0x10, 0x07, 0x0e, 0x30, 0x27, 0x2b,
 0x11, 0x07, 0x1e, 0x07, 0x18, 0x3a, 0x23, 0x37,
 0x11, 0x26, 0x08, 0x2a, 0x24, 0x17, 0x17, 0x39,
 0x28, 0x1c, 0x2f, 0x34, 0x28, 0x0c, 0x22, 0x16,
 0x06, 0x11, 0x12, 0x07, 0x10, 0x07, 0x0e, 0x2b,
 0x7d, 0x11, 0x1c, 0x07, 0x10, 0x1d, 0x35, 0x11,
 0x12, 0x07, 0x10, 0x07, 0x0e, 0x2d, 0x23, 0x17,
 0x13, 0x26, 0x00, 0x11, 0x1c, 0x07, 0x10, 0x14,
 0x23, 0x39, 0x20, 0x0c, 0x1e, 0x39, 0x2e, 0x0c,
 0x22, 0x00, 0x0c, 0x43, 0x0a, 0x01, 0xbc, 0x0a,
 0x04, 0x00, 0x04, 0x04, 0x00, 0x02, 0x00, 0x7f,
 0x04, 0xb8, 0x06, 0x00, 0x01, 0x00, 0xda, 0x07,
 0x00, 0x01, 0x00, 0xcc, 0x04, 0x00, 0x01, 0x00,
 0x84, 0x0b, 0x00, 0x01, 0x00, 0xc8, 0x0a, 0x22,
 0x00, 0xcc, 0x0a, 0x24, 0x00, 0xd8, 0x40, 0xb7,
 0x02, 0x00, 0x00, 0xf0, 0x29, 0xd8, 0xef, 0xba,
 0xad, 0xf0, 0x23, 0xd8, 0x40, 0x1a, 0x02, 0x00,
 0x00, 0x95, 0xf0, 0x1a, 0xd8, 0xba, 0x42, 0xbd,
 0x02, 0x00, 0x00, 0xd7, 0x41, 0x2f, 0x01, 0x00,
 0x00, 0x04, 0x31, 0x01, 0x00, 0x00, 0xd9, 0x24,
 0x02, 0x00, 0x0e, 0xf2, 0x4b, 0xd8, 0x41, 0x33,
 0x00, 0x00, 0x00, 0xd8, 0x40, 0xf1, 0x01, 0x00,
 0x00, 0xf0, 0x04, 0xbb, 0xf2, 0x03, 0xd9, 0xef,
 0x9c, 0x42, 0x33, 0x00, 0x00, 0x00, 0xda, 0xf0,
 0x13, 0xd8, 0x40, 0x80, 0x01, 0x00, 0x00, 0x41,
 0x3b, 0x01, 0x00, 0x00, 0xd9, 0x24, 0x01, 0x00,
 0x0e, 0xf2, 0x11, 0xd8, 0x40, 0x80, 0x01, 0x00,
 0x00, 0x41, 0x50, 0x01, 0x00, 0x00, 0xd9, 0x24,
 0x01, 0x00, 0x0e, 0xd8, 0x40, 0xb8, 0x02, 0x00,
 0x00, 0xf0, 0x05, 0xe3, 0xd7, 0xf5, 0x0e, 0xe4,
 0xd7, 0xd8, 0xf6, 0x29, 0xa6, 0x04, 0x91, 0x0d,
 0x05, 0x2c, 0x03, 0x0c, 0x2a, 0x22, 0x0c, 0x22,
 0x16, 0x0c, 0x30, 0x53, 0x26, 0x00, 0x20, 0x0e,
 0x1b, 0x1a, 0x27, 0x27, 0x20, 0x20, 0x39, 0x2e,
 0x2b, 0x45, 0x11, 0x18, 0x39, 0x2a, 0x26, 0x3f,
 0x39, 0x24, 0x1c, 0x25, 0x2a, 0x28, 0x07, 0x1a,
 0x13, 0x4d, 0x07, 0x1c, 0x07, 0x10, 0x00, 0x0c,
 0x43, 0x0a, 0x01, 0xbe, 0x0a, 0x02, 0x01, 0x02,
 0x06, 0x00, 0x02, 0x00, 0x3d, 0x03, 0xda, 0x07,
 0x00, 0x01, 0x00, 0xcc, 0x04, 0x00, 0x01, 0x00,
 0xda, 0x04, 0x00, 0x00, 0x00, 0xee, 0x07, 0x07,
 0x00, 0xac, 0x07, 0x0f, 0x00, 0xe3, 0xd8, 0xf5,
 0x95, 0xf0, 0x36, 0xd8, 0x96, 0x04, 0x4c, 0x00,
 0x00, 0x00, 0xae, 0xf0, 0x2c, 0xd8, 0xf8, 0xf1,
 0x28, 0xd7, 0x40, 0xf1, 0x01, 0x00, 0x00, 0x95,
 0xf0, 0x1f, 0xe4, 0x11, 0x04, 0x26, 0x01, 0x00,
 0x00, 0x04, 0x4c, 0x00, 0x00, 0x00, 0x04, 0x81,
 0x01, 0x00, 0x00, 0x04, 0xb1, 0x00, 0x00, 0x00,
 0x26, 0x03, 0x00, 0xd8, 0x21, 0x03, 0x00, 0xcf,
 0xcb, 0x28, 0xa6, 0x04, 0x9d, 0x0d, 0x05, 0x17,
 0x04, 0x0e, 0x07, 0x1c, 0x1b, 0x22, 0x07, 0x14,
 0x2f, 0x18, 0x07, 0x14, 0x11, 0x16, 0x30, 0x87,
 0x01, 0x7f, 0x84, 0x01, 0x1d, 0x8b, 0x01, 0x00,
 0x0c, 0x43, 0x0a, 0x01, 0x00, 0x00, 0x01, 0x00,
 0x02, 0x00, 0x00, 0x00, 0x10, 0x01, 0x10, 0x00,
 0x01, 0x00, 0x08, 0xcf, 0xcb, 0x40, 0x91, 0x01,
 0x00, 0x00, 0x40, 0xb7, 0x02, 0x00, 0x00, 0x09,
 0xad, 0x28, 0xa6, 0x04, 0xa4, 0x0d, 0x24, 0x02,
 0x44, 0x14, 0x00, 0x0c, 0x43, 0x0a, 0x01, 0x00,
 0x01, 0x04, 0x01, 0x04, 0x00, 0x02, 0x00, 0xb0,
 0x01, 0x05, 0x86, 0x0b, 0x00, 0x01, 0x00, 0xfe,
 0x0a, 0x00, 0x00, 0x00, 0xde, 0x05, 0x00, 0x01,
 0x00, 0x88, 0x0b, 0x00, 0x02, 0x00, 0x10, 0x00,
 0x01, 0x00, 0xb4, 0x0a, 0x13, 0x00, 0xe6, 0x03,
 0x01, 0x02, 0x08, 0xd2, 0xe3, 0x95, 0xf0, 0x0e,
 0xe4, 0x04, 0xc0, 0x02, 0x00, 0x00, 0xf5, 0x40,
 0x9a, 0x02, 0x00, 0x00, 0xe7, 0xe3, 0x11, 0xd7,
 0x21, 0x01, 0x00, 0xcf, 0xce, 0x40, 0x91, 0x01,
 0x00, 0x00, 0xcb, 0x42, 0xbf, 0x02, 0x00, 0x00,
 0xce, 0x40, 0x91, 0x01, 0x00, 0x00, 0xce, 0x40,
 0x91, 0x01, 0x00, 0x00, 0x40, 0xbf, 0x02, 0x00,
 0x00, 0x40, 0x30, 0x02, 0x00, 0x00, 0x42, 0x30,
 0x02, 0x00, 0x00, 0xce, 0x40, 0x91, 0x01, 0x00,
 0x00, 0x40, 0x80, 0x01, 0x00, 0x00, 0x40, 0x67,
 0x01, 0x00, 0x00, 0xd0, 0xc6, 0xd1, 0xcc, 0xf9,
 0xf1, 0x1c, 0xcd, 0xcb, 0x41, 0x27, 0x01, 0x00,
 0x00, 0xcc, 0x40, 0x31, 0x01, 0x00, 0x00, 0x24,
 0x01, 0x00, 0x9c, 0xd1, 0xcc, 0x40, 0x72, 0x00,
 0x00, 0x00, 0xd0, 0xf2, 0xe2, 0xce, 0x40, 0x91,
 0x01, 0x00, 0x00, 0x40, 0x80, 0x01, 0x00, 0x00,
 0x41, 0x6d, 0x01, 0x00, 0x00, 0x24, 0x00, 0x00,
 0x0e, 0xcd, 0xc6, 0xae, 0xf0, 0x16, 0xce, 0x40,
 0x91, 0x01, 0x00, 0x00, 0x40, 0x80, 0x01, 0x00,
 0x00, 0x41, 0x50, 0x01, 0x00, 0x00, 0xcd, 0x24,
 0x01, 0x00, 0x0e, 0xce, 0x40, 0x91, 0x01, 0x00,
 0x00, 0xcd, 0xef, 0x42, 0x33, 0x00, 0x00, 0x00,
 0xce, 0x28, 0xa6, 0x04, 0xa7, 0x0d, 0x27, 0x2a,
 0x0d, 0x35, 0x16, 0x3e, 0x44, 0x23, 0x0c, 0x1c,
 0x1c, 0x3f, 0x20, 0x3c, 0x21, 0x3b, 0xeb, 0x0e,
 0x07, 0x0c, 0x12, 0x15, 0x07, 0x16, 0x20, 0x1c,
 0x3a, 0x29, 0x31, 0x0b, 0x52, 0x36, 0x17, 0x2d,
 0x07, 0x18, 0x16, 0x08, 0x52, 0x40, 0x1c, 0x67,
 0x20, 0x3a, 0x00, 0x0c, 0x43, 0x0a, 0x01, 0xc2,
 0x0a, 0x01, 0x00, 0x01, 0x03, 0x00, 0x01, 0x00,
 0x2b, 0x01, 0xe0, 0x05, 0x00, 0x01, 0x00, 0xc0,
 0x0a, 0x1e, 0x00, 0xd7, 0xe3, 0xa8, 0xf0, 0x05,
 0xe3, 0xdb, 0xf2, 0x21, 0xd7, 0x8d, 0xdf, 0xd7,
 0xbb, 0xa0, 0xa3, 0xdf, 0xd7, 0xbc, 0xa0, 0xa3,
 0xdf, 0xd7, 0xbe, 0xa0, 0xa3, 0xdf, 0xd7, 0xc2,
 0x08, 0xa0, 0xa3, 0xdf, 0xd7, 0xc2, 0x10, 0xa0,
 0xa3, 0xdf, 0x8e, 0xdb, 0xd7, 0x28, 0xa6, 0x04,
 0xb8, 0x0d, 0x05, 0x22, 0x03, 0x0c, 0x07, 0x0a,
 0x17, 0x05, 0x18, 0x07, 0x08, 0x00, 0x0c, 0x0a,
 0x07, 0x0c, 0x17, 0x0b, 0x07, 0x0c, 0x17, 0x0b,
 0x07, 0x0c, 0x17, 0x0b, 0x07, 0x0c, 0x1c, 0x0b,
 0x07, 0x0c, 0x1c, 0x00, 0x0e, 0x0b, 0x00, 0x0c,
 0x43, 0x0a, 0x01, 0xc4, 0x0a, 0x02, 0x00, 0x02,
 0x03, 0x00, 0x01, 0x00, 0x77, 0x02, 0xe0, 0x05,
 0x00, 0x01, 0x00, 0xda, 0x07, 0x00, 0x01, 0x00,
 0xc2, 0x0a, 0x1f, 0x00, 0xd7, 0xba, 0xa6, 0x11,
 0xf1, 0x0e, 0x0e, 0xd8, 0xef, 0xba, 0xad, 0xf0,
 0x0b, 0xd8, 0x40, 0x97, 0x01, 0x00, 0x00, 0xf0,
 0x03, 0xba, 0x28, 0xd8, 0x40, 0xf1, 0x01, 0x00,
 0x00, 0xf0, 0x03, 0xbb, 0x28, 0xd7, 0xd7, 0xae,
 0xf0, 0x22, 0xd8, 0x40, 0xb7, 0x02, 0x00, 0x00,
 0xf0, 0x17, 0xd8, 0xef, 0xf0, 0x13, 0xd8, 0x40,
 0x80, 0x01, 0x00, 0x00, 0x40, 0x67, 0x01, 0x00,
 0x00, 0x40, 0x31, 0x01, 0x00, 0x00, 0xef, 0x28,
 0xd8, 0xef, 0x28, 0xd7, 0xd8, 0x40, 0xec, 0x01,
 0x00, 0x00, 0xa7, 0xf0, 0x0a, 0xd8, 0xe3, 0xd7,
 0xf5, 0x42, 0xec, 0x01, 0x00, 0x00, 0xd7, 0xd8,
 0xef, 0xa6, 0xf0, 0x03, 0xd7, 0x28, 0xd8, 0x40,
 0x97, 0x01, 0x00, 0x00, 0x95, 0xf0, 0x0a, 0xd8,
 0x0a, 0x42, 0xb8, 0x02, 0x00, 0x00, 0xba, 0x28,
 0xd8, 0xef, 0x28, 0xa6, 0x04, 0xc6, 0x0d, 0x05,
 0x2f, 0x03, 0x0c, 0x07, 0x0a, 0x20, 0x0a, 0x0c,
 0x22, 0x16, 0x0a, 0x35, 0x3f, 0x35, 0x00, 0x07,
 0x0c, 0x17, 0x07, 0x2a, 0x22, 0x16, 0x2a, 0x5d,
 0x3b, 0x13, 0x13, 0x07, 0x08, 0x2f, 0x2a, 0x07,
 0x2c, 0x07, 0x30, 0x26, 0x8d, 0x01, 0x07, 0x0a,
 0x1b, 0x2a, 0x0d, 0x31, 0x30, 0x05, 0x32, 0x0a,
 0x00, 0x0c, 0x43, 0x0a, 0x01, 0x00, 0x01, 0x05,
 0x01, 0x04, 0x00, 0x05, 0x00, 0xbd, 0x03, 0x06,
 0xe0, 0x05, 0x00, 0x01, 0x00, 0xda, 0x07, 0x00,
 0x00, 0x00, 0x8a, 0x0b, 0x00, 0x01, 0x00, 0x8c,
 0x0b, 0x00, 0x02, 0x00, 0xd8, 0x05, 0x00, 0x03,
 0x00, 0x10, 0x00, 0x01, 0x00, 0xb2, 0x0a, 0x09,
 0x00, 0xdc, 0x0a, 0x2d, 0x00, 0xc8, 0x0a, 0x22,
 0x00, 0xc4, 0x0a, 0x20, 0x00, 0xda, 0x0a, 0x2c,
 0x00, 0x08, 0xc8, 0x04, 0xe3, 0x04, 0x7f, 0x02,
 0x00, 0x00, 0xd7, 0xf6, 0x0e, 0x38, 0xc7, 0x02,
 0x00, 0x00, 0xd7, 0xc2, 0x0a, 0xf6, 0xdb, 0xc7,
 0x04, 0x40, 0x91, 0x01, 0x00, 0x00, 0xcf, 0xd7,
 0xd0, 0xd7, 0xba, 0xae, 0xf0, 0x08, 0xcb, 0x09,
 0x42, 0xb9, 0x02, 0x00, 0x00, 0xd7, 0xba, 0xad,
 0xf0, 0x5a, 0xcb, 0x40, 0xb8, 0x02, 0x00, 0x00,
 0xf0, 0x52, 0xcb, 0x40, 0xec, 0x01, 0x00, 0x00,
 0xba, 0xae, 0xf0, 0x0c, 0xcb, 0xef, 0xcb, 0x40,
 0xec, 0x01, 0x00, 0x00, 0xa8, 0xf2, 0x05, 0xcb,
 0xef, 0xba, 0xa7, 0x11, 0xf1, 0x08, 0x0e, 0xcb,
 0x40, 0x97, 0x01, 0x00, 0x00, 0xf0, 0x2d, 0xe3,
 0x04, 0xc8, 0x02, 0x00, 0x00, 0xcb, 0xef, 0xcb,
 0x40, 0x97, 0x01, 0x00, 0x00, 0xf7, 0x0e, 0xcb,
 0xef, 0xba, 0xad, 0xf0, 0x10, 0xcb, 0x40, 0x97,
 0x01, 0x00, 0x00, 0xf0, 0x08, 0xe4, 0xc7, 0x04,
 0xf5, 0x0e, 0xf2, 0x06, 0xe5, 0xc7, 0x04, 0xf5,
 0x0e, 0x07, 0x28, 0xe6, 0xd7, 0xcb, 0xf6, 0xdf,
 0xba, 0xad, 0xf0, 0x16, 0xcb, 0x40, 0x97, 0x01,
 0x00, 0x00, 0xf0, 0x0e, 0xcb, 0xef, 0xba, 0xad,
 0xf0, 0x06, 0xe4, 0xc7, 0x04, 0xf5, 0x0e, 0x07,
 0x28, 0xcb, 0x40, 0xb8, 0x02, 0x00, 0x00, 0xd1,
 0xe3, 0x04, 0xc9, 0x02, 0x00, 0x00, 0xcd, 0xf6,
 0x0e, 0xcb, 0xef, 0xba, 0xad, 0x11, 0xf1, 0x0d,
 0x0e, 0xcb, 0xef, 0xd7, 0x9d, 0xcb, 0x40, 0xec,
 0x01, 0x00, 0x00, 0xa5, 0xf0, 0x0c, 0x0a, 0xd1,
 0xe3, 0x04, 0xca, 0x02, 0x00, 0x00, 0xcd, 0xf6,
 0x0e, 0xcb, 0x40, 0x97, 0x01, 0x00, 0x00, 0x11,
 0xf1, 0x08, 0x0e, 0xcb, 0x40, 0x96, 0x01, 0x00,
 0x00, 0xf0, 0x0e, 0x09, 0xd1, 0xe3, 0x04, 0xcb,
 0x02, 0x00, 0x00, 0xcd, 0xf6, 0x0e, 0xf2, 0x4d,
 0xcd, 0xf0, 0x4a, 0xe3, 0x04, 0xcc, 0x02, 0x00,
 0x00, 0xf5, 0x0e, 0xcb, 0x0a, 0x42, 0x96, 0x01,
 0x00, 0x00, 0xcb, 0x0a, 0x42, 0x1a, 0x02, 0x00,
 0x00, 0xcb, 0xef, 0xba, 0xad, 0xf0, 0x08, 0xcb,
 0x0a, 0x42, 0xb8, 0x02, 0x00, 0x00, 0xc7, 0x04,
 0x41, 0x96, 0x02, 0x00, 0x00, 0xcb, 0x40, 0xec,
 0x01, 0x00, 0x00, 0x24, 0x01, 0x00, 0x0e, 0xcb,
 0x09, 0x42, 0x1a, 0x02, 0x00, 0x00, 0xcb, 0x40,
 0x96, 0x01, 0x00, 0x00, 0x95, 0xf0, 0x06, 0xe6,
 0xcc, 0xcb, 0xf6, 0xdb, 0xd7, 0xba, 0xa7, 0xf0,
 0x0a, 0x5d, 0x04, 0x00, 0xd7, 0xcb, 0xf6, 0xd2,
 0xf2, 0x03, 0x07, 0xd2, 0xce, 0xf9, 0xf0, 0x14,
 0xcb, 0xcb, 0xef, 0xcb, 0x40, 0xec, 0x01, 0x00,
 0x00, 0xa6, 0x42, 0xb8, 0x02, 0x00, 0x00, 0xba,
 0xdb, 0xf2, 0x15, 0xcb, 0x41, 0x33, 0x00, 0x00,
 0x00, 0xd7, 0x9d, 0x42, 0x33, 0x00, 0x00, 0x00,
 0xcb, 0xba, 0x42, 0xbd, 0x02, 0x00, 0x00, 0xcb,
 0xef, 0xba, 0xad, 0xf0, 0x23, 0xcb, 0x40, 0x97,
 0x01, 0x00, 0x00, 0x95, 0xf0, 0x08, 0xcb, 0x0a,
 0x42, 0xb8, 0x02, 0x00, 0x00, 0xcc, 0xd7, 0xae,
 0xf0, 0x0e, 0xcb, 0x40, 0x97, 0x01, 0x00, 0x00,
 0xf0, 0x06, 0xe4, 0xc7, 0x04, 0xf5, 0x0e, 0xce,
 0xf9, 0xf1, 0x12, 0xc7, 0x04, 0x41, 0x2f, 0x01,
 0x00, 0x00, 0x04, 0x31, 0x01, 0x00, 0x00, 0xce,
 0x24, 0x02, 0x00, 0x0e, 0xce, 0x28, 0xa6, 0x04,
 0xd5, 0x0d, 0x20, 0xc3, 0x01, 0x12, 0x31, 0x20,
 0x1c, 0x12, 0x13, 0x1b, 0x12, 0x45, 0x01, 0x0d,
 0x0f, 0x07, 0x0c, 0x16, 0x06, 0x26, 0x11, 0x07,
 0x0c, 0x16, 0x0a, 0x2a, 0x30, 0x20, 0x30, 0x16,
 0x08, 0x0c, 0x20, 0x2f, 0x2c, 0x0c, 0x1e, 0x20,
 0x0c, 0x2b, 0xf7, 0x01, 0x20, 0x38, 0x0c, 0x1c,
 0x2b, 0x4b, 0x0c, 0x22, 0x16, 0x0a, 0x2a, 0x1a,
 0x07, 0x18, 0x21, 0x5b, 0x07, 0x1a, 0x23, 0x1f,
 0x07, 0x1c, 0x07, 0x06, 0x12, 0x15, 0x16, 0x0a,
 0x2b, 0x11, 0x0c, 0x22, 0x16, 0x06, 0x07, 0x18,
 0x23, 0x31, 0x26, 0x19, 0x20, 0x2e, 0x12, 0x25,
 0x0c, 0x22, 0x20, 0x0a, 0x0c, 0x1e, 0x0c, 0x08,
 0x30, 0x55, 0x0d, 0x00, 0x20, 0x48, 0x13, 0x43,
 0x34, 0x1e, 0x2b, 0x21, 0x0d, 0x00, 0x20, 0x34,
 0x1c, 0x21, 0x12, 0x11, 0x2b, 0x00, 0x26, 0x00,
 0x26, 0x08, 0x0c, 0x22, 0x16, 0x06, 0x26, 0x2f,
 0x25, 0x16, 0x35, 0x15, 0x26, 0x0a, 0x2f, 0x26,
 0x07, 0x1c, 0x07, 0x0e, 0x14, 0x55, 0x07, 0x08,
 0x16, 0x12, 0x11, 0x12, 0x07, 0x06, 0x1c, 0x2f,
 0x0d, 0x01, 0x07, 0x10, 0x12, 0x13, 0x07, 0x2a,
 0x0c, 0x20, 0x3f, 0x49, 0x18, 0x00, 0x20, 0x20,
 0x26, 0x1f, 0x27, 0x04, 0x0c, 0x22, 0x17, 0x1b,
 0x2f, 0x1a, 0x26, 0x1b, 0x07, 0x14, 0x16, 0x0a,
 0x2a, 0x1a, 0x07, 0x18, 0x18, 0x53, 0x07, 0x10,
 0x11, 0x0c, 0x25, 0x0a, 0x1b, 0x1a, 0x1c, 0x39,
 0x00, 0x0c, 0x43, 0x0a, 0x01, 0xc6, 0x0a, 0x02,
 0x01, 0x02, 0x03, 0x00, 0x03, 0x00, 0x87, 0x01,
 0x03, 0xb8, 0x06, 0x00, 0x01, 0x00, 0xda, 0x07,
 0x00, 0x01, 0x00, 0xcc, 0x04, 0x00, 0x00, 0x00,
 0xb2, 0x0a, 0x09, 0x00, 0xc8, 0x0a, 0x22, 0x00,
 0xca, 0x0a, 0x23, 0x00, 0xe3, 0x04, 0xa3, 0x02,
 0x00, 0x00, 0xf5, 0x0e, 0xd8, 0x40, 0x97, 0x01,
 0x00, 0x00, 0xf0, 0x02, 0x29, 0xd8, 0x40, 0xbf,
 0x02, 0x00, 0x00, 0xf0, 0x3f, 0xd8, 0x40, 0xbf,
 0x02, 0x00, 0x00, 0x41, 0x2b, 0x01, 0x00, 0x00,
 0x24, 0x00, 0x00, 0xd3, 0xf0, 0x2e, 0xcb, 0xef,
 0xf0, 0x2a, 0xd8, 0x40, 0x80, 0x01, 0x00, 0x00,
 0x41, 0x50, 0x01, 0x00, 0x00, 0xcb, 0x24, 0x01,
 0x00, 0x0e, 0xd8, 0x41, 0x33, 0x00, 0x00, 0x00,
 0xd8, 0x40, 0xf1, 0x01, 0x00, 0x00, 0xf0, 0x04,
 0xbb, 0xf2, 0x03, 0xcb, 0xef, 0x9c, 0x42, 0x33,
 0x00, 0x00, 0x00, 0xd8, 0x0a, 0x42, 0x97, 0x01,
 0x00, 0x00, 0xd8, 0x40, 0x1a, 0x02, 0x00, 0x00,
 0xf0, 0x06, 0xe4, 0xd7, 0xf5, 0x0e, 0x29, 0xd8,
 0x09, 0x42, 0xb8, 0x02, 0x00, 0x00, 0xd8, 0x40,
 0xb9, 0x02, 0x00, 0x00, 0x95, 0xf0, 0x0c, 0xd8,
 0x0a, 0x42, 0xb9, 0x02, 0x00, 0x00, 0xe5, 0xd7,
 0xf5, 0x0e, 0x29, 0xa6, 0x04, 0x89, 0x0e, 0x05,
 0x2a, 0x03, 0x04, 0x2b, 0x08, 0x30, 0x00, 0x2b,
 0x14, 0x39, 0x1c, 0x12, 0x2b, 0x11, 0x12, 0x17,
 0x15, 0x39, 0x24, 0x1c, 0x23, 0x20, 0x20, 0x39,
 0x2e, 0x2d, 0x55, 0x26, 0x08, 0x2b, 0x03, 0x07,
 0x1a, 0x18, 0x19, 0x26, 0x0a, 0x30, 0x05, 0x26,
 0x00, 0x07, 0x1c, 0x00, 0x0c, 0x43, 0x0a, 0x01,
 0xc8, 0x0a, 0x01, 0x01, 0x01, 0x04, 0x00, 0x02,
 0x00, 0x51, 0x02, 0xb8, 0x06, 0x00, 0x01, 0x00,
 0xda, 0x07, 0x00, 0x00, 0x00, 0xb2, 0x0a, 0x09,
 0x00, 0xca, 0x0a, 0x23, 0x00, 0xd7, 0x40, 0x91,
 0x01, 0x00, 0x00, 0xcf, 0xe3, 0x04, 0xa4, 0x02,
 0x00, 0x00, 0xcb, 0x40, 0xb8, 0x02, 0x00, 0x00,
 0xcb, 0x40, 0xb9, 0x02, 0x00, 0x00, 0xf7, 0x0e,
 0xcb, 0x09, 0x42, 0xb8, 0x02, 0x00, 0x00, 0xcb,
 0x40, 0xb9, 0x02, 0x00, 0x00, 0x95, 0xf0, 0x26,
 0xe3, 0x04, 0xa4, 0x02, 0x00, 0x00, 0xcb, 0x40,
 0xb7, 0x02, 0x00, 0x00, 0xf6, 0x0e, 0xcb, 0x0a,
 0x42, 0xb9, 0x02, 0x00, 0x00, 0x38, 0x8e, 0x01,
 0x00, 0x00, 0x41, 0x8f, 0x01, 0x00, 0x00, 0xe4,
 0xd7, 0x24, 0x02, 0x00, 0x0e, 0x29, 0xa6, 0x04,
 0x9e, 0x0e, 0x05, 0x18, 0x03, 0x1c, 0x26, 0x17,
 0x20, 0x2c, 0x20, 0x28, 0x2b, 0x53, 0x26, 0x0a,
 0x30, 0x05, 0x20, 0x2c, 0x2b, 0x2b, 0x26, 0x00,
 0x34, 0x22, 0x07, 0x1e, 0x00, 0x0c, 0x43, 0x0a,
 0x01, 0xca, 0x0a, 0x01, 0x01, 0x01, 0x05, 0x00,
 0x02, 0x00, 0x75, 0x02, 0xb8, 0x06, 0x00, 0x01,
 0x00, 0xda, 0x07, 0x00, 0x00, 0x00, 0xb2, 0x0a,
 0x09, 0x00, 0xd8, 0x0a, 0x2b, 0x00, 0xd7, 0x40,
 0x91, 0x01, 0x00, 0x00, 0xcf, 0xe3, 0x04, 0xa5,
 0x02, 0x00, 0x00, 0xcb, 0x40, 0x92, 0x01, 0x00,
 0x00, 0xcb, 0xef, 0xcb, 0x40, 0x97, 0x01, 0x00,
 0x00, 0x22, 0x04, 0x00, 0x0e, 0xcb, 0x40, 0x92,
 0x01, 0x00, 0x00, 0x95, 0xf0, 0x25, 0xcb, 0xef,
 0x11, 0xf1, 0x08, 0x0e, 0xcb, 0x40, 0x97, 0x01,
 0x00, 0x00, 0xf0, 0x17, 0xd7, 0x41, 0x2f, 0x01,
 0x00, 0x00, 0x04, 0x29, 0x01, 0x00, 0x00, 0x24,
 0x01, 0x00, 0x0e, 0xcb, 0x09, 0x42, 0xb9, 0x02,
 0x00, 0x00, 0xcb, 0xcb, 0x40, 0xb7, 0x02, 0x00,
 0x00, 0x95, 0x11, 0xf0, 0x16, 0x0e, 0xcb, 0x40,
 0x97, 0x01, 0x00, 0x00, 0x95, 0x11, 0xf0, 0x0b,
 0x0e, 0xcb, 0xef, 0xcb, 0x40, 0xec, 0x01, 0x00,
 0x00, 0xa6, 0x42, 0xb8, 0x02, 0x00, 0x00, 0xe4,
 0xd7, 0xf5, 0x29, 0xa6, 0x04, 0xa8, 0x0e, 0x05,
 0x25, 0x03, 0x1c, 0x26, 0x17, 0x20, 0x2e, 0x20,
 0x22, 0x0c, 0x1c, 0x35, 0x61, 0x2f, 0x28, 0x20,
 0x20, 0x2b, 0x4d, 0x20, 0x0e, 0x30, 0x0d, 0x27,
 0x03, 0x07, 0x2c, 0x39, 0x24, 0x39, 0x1e, 0x0c,
 0x20, 0x3f, 0x8d, 0x01, 0x07, 0x0a, 0x00, 0x0c,
 0x43, 0x0a, 0x01, 0xcc, 0x0a, 0x02, 0x00, 0x02,
 0x05, 0x00, 0x01, 0x00, 0x22, 0x02, 0xb8, 0x06,
 0x00, 0x01, 0x00, 0xda, 0x07, 0x00, 0x01, 0x00,
 0xce, 0x0a, 0x25, 0x00, 0xd8, 0x40, 0xbe, 0x02,
 0x00, 0x00, 0x95, 0xf0, 0x19, 0xd8, 0x0a, 0x42,
 0xbe, 0x02, 0x00, 0x00, 0x38, 0x8e, 0x01, 0x00,
 0x00, 0x41, 0x8f, 0x01, 0x00, 0x00, 0xe3, 0xd7,
 0xd8, 0x24, 0x03, 0x00, 0x0e, 0x29, 0xa6, 0x04,
 0xb2, 0x0e, 0x05, 0x0c, 0x03, 0x0e, 0x30, 0x05,
 0x26, 0x00, 0x34, 0x22, 0x07, 0x20, 0x07, 0x10,
 0x00, 0x0c, 0x43, 0x0a, 0x01, 0xce, 0x0a, 0x02,
 0x01, 0x02, 0x03, 0x00, 0x01, 0x00, 0x53, 0x03,
 0xb8, 0x06, 0x00, 0x01, 0x00, 0xda, 0x07, 0x00,
 0x01, 0x00, 0xde, 0x06, 0x00, 0x00, 0x00, 0xb2,
 0x0a, 0x09, 0x00, 0xd8, 0x40, 0x96, 0x01, 0x00,
 0x00, 0x95, 0xf0, 0x43, 0xd8, 0x40, 0x97, 0x01,
 0x00, 0x00, 0x95, 0xf0, 0x3a, 0xd8, 0xef, 0xd8,
 0x40, 0xec, 0x01, 0x00, 0x00, 0xa5, 0x11, 0xf1,
 0x0e, 0x0e, 0xd8, 0x40, 0xb7, 0x02, 0x00, 0x00,
 0xf0, 0x25, 0xd8, 0xef, 0xba, 0xad, 0xf0, 0x1f,
 0xd8, 0xef, 0xcf, 0xe3, 0x04, 0xcd, 0x02, 0x00,
 0x00, 0xf5, 0x0e, 0xd7, 0x41, 0x7f, 0x02, 0x00,
 0x00, 0xba, 0x24, 0x01, 0x00, 0x0e, 0xcb, 0xd8,
 0xef, 0xad, 0xf1, 0x03, 0xf2, 0xb6, 0xd8, 0x09,
 0x42, 0xbe, 0x02, 0x00, 0x00, 0x29, 0xa6, 0x04,
 0xb8, 0x0e, 0x05, 0x1d, 0x03, 0x14, 0x2f, 0x24,
 0x2f, 0x20, 0x0c, 0x1e, 0x39, 0x2e, 0x2a, 0x22,
 0x0c, 0x22, 0x17, 0xcb, 0x01, 0x12, 0x13, 0x2b,
 0x00, 0x20, 0x0e, 0x1c, 0x05, 0x07, 0x10, 0x28,
 0x1b, 0x00, 0x0c, 0x43, 0x0a, 0x01, 0x00, 0x01,
 0x01, 0x01, 0x05, 0x00, 0x02, 0x00, 0x10, 0x02,
 0xe0, 0x05, 0x00, 0x01, 0x00, 0x10, 0x00, 0x01,
 0x00, 0x8e, 0x06, 0x16, 0x00, 0xb2, 0x07, 0x11,
 0x00, 0x08, 0xcf, 0xe3, 0xcb, 0xe4, 0x11, 0x04,
 0xce, 0x02, 0x00, 0x00, 0x21, 0x01, 0x00, 0xf6,
 0x29, 0xa6, 0x04, 0xc2, 0x0e, 0x21, 0x06, 0x0d,
 0x33, 0x07, 0x1e, 0x07, 0x14, 0x00, 0x0c, 0x43,
 0x0a, 0x01, 0x00, 0x02, 0x0f, 0x02, 0x04, 0x0d,
 0x06, 0x08, 0xff, 0x02, 0x11, 0xba, 0x04, 0x00,
 0x01, 0x40, 0x02, 0x9e, 0x0b, 0x00, 0x01, 0x00,
 0xc6, 0x05, 0x00, 0x00, 0x40, 0x00, 0xda, 0x07,
 0x00, 0x01, 0x40, 0x0c, 0xa0, 0x0b, 0x00, 0x02,
 0x00, 0xa2, 0x0b, 0x00, 0x03, 0x00, 0xa4, 0x0b,
 0x00, 0x04, 0x40, 0x07, 0xc4, 0x04, 0x00, 0x05,
 0x40, 0x08, 0xc0, 0x04, 0x00, 0x06, 0x40, 0x05,
 0xa6, 0x0b, 0x00, 0x07, 0x40, 0x0b, 0xca, 0x04,
 0x00, 0x08, 0x40, 0x01, 0xbe, 0x04, 0x00, 0x09,
 0x40, 0x0a, 0xc8, 0x04, 0x00, 0x0a, 0x40, 0x06,
 0xc6, 0x04, 0x00, 0x0b, 0x40, 0x03, 0xc6, 0x09,
 0x00, 0x0c, 0x40, 0x04, 0xa8, 0x0b, 0x00, 0x0d,
 0x40, 0x09, 0x10, 0x00, 0x01, 0x00, 0xb2, 0x0a,
 0x09, 0x00, 0xfa, 0x06, 0x2f, 0x00, 0xae, 0x0a,
 0x02, 0x00, 0x8e, 0x06, 0x16, 0x00, 0xd0, 0x0a,
 0x26, 0x00, 0xb4, 0x04, 0x18, 0x00, 0x0c, 0x43,
 0x0a, 0x01, 0xa4, 0x0b, 0x02, 0x00, 0x02, 0x02,
 0x00, 0x03, 0x00, 0x25, 0x02, 0xd2, 0x04, 0x00,
 0x01, 0x00, 0xaa, 0x0b, 0x00, 0x01, 0x00, 0xb2,
 0x0a, 0x00, 0x02, 0xc6, 0x05, 0x00, 0x00, 0xca,
 0x04, 0x08, 0x00, 0xe3, 0x04, 0xd2, 0x02, 0x00,
 0x00, 0xf5, 0x0e, 0xd7, 0xe4, 0xad, 0xf0, 0x18,
 0xd8, 0xf0, 0x15, 0xd8, 0x40, 0xd6, 0x02, 0x00,
 0x00, 0x09, 0xad, 0xf0, 0x0b, 0xd8, 0x0a, 0x42,
 0xd6, 0x02, 0x00, 0x00, 0xe5, 0xf4, 0x0e, 0x29,
 0xa6, 0x04, 0xda, 0x0e, 0x07, 0x10, 0x03, 0x04,
 0x2b, 0x08, 0x07, 0x1a, 0x17, 0x15, 0x11, 0x1c,
 0x20, 0x34, 0x17, 0x53, 0x26, 0x00, 0x00, 0x0c,
 0x43, 0x0a, 0x01, 0xc4, 0x04, 0x00, 0x00, 0x00,
 0x02, 0x00, 0x02, 0x00, 0x12, 0x00, 0xb2, 0x0a,
 0x00, 0x02, 0xba, 0x04, 0x00, 0x01, 0xe3, 0x04,
 0x22, 0x01, 0x00, 0x00, 0xf5, 0x0e, 0xe4, 0x41,
 0x2b, 0x01, 0x00, 0x00, 0x24, 0x00, 0x00, 0x29,
 0xa6, 0x04, 0xe3, 0x0e, 0x07, 0x06, 0x03, 0x04,
 0x2b, 0x00, 0x20, 0x0a, 0x00, 0x0c, 0x43, 0x0a,
 0x01, 0xca, 0x04, 0x00, 0x00, 0x00, 0x04, 0x00,
 0x0d, 0x00, 0xc6, 0x01, 0x00, 0xb2, 0x0a, 0x00,
 0x02, 0xba, 0x04, 0x00, 0x01, 0xc6, 0x04, 0x0b,
 0x00, 0xc6, 0x09, 0x0c, 0x00, 0xc0, 0x04, 0x06,
 0x00, 0xc8, 0x04, 0x0a, 0x00, 0xa4, 0x0b, 0x04,
 0x00, 0xc6, 0x05, 0x00, 0x00, 0xc4, 0x04, 0x05,
 0x00, 0xa8, 0x0b, 0x0d, 0x00, 0xbe, 0x04, 0x09,
 0x00, 0xa6, 0x0b, 0x07, 0x00, 0xda, 0x07, 0x01,
 0x00, 0xe3, 0x04, 0x25, 0x01, 0x00, 0x00, 0xf5,
 0x0e, 0xe4, 0x41, 0x30, 0x01, 0x00, 0x00, 0x04,
 0x33, 0x01, 0x00, 0x00, 0xe5, 0x24, 0x02, 0x00,
 0x0e, 0xe4, 0x41, 0x30, 0x01, 0x00, 0x00, 0x04,
 0x0f, 0x02, 0x00, 0x00, 0xe6, 0x24, 0x02, 0x00,
 0x0e, 0xe4, 0x41, 0x30, 0x01, 0x00, 0x00, 0x04,
 0x32, 0x01, 0x00, 0x00, 0x5d, 0x04, 0x00, 0x24,
 0x02, 0x00, 0x0e, 0xe4, 0x41, 0x30, 0x01, 0x00,
 0x00, 0x04, 0x37, 0x00, 0x00, 0x00, 0x5d, 0x05,
 0x00, 0x24, 0x02, 0x00, 0x0e, 0xe4, 0x41, 0x30,
 0x01, 0x00, 0x00, 0x04, 0xd4, 0x02, 0x00, 0x00,
 0x5d, 0x06, 0x00, 0x24, 0x02, 0x00, 0x0e, 0x5d,
 0x07, 0x00, 0x41, 0x30, 0x01, 0x00, 0x00, 0x04,
 0x2b, 0x01, 0x00, 0x00, 0x5d, 0x08, 0x00, 0x24,
 0x02, 0x00, 0x0e, 0x5d, 0x07, 0x00, 0x41, 0x30,
 0x01, 0x00, 0x00, 0x04, 0x2b, 0x01, 0x00, 0x00,
 0x5d, 0x09, 0x00, 0x24, 0x02, 0x00, 0x0e, 0x5d,
 0x07, 0x00, 0x41, 0x30, 0x01, 0x00, 0x00, 0x04,
 0x31, 0x01, 0x00, 0x00, 0x5d, 0x0a, 0x00, 0x24,
 0x02, 0x00, 0x0e, 0x0a, 0x5e, 0x0b, 0x00, 0x5d,
 0x0c, 0x00, 0x40, 0xbd, 0x02, 0x00, 0x00, 0xf0,
 0x1e, 0xe4, 0x40, 0x8d, 0x01, 0x00, 0x00, 0x95,
 0x11, 0xf1, 0x0d, 0x0e, 0xe4, 0x40, 0x8d, 0x01,
 0x00, 0x00, 0x40, 0x14, 0x02, 0x00, 0x00, 0xf0,
 0x06, 0x5d, 0x04, 0x00, 0xf4, 0x0e, 0x29, 0xa6,
 0x04, 0xea, 0x0e, 0x07, 0x3c, 0x03, 0x04, 0x2b,
 0x00, 0x20, 0x0a, 0x1b, 0x30, 0x1c, 0x39, 0x20,
 0x0a, 0x1b, 0x32, 0x1c, 0x3b, 0x20, 0x0a, 0x1b,
 0x30, 0x26, 0x39, 0x20, 0x0a, 0x1b, 0x30, 0x26,
 0x39, 0x20, 0x0a, 0x1b, 0x32, 0x26, 0x3b, 0x2a,
 0x08, 0x1b, 0x2c, 0x26, 0x33, 0x2a, 0x08, 0x1b,
 0x2c, 0x26, 0x33, 0x2a, 0x08, 0x1b, 0x2e, 0x26,
 0x35, 0x17, 0x08, 0x34, 0x2c, 0x39, 0x2e, 0x43,
 0x40, 0x00, 0x0c, 0x43, 0x0a, 0x01, 0xbe, 0x04,
 0x01, 0x01, 0x01, 0x03, 0x00, 0x06, 0x00, 0x7d,
 0x02, 0xcc, 0x04, 0x00, 0x01, 0x00, 0xd8, 0x05,
 0x00, 0x00, 0x00, 0xb2, 0x0a, 0x00, 0x02, 0xba,
 0x04, 0x00, 0x01, 0xda, 0x07, 0x01, 0x00, 0xfa,
 0x06, 0x01, 0x02, 0xa6, 0x0b, 0x07, 0x00, 0xc6,
 0x05, 0x00, 0x00, 0xe3, 0x04, 0x1f, 0x01, 0x00,
 0x00, 0xf5, 0x0e, 0xe4, 0x41, 0x27, 0x01, 0x00,
 0x00, 0xd7, 0x24, 0x01, 0x00, 0xcf, 0xe3, 0x04,
 0xd7, 0x02, 0x00, 0x00, 0xcb, 0xf6, 0x0e, 0xcb,
 0x09, 0xad, 0xf0, 0x5c, 0xe5, 0x40, 0xb6, 0x02,
 0x00, 0x00, 0xbb, 0xad, 0x11, 0xf0, 0x0a, 0x0e,
 0xe5, 0x40, 0xb5, 0x02, 0x00, 0x00, 0xe4, 0xad,
 0x11, 0xf1, 0x17, 0x0e, 0xe5, 0x40, 0xb6, 0x02,
 0x00, 0x00, 0xbb, 0xa7, 0xf0, 0x2e, 0xe6, 0xe5,
 0x40, 0xb5, 0x02, 0x00, 0x00, 0xe4, 0xf6, 0xb9,
 0xae, 0xf0, 0x21, 0x5d, 0x04, 0x00, 0x95, 0xf0,
 0x1b, 0xe3, 0x04, 0xd8, 0x02, 0x00, 0x00, 0xe5,
 0x40, 0xbd, 0x02, 0x00, 0x00, 0xf6, 0x0e, 0xe5,
 0x41, 0xbd, 0x02, 0x00, 0x00, 0x8e, 0x42, 0xbd,
 0x02, 0x00, 0x00, 0x5d, 0x05, 0x00, 0x41, 0x28,
 0x01, 0x00, 0x00, 0x24, 0x00, 0x00, 0x0e, 0x29,
 0xa6, 0x04, 0xf8, 0x0e, 0x07, 0x2f, 0x03, 0x04,
 0x2b, 0x14, 0x20, 0x16, 0x1c, 0x29, 0x20, 0x28,
 0x12, 0x1f, 0x07, 0x10, 0x17, 0x09, 0x20, 0x2a,
 0x20, 0x0a, 0x20, 0x20, 0x20, 0x10, 0x20, 0x26,
 0x16, 0x0a, 0x07, 0x10, 0x20, 0x1a, 0x0c, 0x14,
 0x16, 0x10, 0x21, 0xe7, 0x01, 0x20, 0x4a, 0x2b,
 0x49, 0x40, 0x03, 0x2a, 0x08, 0x00, 0x0c, 0x43,
 0x0a, 0x01, 0xc8, 0x04, 0x01, 0x00, 0x01, 0x04,
 0x00, 0x06, 0x00, 0x32, 0x01, 0xda, 0x04, 0x00,
 0x01, 0x00, 0xb2, 0x0a, 0x00, 0x02, 0xa8, 0x0b,
 0x0d, 0x00, 0xba, 0x04, 0x00, 0x01, 0xc8, 0x04,
 0x0a, 0x00, 0xae, 0x0a, 0x02, 0x02, 0x8e, 0x06,
 0x03, 0x02, 0xe3, 0x04, 0x24, 0x01, 0x00, 0x00,
 0xd7, 0xf6, 0x0e, 0xe4, 0xf4, 0x0e, 0xe5, 0x41,
 0x30, 0x01, 0x00, 0x00, 0x04, 0x37, 0x00, 0x00,
 0x00, 0xe6, 0x24, 0x02, 0x00, 0x0e, 0x5d, 0x04,
 0x00, 0xe5, 0x04, 0x37, 0x00, 0x00, 0x00, 0xf6,
 0xba, 0xad, 0xf0, 0x08, 0x5d, 0x05, 0x00, 0xe5,
 0xd7, 0xf6, 0x0e, 0x29, 0xa6, 0x04, 0x84, 0x0f,
 0x07, 0x18, 0x03, 0x04, 0x20, 0x22, 0x12, 0x21,
 0x12, 0x00, 0x20, 0x0a, 0x1b, 0x30, 0x1c, 0x31,
 0x11, 0x20, 0x25, 0x26, 0x16, 0x06, 0x11, 0x1e,
 0x07, 0x0c, 0x00, 0x0c, 0x43, 0x0a, 0x01, 0xc6,
 0x04, 0x00, 0x00, 0x00, 0x04, 0x00, 0x03, 0x00,
 0x13, 0x00, 0xba, 0x04, 0x00, 0x01, 0xc6, 0x09,
 0x0c, 0x00, 0xa8, 0x0b, 0x0d, 0x00, 0xe3, 0x41,
 0x30, 0x01, 0x00, 0x00, 0x04, 0x0f, 0x02, 0x00,
 0x00, 0xe4, 0x24, 0x02, 0x00, 0x0e, 0xe5, 0xf4,
 0x29, 0xa6, 0x04, 0x8b, 0x0f, 0x07, 0x08, 0x03,
 0x04, 0x20, 0x0a, 0x1b, 0x32, 0x1c, 0x3b, 0x00,
 0x0c, 0x43, 0x0a, 0x01, 0xc6, 0x09, 0x00, 0x00,
 0x00, 0x04, 0x00, 0x04, 0x00, 0x1b, 0x00, 0xb2,
 0x0a, 0x00, 0x02, 0xba, 0x04, 0x00, 0x01, 0xc6,
 0x04, 0x0b, 0x00, 0xa8, 0x0b, 0x0d, 0x00, 0xe3,
 0x04, 0x63, 0x02, 0x00, 0x00, 0xf5, 0x0e, 0xe4,
 0x41, 0x30, 0x01, 0x00, 0x00, 0x04, 0x33, 0x01,
 0x00, 0x00, 0xe5, 0x24, 0x02, 0x00, 0x0e, 0xe6,
 0xf4, 0x29, 0xa6, 0x04, 0x90, 0x0f, 0x07, 0x0a,
 0x03, 0x04, 0x2b, 0x00, 0x20, 0x0a, 0x1b, 0x30,
 0x1c, 0x39, 0x00, 0x0c, 0x43, 0x0a, 0x01, 0xa8,
 0x0b, 0x00, 0x00, 0x00, 0x03, 0x00, 0x03, 0x00,
 0x13, 0x00, 0xb2, 0x0a, 0x00, 0x02, 0xc6, 0x05,
 0x00, 0x00, 0xba, 0x04, 0x00, 0x01, 0xe3, 0x04,
 0xd4, 0x02, 0x00, 0x00, 0xf5, 0x0e, 0xe4, 0x41,
 0xd4, 0x02, 0x00, 0x00, 0xe5, 0x24, 0x01, 0x00,
 0x29, 0xa6, 0x04, 0x96, 0x0f, 0x07, 0x06, 0x03,
 0x04, 0x2b, 0x00, 0x20, 0x16, 0x00, 0x08, 0xc8,
 0x0e, 0xc5, 0x00, 0xc8, 0x04, 0xc5, 0x01, 0xc8,
 0x05, 0xc5, 0x02, 0xc8, 0x08, 0xc5, 0x03, 0xc8,
 0x09, 0xc5, 0x04, 0xc8, 0x0a, 0xc5, 0x05, 0xc8,
 0x0b, 0xc5, 0x06, 0xc8, 0x0c, 0xc5, 0x07, 0xc8,
 0x0d, 0xc7, 0x0e, 0xcf, 0xc7, 0x0e, 0x40, 0x91,
 0x01, 0x00, 0x00, 0xd4, 0x40, 0xb6, 0x02, 0x00,
 0x00, 0x11, 0xba, 0xad, 0xf0, 0x0a, 0xcc, 0xd7,
 0x42, 0xb5, 0x02, 0x00, 0x00, 0xf2, 0x28, 0x11,
 0xbb, 0xad, 0xf0, 0x13, 0xcc, 0xcc, 0x40, 0xb5,
 0x02, 0x00, 0x00, 0xd7, 0x26, 0x02, 0x00, 0x42,
 0xb5, 0x02, 0x00, 0x00, 0xf2, 0x11, 0xcc, 0x40,
 0xb5, 0x02, 0x00, 0x00, 0x41, 0x50, 0x01, 0x00,
 0x00, 0xd7, 0x24, 0x01, 0x00, 0x0e, 0x0e, 0xcc,
 0x41, 0xb6, 0x02, 0x00, 0x00, 0xbb, 0x9c, 0x42,
 0xb6, 0x02, 0x00, 0x00, 0xe3, 0x04, 0xd9, 0x02,
 0x00, 0x00, 0xcc, 0x40, 0xb6, 0x02, 0x00, 0x00,
 0xd8, 0xf7, 0x0e, 0xd8, 0x95, 0x11, 0xf1, 0x0a,
 0x0e, 0xd8, 0x40, 0x2b, 0x01, 0x00, 0x00, 0x09,
 0xae, 0x11, 0xf0, 0x1e, 0x0e, 0xd7, 0x38, 0x8e,
 0x01, 0x00, 0x00, 0x40, 0xda, 0x02, 0x00, 0x00,
 0xae, 0x11, 0xf0, 0x0e, 0x0e, 0xd7, 0x38, 0x8e,
 0x01, 0x00, 0x00, 0x40, 0xdb, 0x02, 0x00, 0x00,
 0xae, 0xd5, 0xf0, 0x05, 0xc7, 0x05, 0xf2, 0x03,
 0xc7, 0x0d, 0xd2, 0xcc, 0x40, 0x98, 0x01, 0x00,
 0x00, 0xf0, 0x12, 0x38, 0x8e, 0x01, 0x00, 0x00,
 0x41, 0x8f, 0x01, 0x00, 0x00, 0xce, 0x24, 0x01,
 0x00, 0x0e, 0xf2, 0x11, 0xcb, 0x41, 0x48, 0x02,
 0x00, 0x00, 0x04, 0x2b, 0x01, 0x00, 0x00, 0xce,
 0x24, 0x02, 0x00, 0x0e, 0xd7, 0x41, 0x34, 0x01,
 0x00, 0x00, 0x04, 0xd4, 0x02, 0x00, 0x00, 0xc7,
 0x04, 0x24, 0x02, 0x00, 0x0e, 0x5d, 0x04, 0x00,
 0xcb, 0xf5, 0xc8, 0x06, 0xd7, 0x41, 0x34, 0x01,
 0x00, 0x00, 0x04, 0x32, 0x01, 0x00, 0x00, 0xc7,
 0x06, 0x24, 0x02, 0x00, 0x0e, 0x09, 0xc8, 0x07,
 0xcb, 0x41, 0x34, 0x01, 0x00, 0x00, 0x04, 0x31,
 0x01, 0x00, 0x00, 0xc7, 0x09, 0x24, 0x02, 0x00,
 0x0e, 0x5d, 0x05, 0x00, 0xd7, 0x04, 0x37, 0x00,
 0x00, 0x00, 0xc7, 0x0a, 0xf7, 0x0e, 0xd7, 0x41,
 0x48, 0x02, 0x00, 0x00, 0x04, 0x33, 0x01, 0x00,
 0x00, 0xc7, 0x0b, 0x24, 0x02, 0x00, 0x0e, 0xd7,
 0x41, 0x48, 0x02, 0x00, 0x00, 0x04, 0x0f, 0x02,
 0x00, 0x00, 0xc7, 0x0c, 0x24, 0x02, 0x00, 0x0e,
 0xd7, 0x41, 0x2f, 0x01, 0x00, 0x00, 0x04, 0x36,
 0x01, 0x00, 0x00, 0xcb, 0x24, 0x02, 0x00, 0x0e,
 0xcc, 0x40, 0xb7, 0x02, 0x00, 0x00, 0x95, 0xf0,
 0x13, 0xe3, 0x04, 0xdc, 0x02, 0x00, 0x00, 0xf5,
 0x0e, 0xcb, 0x41, 0x2a, 0x01, 0x00, 0x00, 0x24,
 0x00, 0x00, 0x0e, 0xd7, 0x28, 0xa6, 0x04, 0xc5,
 0x0e, 0x20, 0x7d, 0xe6, 0x21, 0x3b, 0x07, 0x07,
 0x1c, 0x46, 0x1b, 0x07, 0x1e, 0x20, 0x1a, 0x3c,
 0x37, 0x39, 0x22, 0x23, 0x29, 0x44, 0x00, 0x20,
 0x3e, 0x20, 0x24, 0x12, 0x45, 0x20, 0x18, 0x20,
 0x22, 0x20, 0x14, 0x07, 0x12, 0x4d, 0x24, 0x07,
 0x12, 0x3a, 0x99, 0x01, 0x11, 0x10, 0x16, 0x10,
 0x12, 0x2f, 0x2a, 0x24, 0x34, 0x22, 0x26, 0x43,
 0x20, 0x08, 0x1b, 0x18, 0x1c, 0x29, 0x20, 0x0a,
 0x1b, 0x1a, 0x00, 0x06, 0x1c, 0x07, 0x11, 0x18,
 0x17, 0x33, 0x20, 0x0a, 0x1b, 0x18, 0x00, 0x09,
 0x1e, 0x21, 0x20, 0x08, 0x1b, 0x16, 0x00, 0x06,
 0x26, 0x1d, 0x11, 0x20, 0x20, 0x1e, 0x00, 0x04,
 0x0a, 0x3d, 0x20, 0x0a, 0x1b, 0x1c, 0x00, 0x06,
 0x0c, 0x25, 0x20, 0x0a, 0x1b, 0x1e, 0x00, 0x06,
 0x0a, 0x27, 0x20, 0x0a, 0x1b, 0x1a, 0x1c, 0x19,
 0x30, 0x05, 0x2b, 0x00, 0x20, 0x08, 0x18, 0x02,
 0x00, 0x0c, 0x43, 0x0a, 0x01, 0xd0, 0x0a, 0x01,
 0x00, 0x01, 0x01, 0x01, 0x03, 0x01, 0x03, 0x01,
 0xc6, 0x05, 0x00, 0x01, 0x40, 0x00, 0xb2, 0x0a,
 0x09, 0x00, 0xae, 0x0a, 0x02, 0x00, 0xd8, 0x0a,
 0x2b, 0x00, 0x0c, 0x43, 0x0a, 0x01, 0xba, 0x0b,
 0x00, 0x01, 0x00, 0x03, 0x00, 0x04, 0x00, 0x49,
 0x01, 0xda, 0x07, 0x00, 0x00, 0x00, 0xc6, 0x05,
 0x00, 0x01, 0xb2, 0x0a, 0x00, 0x02, 0xae, 0x0a,
 0x01, 0x02, 0xd8, 0x0a, 0x02, 0x02, 0xe3, 0x40,
 0x91, 0x01, 0x00, 0x00, 0xcf, 0xe4, 0x04, 0xa8,
 0x02, 0x00, 0x00, 0xcb, 0x40, 0xbd, 0x02, 0x00,
 0x00, 0xf6, 0x0e, 0xcb, 0x40, 0xbd, 0x02, 0x00,
 0x00, 0xf0, 0x0d, 0xcb, 0x41, 0xbd, 0x02, 0x00,
 0x00, 0x8d, 0x42, 0xbd, 0x02, 0x00, 0x00, 0xcb,
 0x40, 0xbd, 0x02, 0x00, 0x00, 0xba, 0xad, 0xf0,
 0x16, 0xe5, 0xe3, 0x04, 0x31, 0x01, 0x00, 0x00,
 0xf6, 0xf0, 0x0c, 0xcb, 0x0a, 0x42, 0xb7, 0x02,
 0x00, 0x00, 0xe6, 0xe3, 0xf5, 0x0e, 0x29, 0xa6,
 0x04, 0xa2, 0x0f, 0x0e, 0x18, 0x03, 0x0e, 0x26,
 0x17, 0x20, 0x2a, 0x2b, 0x21, 0x2a, 0x24, 0x3f,
 0x23, 0x20, 0x2a, 0x16, 0x0a, 0x07, 0x20, 0x30,
 0x57, 0x26, 0x00, 0x07, 0x0a, 0x00, 0xc5, 0x00,
 0x28, 0xa6, 0x04, 0xa1, 0x0f, 0x05, 0x00, 0x00,
 0x0c, 0x43, 0x0a, 0x01, 0x00, 0x01, 0x07, 0x01,
 0x06, 0x00, 0x01, 0x00, 0xa2, 0x02, 0x08, 0xba,
 0x04, 0x00, 0x01, 0x00, 0xda, 0x07, 0x00, 0x00,
 0x00, 0xaa, 0x0b, 0x00, 0x01, 0x00, 0xbc, 0x0b,
 0x00, 0x02, 0x00, 0xde, 0x06, 0x00, 0x03, 0x00,
 0xa2, 0x05, 0x00, 0x04, 0x00, 0xbe, 0x01, 0x00,
 0x05, 0x00, 0x10, 0x00, 0x01, 0x00, 0xfa, 0x06,
 0x2f, 0x00, 0x08, 0xc8, 0x06, 0xc7, 0x06, 0x40,
 0x91, 0x01, 0x00, 0x00, 0xcf, 0x0b, 0x09, 0x4b,
 0xd6, 0x02, 0x00, 0x00, 0xd0, 0xcb, 0x40, 0xb6,
 0x02, 0x00, 0x00, 0xba, 0xad, 0xf0, 0x04, 0xc7,
 0x06, 0x28, 0xcb, 0x40, 0xb6, 0x02, 0x00, 0x00,
 0xbb, 0xad, 0xf0, 0x49, 0xd7, 0xf0, 0x0e, 0xd7,
 0xcb, 0x40, 0xb5, 0x02, 0x00, 0x00, 0xae, 0xf0,
 0x04, 0xc7, 0x06, 0x28, 0xd7, 0x95, 0xf0, 0x08,
 0xcb, 0x40, 0xb5, 0x02, 0x00, 0x00, 0xdb, 0xcb,
 0x07, 0x42, 0xb5, 0x02, 0x00, 0x00, 0xcb, 0xba,
 0x42, 0xb6, 0x02, 0x00, 0x00, 0xcb, 0x09, 0x42,
 0xb7, 0x02, 0x00, 0x00, 0xd7, 0xf0, 0x13, 0xd7,
 0x41, 0x2f, 0x01, 0x00, 0x00, 0x04, 0xd4, 0x02,
 0x00, 0x00, 0xc7, 0x06, 0xcc, 0x24, 0x03, 0x00,
 0x0e, 0xc7, 0x06, 0x28, 0xd7, 0x95, 0xf0, 0x4f,
 0xcb, 0x40, 0xb5, 0x02, 0x00, 0x00, 0xd1, 0xcb,
 0x40, 0xb6, 0x02, 0x00, 0x00, 0xd2, 0xcb, 0x07,
 0x42, 0xb5, 0x02, 0x00, 0x00, 0xcb, 0xba, 0x42,
 0xb6, 0x02, 0x00, 0x00, 0xcb, 0x09, 0x42, 0xb7,
 0x02, 0x00, 0x00, 0xba, 0xc8, 0x04, 0xc7, 0x04,
 0xce, 0xa5, 0xf0, 0x20, 0xcd, 0xc7, 0x04, 0x46,
 0x41, 0x2f, 0x01, 0x00, 0x00, 0x04, 0xd4, 0x02,
 0x00, 0x00, 0xc7, 0x06, 0x0b, 0x09, 0x4b, 0xd6,
 0x02, 0x00, 0x00, 0x24, 0x03, 0x00, 0x0e, 0x92,
 0x04, 0xf2, 0xdc, 0xc7, 0x06, 0x28, 0xe3, 0xcb,
 0x40, 0xb5, 0x02, 0x00, 0x00, 0xd7, 0xf6, 0xc9,
 0x05, 0xb9, 0xad, 0xf0, 0x04, 0xc7, 0x06, 0x28,
 0xcb, 0x40, 0xb5, 0x02, 0x00, 0x00, 0x41, 0xdf,
 0x02, 0x00, 0x00, 0xc7, 0x05, 0xbb, 0x24, 0x02,
 0x00, 0x0e, 0xcb, 0x41, 0xb6, 0x02, 0x00, 0x00,
 0xbb, 0x9d, 0x42, 0xb6, 0x02, 0x00, 0x00, 0xcb,
 0x40, 0xb6, 0x02, 0x00, 0x00, 0xbb, 0xad, 0xf0,
 0x0f, 0xcb, 0xcb, 0x40, 0xb5, 0x02, 0x00, 0x00,
 0xba, 0x46, 0x42, 0xb5, 0x02, 0x00, 0x00, 0xd7,
 0x41, 0x2f, 0x01, 0x00, 0x00, 0x04, 0xd4, 0x02,
 0x00, 0x00, 0xc7, 0x06, 0xcc, 0x24, 0x03, 0x00,
 0x0e, 0xc7, 0x06, 0x28, 0xa6, 0x04, 0xac, 0x0f,
 0x22, 0x5a, 0x00, 0x13, 0x0a, 0x2d, 0x20, 0x2a,
 0x26, 0x29, 0x20, 0x2a, 0x17, 0x25, 0x11, 0x10,
 0x07, 0x12, 0x3f, 0x1f, 0x16, 0x1a, 0x26, 0x23,
 0x26, 0x00, 0x26, 0x00, 0x26, 0x08, 0x11, 0x0c,
 0x20, 0x0a, 0x25, 0x2a, 0x2d, 0x41, 0x17, 0x12,
 0x26, 0x03, 0x26, 0x13, 0x26, 0x00, 0x26, 0x00,
 0x35, 0x20, 0x0c, 0x08, 0x16, 0x14, 0x07, 0x0c,
 0x2a, 0x06, 0x5c, 0x1b, 0x00, 0x07, 0x0a, 0x1d,
 0x07, 0x10, 0x20, 0x1a, 0x0d, 0x39, 0x0c, 0x14,
 0x26, 0x1b, 0x39, 0x26, 0x26, 0x25, 0x44, 0x08,
 0x20, 0x2a, 0x16, 0x06, 0x07, 0x1c, 0x44, 0x53,
 0x20, 0x0a, 0x25, 0x2a, 0x00, 0x0c, 0x43, 0x0a,
 0x01, 0x00, 0x02, 0x03, 0x02, 0x05, 0x00, 0x04,
 0x00, 0xc4, 0x01, 0x05, 0xc0, 0x0b, 0x00, 0x01,
 0x00, 0xf2, 0x04, 0x00, 0x01, 0x00, 0xc0, 0x05,
 0x00, 0x00, 0x00, 0xda, 0x07, 0x00, 0x01, 0x00,
 0x10, 0x00, 0x01, 0x00, 0xb2, 0x04, 0x03, 0x00,
 0xb2, 0x0a, 0x09, 0x00, 0xc8, 0x0a, 0x22, 0x00,
 0xd4, 0x0a, 0x28, 0x00, 0x08, 0xd1, 0xe3, 0x40,
 0x3f, 0x00, 0x00, 0x00, 0x40, 0x34, 0x01, 0x00,
 0x00, 0x41, 0x1c, 0x01, 0x00, 0x00, 0xcd, 0xd7,
 0xd8, 0x24, 0x03, 0x00, 0xcf, 0xcd, 0x40, 0x91,
 0x01, 0x00, 0x00, 0xd0, 0xd7, 0x04, 0x31, 0x01,
 0x00, 0x00, 0xad, 0xf0, 0x30, 0xcc, 0xcd, 0x41,
 0x2e, 0x01, 0x00, 0x00, 0x04, 0x29, 0x01, 0x00,
 0x00, 0x24, 0x01, 0x00, 0xba, 0xa7, 0x42, 0xba,
 0x02, 0x00, 0x00, 0xcc, 0x40, 0xb7, 0x02, 0x00,
 0x00, 0x09, 0xae, 0x68, 0x7a, 0x00, 0x00, 0x00,
 0xcd, 0x41, 0x2a, 0x01, 0x00, 0x00, 0x24, 0x00,
 0x00, 0x0e, 0xf2, 0x6b, 0xd7, 0x04, 0x29, 0x01,
 0x00, 0x00, 0xad, 0xf0, 0x62, 0xcc, 0x40, 0x98,
 0x01, 0x00, 0x00, 0x95, 0xf0, 0x59, 0xcc, 0x40,
 0xba, 0x02, 0x00, 0x00, 0x95, 0xf0, 0x50, 0xcc,
 0xcc, 0x0a, 0x15, 0x42, 0xb8, 0x02, 0x00, 0x00,
 0x42, 0xba, 0x02, 0x00, 0x00, 0xcc, 0x09, 0x42,
 0xb7, 0x02, 0x00, 0x00, 0xcc, 0x09, 0x42, 0xb9,
 0x02, 0x00, 0x00, 0xe4, 0x04, 0xe1, 0x02, 0x00,
 0x00, 0xcc, 0xef, 0xcc, 0x40, 0x96, 0x01, 0x00,
 0x00, 0xf7, 0x0e, 0xcc, 0xef, 0xf0, 0x07, 0xe5,
 0xcd, 0xf5, 0x0e, 0xf2, 0x1a, 0xcc, 0x40, 0x96,
 0x01, 0x00, 0x00, 0x95, 0xf0, 0x11, 0x38, 0x8e,
 0x01, 0x00, 0x00, 0x41, 0x8f, 0x01, 0x00, 0x00,
 0xe6, 0xcd, 0x24, 0x02, 0x00, 0x0e, 0xcb, 0x28,
 0xa6, 0x04, 0xce, 0x0f, 0x1e, 0x40, 0x0d, 0x19,
 0x52, 0x34, 0x07, 0x0c, 0x07, 0x08, 0x40, 0x53,
 0x07, 0x0e, 0x2b, 0x11, 0x25, 0x3e, 0x2a, 0x38,
 0x26, 0x6d, 0x20, 0x24, 0x25, 0x0e, 0x20, 0x0a,
 0x21, 0x31, 0x07, 0x0e, 0x2b, 0x15, 0x2f, 0x2a,
 0x30, 0x2f, 0x07, 0x34, 0x44, 0x33, 0x26, 0x00,
 0x26, 0x00, 0x20, 0x2a, 0x0c, 0x1c, 0x2b, 0x3d,
 0x17, 0x03, 0x07, 0x1a, 0x1c, 0x05, 0x30, 0x13,
 0x34, 0x22, 0x00, 0x06, 0x08, 0x1f, 0x00, 0x0c,
 0x43, 0x0a, 0x01, 0x00, 0x02, 0x02, 0x02, 0x05,
 0x00, 0x02, 0x00, 0x34, 0x04, 0xc0, 0x0b, 0x00,
 0x01, 0x00, 0xf2, 0x04, 0x00, 0x01, 0x00, 0xc0,
 0x05, 0x00, 0x00, 0x00, 0x10, 0x00, 0x01, 0x00,
 0xb2, 0x04, 0x03, 0x00, 0xd2, 0x0a, 0x27, 0x00,
 0x08, 0xd0, 0xe3, 0x40, 0x3f, 0x00, 0x00, 0x00,
 0x40, 0x30, 0x01, 0x00, 0x00, 0x41, 0x1c, 0x01,
 0x00, 0x00, 0xcc, 0xd7, 0xd8, 0x24, 0x03, 0x00,
 0xcf, 0xd7, 0x04, 0x29, 0x01, 0x00, 0x00, 0xad,
 0xf0, 0x11, 0x38, 0x8e, 0x01, 0x00, 0x00, 0x41,
 0x8f, 0x01, 0x00, 0x00, 0xe4, 0xcc, 0x24, 0x02,
 0x00, 0x0e, 0xcb, 0x28, 0xa6, 0x04, 0xe4, 0x0f,
 0x2a, 0x12, 0x0d, 0x31, 0x52, 0x4c, 0x07, 0x0c,
 0x07, 0x08, 0x1c, 0x6b, 0x07, 0x0e, 0x2b, 0x11,
 0x34, 0x22, 0x22, 0x17, 0x00, 0x0c, 0x43, 0x0a,
 0x01, 0x00, 0x01, 0x03, 0x01, 0x04, 0x00, 0x02,
 0x00, 0x3c, 0x04, 0xc0, 0x0b, 0x00, 0x01, 0x00,
 0xc0, 0x05, 0x00, 0x00, 0x00, 0x10, 0x00, 0x01,
 0x00, 0xa2, 0x01, 0x00, 0x01, 0x00, 0xb2, 0x04,
 0x03, 0x00, 0xd2, 0x0a, 0x27, 0x00, 0x08, 0xd0,
 0x0c, 0x00, 0xd1, 0xe3, 0x40, 0x3f, 0x00, 0x00,
 0x00, 0x40, 0xe2, 0x02, 0x00, 0x00, 0x41, 0x62,
 0x00, 0x00, 0x00, 0xcc, 0xcd, 0x24, 0x02, 0x00,
 0xcf, 0xd7, 0x04, 0x29, 0x01, 0x00, 0x00, 0xad,
 0x11, 0xf1, 0x04, 0x0e, 0xd7, 0xf8, 0xf0, 0x11,
 0x38, 0x8e, 0x01, 0x00, 0x00, 0x41, 0x8f, 0x01,
 0x00, 0x00, 0xe4, 0xcc, 0x24, 0x02, 0x00, 0x0e,
 0xcb, 0x28, 0xa6, 0x04, 0xeb, 0x0f, 0x2e, 0x14,
 0x1c, 0x39, 0x52, 0x56, 0x07, 0x0c, 0x1c, 0x6d,
 0x07, 0x0e, 0x34, 0x1c, 0x07, 0x0e, 0x12, 0x3b,
 0x34, 0x22, 0x22, 0x17, 0x00, 0x0c, 0x43, 0x0a,
 0x01, 0xd2, 0x0a, 0x01, 0x01, 0x01, 0x04, 0x00,
 0x00, 0x00, 0x52, 0x02, 0xa8, 0x06, 0x00, 0x01,
 0x00, 0xda, 0x07, 0x00, 0x00, 0x00, 0xd7, 0x40,
 0x91, 0x01, 0x00, 0x00, 0xd3, 0xd7, 0x41, 0x2e,
 0x01, 0x00, 0x00, 0x04, 0x29, 0x01, 0x00, 0x00,
 0x24, 0x01, 0x00, 0xba, 0xa7, 0x42, 0xba, 0x02,
 0x00, 0x00, 0xcb, 0x40, 0xbb, 0x02, 0x00, 0x00,
 0xf0, 0x12, 0xcb, 0x40, 0xbc, 0x02, 0x00, 0x00,
 0x95, 0xf0, 0x09, 0xcb, 0x0a, 0x42, 0xb7, 0x02,
 0x00, 0x00, 0x29, 0xd7, 0x41, 0x2e, 0x01, 0x00,
 0x00, 0x04, 0x31, 0x01, 0x00, 0x00, 0x24, 0x01,
 0x00, 0xba, 0xa7, 0xf0, 0x0b, 0xd7, 0x41, 0x2a,
 0x01, 0x00, 0x00, 0x24, 0x00, 0x00, 0x0e, 0x29,
 0xa6, 0x04, 0xf2, 0x0f, 0x05, 0x1a, 0x03, 0x1c,
 0x21, 0x17, 0x07, 0x34, 0x20, 0x0c, 0x2a, 0x38,
 0x26, 0x6f, 0x2a, 0x34, 0x30, 0x37, 0x2b, 0x12,
 0x20, 0x0c, 0x2a, 0x30, 0x17, 0x4d, 0x20, 0x0c,
 0x00, 0x0c, 0x43, 0x0a, 0x01, 0xd4, 0x0a, 0x01,
 0x00, 0x01, 0x03, 0x00, 0x01, 0x00, 0x13, 0x01,
 0xa8, 0x06, 0x00, 0x01, 0x00, 0xb2, 0x0a, 0x09,
 0x00, 0xe3, 0x04, 0xe3, 0x02, 0x00, 0x00, 0xf5,
 0x0e, 0xd7, 0x41, 0x7f, 0x02, 0x00, 0x00, 0xba,
 0x24, 0x01, 0x00, 0x29, 0xa6, 0x04, 0xfb, 0x0f,
 0x05, 0x06, 0x03, 0x04, 0x2b, 0x00, 0x20, 0x0c,
 0x00, 0x0c, 0x43, 0x0a, 0x01, 0x00, 0x00, 0x02,
 0x00, 0x03, 0x00, 0x02, 0x00, 0x34, 0x02, 0xda,
 0x07, 0x00, 0x00, 0x00, 0x10, 0x00, 0x01, 0x00,
 0xb2, 0x0a, 0x09, 0x00, 0xd4, 0x04, 0x29, 0x00,
 0x08, 0xd0, 0xcc, 0x40, 0x91, 0x01, 0x00, 0x00,
 0xd3, 0x40, 0xb7, 0x02, 0x00, 0x00, 0x95, 0xf0,
 0x1b, 0xe3, 0x04, 0x2a, 0x01, 0x00, 0x00, 0xf5,
 0x0e, 0xcb, 0xcb, 0x40, 0xba, 0x02, 0x00, 0x00,
 0x95, 0x42, 0xb7, 0x02, 0x00, 0x00, 0xe4, 0xcc,
 0xcb, 0xf6, 0x0e, 0xcb, 0x09, 0x42, 0xbc, 0x02,
 0x00, 0x00, 0xcc, 0x28, 0xa6, 0x04, 0xff, 0x0f,
 0x22, 0x10, 0x2c, 0x2b, 0x30, 0x05, 0x2b, 0x00,
 0x07, 0x22, 0x3f, 0x21, 0x07, 0x0e, 0x07, 0x0c,
 0x13, 0x1d, 0x00, 0x0c, 0x43, 0x0a, 0x01, 0xd4,
 0x04, 0x02, 0x00, 0x02, 0x05, 0x00, 0x01, 0x00,
 0x22, 0x02, 0xb8, 0x06, 0x00, 0x01, 0x00, 0xda,
 0x07, 0x00, 0x01, 0x00, 0xd6, 0x0a, 0x2a, 0x00,
 0xd8, 0x40, 0xbb, 0x02, 0x00, 0x00, 0x95, 0xf0,
 0x19, 0xd8, 0x0a, 0x42, 0xbb, 0x02, 0x00, 0x00,
 0x38, 0x8e, 0x01, 0x00, 0x00, 0x41, 0x8f, 0x01,
 0x00, 0x00, 0xe3, 0xd7, 0xd8, 0x24, 0x03, 0x00,
 0x0e, 0x29, 0xa6, 0x04, 0x89, 0x10, 0x05, 0x0c,
 0x03, 0x0e, 0x30, 0x05, 0x26, 0x00, 0x34, 0x22,
 0x07, 0x12, 0x07, 0x10, 0x00, 0x0c, 0x43, 0x0a,
 0x01, 0xd6, 0x0a, 0x02, 0x00, 0x02, 0x03, 0x00,
 0x02, 0x00, 0x59, 0x02, 0xb8, 0x06, 0x00, 0x01,
 0x00, 0xda, 0x07, 0x00, 0x01, 0x00, 0xb2, 0x0a,
 0x09, 0x00, 0xd8, 0x0a, 0x2b, 0x00, 0xe3, 0x04,
 0x2a, 0x01, 0x00, 0x00, 0xd8, 0x40, 0x96, 0x01,
 0x00, 0x00, 0xf6, 0x0e, 0xd8, 0x40, 0x96, 0x01,
 0x00, 0x00, 0x95, 0xf0, 0x0c, 0xd7, 0x41, 0x7f,
 0x02, 0x00, 0x00, 0xba, 0x24, 0x01, 0x00, 0x0e,
 0xd8, 0x09, 0x42, 0xbb, 0x02, 0x00, 0x00, 0xd7,
 0x41, 0x2f, 0x01, 0x00, 0x00, 0x04, 0x2a, 0x01,
 0x00, 0x00, 0x24, 0x01, 0x00, 0x0e, 0xe4, 0xd7,
 0xf5, 0x0e, 0xd8, 0x40, 0xb7, 0x02, 0x00, 0x00,
 0xf0, 0x15, 0xd8, 0x40, 0x96, 0x01, 0x00, 0x00,
 0x95, 0xf0, 0x0c, 0xd7, 0x41, 0x7f, 0x02, 0x00,
 0x00, 0xba, 0x24, 0x01, 0x00, 0x0e, 0x29, 0xa6,
 0x04, 0x8f, 0x10, 0x05, 0x1c, 0x03, 0x04, 0x20,
 0x20, 0x2b, 0x15, 0x30, 0x05, 0x20, 0x0e, 0x1d,
 0x11, 0x26, 0x00, 0x20, 0x0e, 0x30, 0x0d, 0x07,
 0x0a, 0x12, 0x01, 0x2a, 0x24, 0x2f, 0x1e, 0x20,
 0x0e, 0x00, 0x0c, 0x43, 0x0a, 0x01, 0x00, 0x00,
 0x01, 0x00, 0x03, 0x00, 0x01, 0x00, 0x55, 0x01,
 0x10, 0x00, 0x01, 0x00, 0xb2, 0x0a, 0x09, 0x00,
 0x08, 0xcf, 0xe3, 0x04, 0xe4, 0x02, 0x00, 0x00,
 0xcb, 0x40, 0x91, 0x01, 0x00, 0x00, 0x40, 0xb7,
 0x02, 0x00, 0x00, 0xf6, 0x0e, 0xcb, 0x40, 0x91,
 0x01, 0x00, 0x00, 0x40, 0xb7, 0x02, 0x00, 0x00,
 0x09, 0xae, 0xf0, 0x24, 0xe3, 0x04, 0x28, 0x01,
 0x00, 0x00, 0xf5, 0x0e, 0xcb, 0x40, 0x91, 0x01,
 0x00, 0x00, 0x09, 0x42, 0xb7, 0x02, 0x00, 0x00,
 0xcb, 0x41, 0x2f, 0x01, 0x00, 0x00, 0x04, 0x28,
 0x01, 0x00, 0x00, 0x24, 0x01, 0x00, 0x0e, 0xcb,
 0x40, 0x91, 0x01, 0x00, 0x00, 0x0a, 0x42, 0xbc,
 0x02, 0x00, 0x00, 0xcb, 0x28, 0xa6, 0x04, 0x99,
 0x10, 0x21, 0x0e, 0x0d, 0x33, 0x99, 0x48, 0x17,
 0x43, 0x2b, 0x00, 0x3f, 0x00, 0x20, 0x0a, 0x31,
 0x0d, 0x00, 0x0c, 0x43, 0x0a, 0x01, 0xd8, 0x0a,
 0x01, 0x01, 0x01, 0x03, 0x00, 0x01, 0x00, 0x2b,
 0x02, 0xb8, 0x06, 0x00, 0x01, 0x00, 0xda, 0x07,
 0x00, 0x00, 0x00, 0xb2, 0x0a, 0x09, 0x00, 0xd7,
 0x40, 0x91, 0x01, 0x00, 0x00, 0xcf, 0xe3, 0x04,
 0xac, 0x02, 0x00, 0x00, 0xcb, 0x40, 0xb7, 0x02,
 0x00, 0x00, 0xf6, 0x0e, 0xcb, 0x40, 0xb7, 0x02,
 0x00, 0x00, 0xf0, 0x0e, 0xd7, 0x41, 0x7f, 0x02,
 0x00, 0x00, 0x24, 0x00, 0x00, 0x07, 0xae, 0xf1,
 0xec, 0x29, 0xa6, 0x04, 0xa3, 0x10, 0x05, 0x0e,
 0x03, 0x1c, 0x26, 0x17, 0x20, 0x1c, 0x2b, 0x0d,
 0x2a, 0x22, 0x20, 0x0e, 0x11, 0x16, 0x00, 0x0c,
 0x43, 0x0a, 0x01, 0x00, 0x01, 0x06, 0x01, 0x08,
 0x04, 0x02, 0x04, 0x9a, 0x01, 0x07, 0xb8, 0x06,
 0x00, 0x01, 0x40, 0x03, 0x92, 0x06, 0x00, 0x00,
 0x40, 0x01, 0xda, 0x07, 0x00, 0x01, 0x40, 0x00,
 0xf8, 0x0a, 0x00, 0x02, 0x40, 0x02, 0xa2, 0x05,
 0x00, 0x03, 0x00, 0xe0, 0x05, 0x00, 0x04, 0x00,
 0x10, 0x00, 0x01, 0x00, 0xb2, 0x0a, 0x09, 0x00,
 0xb6, 0x0a, 0x17, 0x00, 0x0c, 0x43, 0x0a, 0x01,
 0x00, 0x00, 0x01, 0x00, 0x03, 0x00, 0x03, 0x00,
 0x44, 0x01, 0xcc, 0x04, 0x00, 0x00, 0x00, 0xb2,
 0x0a, 0x00, 0x02, 0xda, 0x07, 0x01, 0x00, 0x92,
 0x06, 0x00, 0x00, 0xe3, 0x04, 0xe5, 0x02, 0x00,
 0x00, 0xf5, 0x0e, 0xe4, 0x40, 0xbf, 0x02, 0x00,
 0x00, 0xf0, 0x2a, 0xe4, 0x40, 0x97, 0x01, 0x00,
 0x00, 0x95, 0xf0, 0x21, 0xe4, 0x40, 0xbf, 0x02,
 0x00, 0x00, 0x41, 0x2b, 0x01, 0x00, 0x00, 0x24,
 0x00, 0x00, 0xd3, 0xf0, 0x10, 0xcb, 0xef, 0xf0,
 0x0c, 0xe5, 0x41, 0x50, 0x01, 0x00, 0x00, 0xcb,
 0x24, 0x01, 0x00, 0x0e, 0xe5, 0x41, 0x50, 0x01,
 0x00, 0x00, 0x07, 0x24, 0x01, 0x00, 0x29, 0xa6,
 0x04, 0xac, 0x10, 0x18, 0x16, 0x03, 0x1d, 0x2b,
 0x08, 0x2a, 0x24, 0x30, 0x0f, 0x39, 0x1c, 0x12,
 0x2b, 0x11, 0x12, 0x16, 0x1c, 0x20, 0x16, 0x1d,
 0x4f, 0x20, 0x16, 0x00, 0x0c, 0x43, 0x0a, 0x01,
 0x00, 0x01, 0x01, 0x01, 0x03, 0x00, 0x05, 0x00,
 0x65, 0x02, 0xcc, 0x04, 0x00, 0x01, 0x00, 0xd8,
 0x05, 0x00, 0x00, 0x00, 0xb2, 0x0a, 0x00, 0x02,
 0xda, 0x07, 0x01, 0x00, 0x92, 0x06, 0x00, 0x00,
 0xf8, 0x0a, 0x02, 0x00, 0xb8, 0x06, 0x00, 0x01,
 0xe3, 0x04, 0xe6, 0x02, 0x00, 0x00, 0xf5, 0x0e,
 0xe4, 0x40, 0xbf, 0x02, 0x00, 0x00, 0xf0, 0x11,
 0xe4, 0x40, 0xbf, 0x02, 0x00, 0x00, 0x41, 0x27,
 0x01, 0x00, 0x00, 0xd7, 0x24, 0x01, 0x00, 0xdb,
 0xe4, 0x40, 0xf1, 0x01, 0x00, 0x00, 0xf0, 0x0c,
 0xd7, 0xf9, 0x11, 0xf1, 0x04, 0x0e, 0xd7, 0xf8,
 0xf0, 0x02, 0x29, 0xe4, 0x40, 0xf1, 0x01, 0x00,
 0x00, 0x95, 0xf0, 0x0d, 0xd7, 0x95, 0x11, 0xf1,
 0x05, 0x0e, 0xd7, 0xef, 0x95, 0xf0, 0x02, 0x29,
 0xe5, 0x41, 0x50, 0x01, 0x00, 0x00, 0xd7, 0x24,
 0x01, 0x00, 0xd3, 0x95, 0xf0, 0x0f, 0x0a, 0xea,
 0x5d, 0x04, 0x00, 0x41, 0x28, 0x01, 0x00, 0x00,
 0x24, 0x00, 0x00, 0x0e, 0x29, 0xa6, 0x04, 0xb4,
 0x10, 0x19, 0x24, 0x03, 0x1f, 0x2b, 0x08, 0x2a,
 0x2e, 0x39, 0x28, 0x1c, 0x55, 0x2a, 0x2a, 0x07,
 0x14, 0x1b, 0x10, 0x07, 0x14, 0x17, 0x55, 0x2f,
 0x2c, 0x20, 0x14, 0x21, 0x3f, 0x20, 0x16, 0x17,
 0x1f, 0x17, 0x05, 0x0d, 0x00, 0x2a, 0x0e, 0x00,
 0x0c, 0x43, 0x0a, 0x01, 0xce, 0x0b, 0x01, 0x00,
 0x01, 0x01, 0x01, 0x01, 0x01, 0x03, 0x01, 0xa8,
 0x09, 0x00, 0x01, 0x40, 0x00, 0xb8, 0x06, 0x00,
 0x01, 0x0c, 0x43, 0x0a, 0x01, 0xd0, 0x0b, 0x00,
 0x01, 0x00, 0x04, 0x00, 0x02, 0x00, 0x10, 0x01,
 0xa2, 0x01, 0x00, 0x01, 0x00, 0xb8, 0x06, 0x00,
 0x02, 0xa8, 0x09, 0x00, 0x01, 0x0c, 0x00, 0xcf,
 0xe3, 0xe4, 0x46, 0x41, 0x62, 0x00, 0x00, 0x00,
 0xe3, 0xcb, 0x25, 0x02, 0x00, 0xa6, 0x04, 0xc2,
 0x10, 0x14, 0x08, 0x12, 0x04, 0x07, 0x0e, 0x25,
 0x1c, 0x07, 0x10, 0x00, 0xc5, 0x00, 0x28, 0xa6,
 0x04, 0xc1, 0x10, 0x26, 0x00, 0x00, 0x0c, 0x43,
 0x0a, 0x01, 0x00, 0x01, 0x00, 0x01, 0x03, 0x00,
 0x03, 0x00, 0x19, 0x01, 0xd2, 0x0b, 0x00, 0x01,
 0x00, 0xb2, 0x0a, 0x00, 0x02, 0xf8, 0x0a, 0x02,
 0x00, 0xb8, 0x06, 0x00, 0x01, 0xe3, 0x04, 0xea,
 0x02, 0x00, 0x00, 0xd7, 0xf6, 0x0e, 0xe4, 0xf0,
 0x0d, 0x09, 0xe8, 0xe5, 0x41, 0x2a, 0x01, 0x00,
 0x00, 0x24, 0x00, 0x00, 0x0e, 0x29, 0xa6, 0x04,
 0xcb, 0x10, 0x14, 0x0c, 0x03, 0x15, 0x20, 0x2e,
 0x12, 0x25, 0x12, 0x03, 0x0d, 0x00, 0x20, 0x0e,
 0x00, 0x08, 0xc8, 0x05, 0xc7, 0x05, 0xcf, 0xc7,
 0x05, 0x40, 0x91, 0x01, 0x00, 0x00, 0xd0, 0x09,
 0xd1, 0xd7, 0x41, 0x34, 0x01, 0x00, 0x00, 0x04,
 0x2b, 0x01, 0x00, 0x00, 0xc5, 0x00, 0x24, 0x02,
 0x00, 0x0e, 0xd7, 0x41, 0x34, 0x01, 0x00, 0x00,
 0x04, 0x31, 0x01, 0x00, 0x00, 0xc5, 0x01, 0x24,
 0x02, 0x00, 0x0e, 0xd7, 0x7d, 0xf2, 0x23, 0xd2,
 0xc7, 0x05, 0xce, 0x46, 0xf8, 0xf0, 0x1b, 0xd7,
 0xce, 0x46, 0xfb, 0xf0, 0x15, 0xc7, 0x05, 0xce,
 0x1b, 0x11, 0xaf, 0xf1, 0x04, 0x1b, 0x71, 0x1b,
 0x1b, 0xc5, 0x02, 0xce, 0xf5, 0x1b, 0x71, 0x1b,
 0x48, 0x80, 0xf0, 0xdc, 0x0e, 0x0e, 0xba, 0xc8,
 0x04, 0xc7, 0x04, 0xe4, 0xef, 0xa5, 0xf0, 0x28,
 0xd7, 0x41, 0x34, 0x01, 0x00, 0x00, 0xe4, 0xc7,
 0x04, 0x46, 0xc7, 0x05, 0x40, 0x2f, 0x01, 0x00,
 0x00, 0x41, 0x87, 0x02, 0x00, 0x00, 0xc7, 0x05,
 0xe4, 0xc7, 0x04, 0x46, 0x24, 0x02, 0x00, 0x24,
 0x02, 0x00, 0x0e, 0x92, 0x04, 0xf2, 0xd3, 0xc7,
 0x05, 0xc5, 0x03, 0x42, 0x96, 0x02, 0x00, 0x00,
 0xc7, 0x05, 0x28, 0xa6, 0x04, 0xa8, 0x10, 0x20,
 0x36, 0x00, 0x10, 0x08, 0x31, 0x20, 0x0e, 0x00,
 0x0b, 0x10, 0x0d, 0x20, 0x0e, 0x00, 0x0b, 0x16,
 0x0e, 0x26, 0x05, 0x0c, 0x0e, 0x11, 0x22, 0x07,
 0x0e, 0x0c, 0x0e, 0x12, 0x59, 0x0c, 0x0a, 0x00,
 0x0c, 0x08, 0x03, 0x4b, 0x12, 0x0c, 0x08, 0x1c,
 0x23, 0x20, 0x14, 0x07, 0x1a, 0x4d, 0x26, 0x0c,
 0x0c, 0x07, 0x1a, 0x33, 0x2b, 0x19, 0x51, 0x00,
 0x0c, 0x43, 0x0a, 0x01, 0x00, 0x00, 0x01, 0x00,
 0x02, 0x00, 0x02, 0x00, 0x0e, 0x01, 0x10, 0x00,
 0x01, 0x00, 0xfa, 0x09, 0x14, 0x00, 0x84, 0x04,
 0x02, 0x02, 0x08, 0xcf, 0xe3, 0xf8, 0xf0, 0x04,
 0xe4, 0xf4, 0xe7, 0xe3, 0xcb, 0x23, 0x01, 0x00,
 0xa6, 0x04, 0xd5, 0x10, 0x33, 0x0a, 0x0d, 0x4b,
 0x07, 0x4c, 0x12, 0x07, 0x13, 0x3d, 0x07, 0x44,
 0x00, 0x0c, 0x43, 0x0a, 0x01, 0x8a, 0x01, 0x00,
 0x01, 0x00, 0x01, 0x00, 0x00, 0x00, 0x0e, 0x01,
 0x10, 0x00, 0x01, 0x00, 0x08, 0xcf, 0xcb, 0x40,
 0x91, 0x01, 0x00, 0x00, 0x40, 0xec, 0x01, 0x00,
 0x00, 0x28, 0xa6, 0x04, 0xe1, 0x10, 0x0c, 0x00,
 0x00, 0x0c, 0x43, 0x0a, 0x01, 0x8a, 0x01, 0x00,
 0x01, 0x00, 0x02, 0x00, 0x00, 0x00, 0x18, 0x01,
 0x10, 0x00, 0x01, 0x00, 0x08, 0xcf, 0xcb, 0x40,
 0x91, 0x01, 0x00, 0x00, 0x11, 0xf0, 0x0d, 0x0e,
 0xcb, 0x40, 0x91, 0x01, 0x00, 0x00, 0x40, 0x80,
 0x01, 0x00, 0x00, 0x28, 0xa6, 0x04, 0xea, 0x10,
 0x0c, 0x00, 0x00, 0x0c, 0x43, 0x0a, 0x01, 0x8a,
 0x01, 0x00, 0x01, 0x00, 0x01, 0x00, 0x00, 0x00,
 0x0e, 0x01, 0x10, 0x00, 0x01, 0x00, 0x08, 0xcf,
 0xcb, 0x40, 0x91, 0x01, 0x00, 0x00, 0x40, 0xb7,
 0x02, 0x00, 0x00, 0x28, 0xa6, 0x04, 0xf3, 0x10,
 0x0c, 0x00, 0x00, 0x0c, 0x43, 0x0a, 0x01, 0x8c,
 0x01, 0x01, 0x01, 0x01, 0x02, 0x00, 0x00, 0x00,
 0x17, 0x02, 0xda, 0x07, 0x00, 0x01, 0x00, 0x10,
 0x00, 0x01, 0x00, 0x08, 0xcf, 0xcb, 0x40, 0x91,
 0x01, 0x00, 0x00, 0xf0, 0x0d, 0xcb, 0x40, 0x91,
 0x01, 0x00, 0x00, 0xd7, 0x42, 0xb7, 0x02, 0x00,
 0x00, 0x29, 0xa6, 0x04, 0xf6, 0x10, 0x0c, 0x04,
 0x36, 0x01, 0x20, 0x3c, 0x00, 0x0c, 0x43, 0x0a,
 0x01, 0x8a, 0x01, 0x00, 0x01, 0x00, 0x01, 0x00,
 0x00, 0x00, 0x0a, 0x01, 0x10, 0x00, 0x01, 0x00,
 0x08, 0xcf, 0xcb, 0x40, 0x91, 0x01, 0x00, 0x00,
 0xef, 0x28, 0xa6, 0x04, 0x82, 0x11, 0x0c, 0x00,
 0x00, 0x0c, 0x43, 0x0a, 0x01, 0xda, 0x0a, 0x02,
 0x01, 0x02, 0x04, 0x00, 0x00, 0x00, 0x9d, 0x01,
 0x03, 0xe0, 0x05, 0x00, 0x01, 0x00, 0xda, 0x07,
 0x00, 0x01, 0x00, 0xd8, 0x05, 0x00, 0x00, 0x00,
 0xd8, 0xef, 0xba, 0xad, 0xf0, 0x03, 0x07, 0x28,
 0xd8, 0x40, 0xf1, 0x01, 0x00, 0x00, 0xf0, 0x12,
 0xd8, 0x40, 0x80, 0x01, 0x00, 0x00, 0x41, 0x6b,
 0x01, 0x00, 0x00, 0x24, 0x00, 0x00, 0xcf, 0xf2,
 0x7b, 0xd7, 0x95, 0x11, 0xf1, 0x06, 0x0e, 0xd7,
 0xd8, 0xef, 0xa8, 0xf0, 0x59, 0xd8, 0x40, 0xbf,
 0x02, 0x00, 0x00, 0xf0, 0x13, 0xd8, 0x40, 0x80,
 0x01, 0x00, 0x00, 0x41, 0x63, 0x00, 0x00, 0x00,
 0xc6, 0x24, 0x01, 0x00, 0xcf, 0xf2, 0x2e, 0xd8,
 0x40, 0x80, 0x01, 0x00, 0x00, 0xef, 0xbb, 0xad,
 0xf0, 0x12, 0xd8, 0x40, 0x80, 0x01, 0x00, 0x00,
 0x41, 0x78, 0x01, 0x00, 0x00, 0x24, 0x00, 0x00,
 0xcf, 0xf2, 0x12, 0xd8, 0x40, 0x80, 0x01, 0x00,
 0x00, 0x41, 0x64, 0x00, 0x00, 0x00, 0xd8, 0xef,
 0x24, 0x01, 0x00, 0xcf, 0xd8, 0x40, 0x80, 0x01,
 0x00, 0x00, 0x41, 0x6d, 0x01, 0x00, 0x00, 0x24,
 0x00, 0x00, 0x0e, 0xf2, 0x17, 0xd8, 0x40, 0x80,
 0x01, 0x00, 0x00, 0x41, 0x73, 0x01, 0x00, 0x00,
 0xd7, 0xd8, 0x40, 0xbf, 0x02, 0x00, 0x00, 0x24,
 0x02, 0x00, 0xcf, 0xcb, 0x28, 0xa6, 0x04, 0x86,
 0x11, 0x05, 0x2e, 0x03, 0x0c, 0x0c, 0x22, 0x22,
 0x21, 0x2a, 0x30, 0x39, 0x1a, 0x21, 0x3d, 0x20,
 0x0a, 0x07, 0x0a, 0x1c, 0x1b, 0x2a, 0x2a, 0x39,
 0x1a, 0x26, 0x39, 0x25, 0x30, 0x16, 0x12, 0x39,
 0x1a, 0x21, 0x57, 0x39, 0x28, 0x21, 0x3d, 0x39,
 0x1a, 0x22, 0x0d, 0x39, 0x2a, 0x07, 0x06, 0x36,
 0x31, 0x00, 0x0c, 0x43, 0x0a, 0x01, 0xdc, 0x0a,
 0x01, 0x01, 0x01, 0x05, 0x00, 0x02, 0x00, 0x37,
 0x02, 0xb8, 0x06, 0x00, 0x01, 0x00, 0xda, 0x07,
 0x00, 0x00, 0x00, 0xb2, 0x0a, 0x09, 0x00, 0xde,
 0x0a, 0x2e, 0x00, 0xd7, 0x40, 0x91, 0x01, 0x00,
 0x00, 0xcf, 0xe3, 0x04, 0xae, 0x02, 0x00, 0x00,
 0xcb, 0x40, 0x98, 0x01, 0x00, 0x00, 0xf6, 0x0e,
 0xcb, 0x40, 0x98, 0x01, 0x00, 0x00, 0x95, 0xf0,
 0x19, 0xcb, 0x0a, 0x42, 0x97, 0x01, 0x00, 0x00,
 0x38, 0x8e, 0x01, 0x00, 0x00, 0x41, 0x8f, 0x01,
 0x00, 0x00, 0xe4, 0xcb, 0xd7, 0x24, 0x03, 0x00,
 0x0e, 0x29, 0xa6, 0x04, 0x94, 0x11, 0x05, 0x12,
 0x03, 0x1c, 0x26, 0x17, 0x20, 0x2a, 0x2b, 0x1f,
 0x30, 0x05, 0x26, 0x00, 0x34, 0x22, 0x07, 0x1e,
 0x07, 0x0e, 0x00, 0x0c, 0x43, 0x0a, 0x01, 0xde,
 0x0a, 0x02, 0x01, 0x02, 0x04, 0x00, 0x01, 0x00,
 0x6b, 0x03, 0xda, 0x07, 0x00, 0x01, 0x00, 0xb8,
 0x06, 0x00, 0x01, 0x00, 0xbc, 0x06, 0x00, 0x00,
 0x00, 0xb2, 0x0a, 0x09, 0x00, 0xe3, 0x04, 0xaf,
 0x02, 0x00, 0x00, 0xd7, 0x40, 0x98, 0x01, 0x00,
 0x00, 0xd7, 0xef, 0xf7, 0x0e, 0xd7, 0x40, 0x98,
 0x01, 0x00, 0x00, 0x95, 0xf0, 0x52, 0xd7, 0xef,
 0xba, 0xad, 0xf0, 0x4c, 0xd7, 0x0a, 0x42, 0x98,
 0x01, 0x00, 0x00, 0xd8, 0x09, 0x42, 0x29, 0x01,
 0x00, 0x00, 0xd8, 0x41, 0x2f, 0x01, 0x00, 0x00,
 0x04, 0x2b, 0x01, 0x00, 0x00, 0x24, 0x01, 0x00,
 0x0e, 0xd7, 0x40, 0x9f, 0x01, 0x00, 0x00, 0xf0,
 0x27, 0xd8, 0x40, 0x8d, 0x01, 0x00, 0x00, 0xd3,
 0x95, 0x11, 0xf1, 0x10, 0x0e, 0xcb, 0x40, 0x9f,
 0x01, 0x00, 0x00, 0xf0, 0x13, 0xcb, 0x40, 0x0e,
 0x01, 0x00, 0x00, 0xf0, 0x0b, 0xd8, 0x41, 0x2c,
 0x01, 0x00, 0x00, 0x24, 0x00, 0x00, 0x0e, 0x29,
 0xa6, 0x04, 0x9c, 0x11, 0x05, 0x22, 0x03, 0x04,
 0x20, 0x2e, 0x20, 0x24, 0x17, 0x47, 0x2f, 0x28,
 0x0c, 0x22, 0x17, 0x4f, 0x26, 0x00, 0x26, 0x00,
 0x20, 0x0e, 0x30, 0x05, 0x2b, 0x16, 0x21, 0x0f,
 0x20, 0x14, 0x2a, 0x2c, 0x2b, 0x45, 0x20, 0x0e,
 0x00, 0x0c, 0x43, 0x0a, 0x01, 0x00, 0x02, 0x00,
 0x02, 0x04, 0x00, 0x03, 0x00, 0x0e, 0x02, 0xa4,
 0x0a, 0x00, 0x01, 0x00, 0xb6, 0x04, 0x00, 0x01,
 0x00, 0x86, 0x02, 0x15, 0x00, 0x86, 0x04, 0x03,
 0x02, 0xa6, 0x09, 0x1a, 0x00, 0xe3, 0xf8, 0xf0,
 0x04, 0xe4, 0xf4, 0xe7, 0xe3, 0xe5, 0xd7, 0xd8,
 0x23, 0x03, 0x00, 0xa6, 0x04, 0xab, 0x11, 0x18,
 0x0e, 0x03, 0x15, 0x07, 0x12, 0x12, 0x07, 0x13,
 0x03, 0x07, 0x0a, 0x07, 0x16, 0x07, 0x14, 0x00,
 0x0c, 0x43, 0x0a, 0x01, 0xfa, 0x06, 0x02, 0x02,
 0x02, 0x02, 0x00, 0x00, 0x00, 0x18, 0x04, 0xd6,
 0x0b, 0x00, 0x01, 0x00, 0xd8, 0x0b, 0x00, 0x01,
 0x00, 0xa2, 0x05, 0x00, 0x00, 0x00, 0x82, 0x09,
 0x00, 0x01, 0x00, 0xba, 0xcf, 0xd7, 0xef, 0xd0,
 0xca, 0xa5, 0xf0, 0x0e, 0xd7, 0xcb, 0x46, 0xd8,
 0xad, 0xf0, 0x03, 0xcb, 0x28, 0x92, 0x00, 0xf2,
 0xf0, 0xb9, 0x28, 0xa6, 0x04, 0xb2, 0x11, 0x05,
 0x0e, 0x0d, 0x2c, 0x11, 0x1e, 0x17, 0x39, 0x07,
 0x06, 0x0c, 0x0e, 0x16, 0x14, 0x0b, 0x18, 0x00,
 0xc5, 0x02, 0xc8, 0x06, 0xc5, 0x03, 0xc8, 0x07,
 0xc5, 0x05, 0xc8, 0x18, 0xc5, 0x06, 0xc8, 0x19,
 0xc5, 0x07, 0xc8, 0x1a, 0xc5, 0x0d, 0xc8, 0x1b,
 0xc5, 0x0e, 0xc8, 0x1c, 0xc5, 0x0f, 0xc8, 0x1d,
 0xc5, 0x12, 0xc8, 0x1f, 0xc5, 0x13, 0xc8, 0x20,
 0xc5, 0x15, 0xc8, 0x21, 0xc5, 0x16, 0xc8, 0x22,
 0xc5, 0x17, 0xc8, 0x23, 0xc5, 0x18, 0xc8, 0x24,
 0xc5, 0x19, 0xc8, 0x25, 0xc5, 0x1c, 0xc8, 0x26,
 0xc5, 0x21, 0xc8, 0x27, 0xc5, 0x22, 0xc8, 0x28,
 0xc5, 0x24, 0xc8, 0x29, 0xc5, 0x25, 0xc8, 0x2a,
 0xc5, 0x27, 0xc8, 0x2b, 0xc5, 0x2f, 0xc8, 0x2c,
 0xc5, 0x30, 0xc8, 0x2d, 0xc5, 0x31, 0xc8, 0x2e,
 0xc5, 0x33, 0xc8, 0x2f, 0xd8, 0xc7, 0x1a, 0x42,
 0xf2, 0x00, 0x00, 0x00, 0xc7, 0x1a, 0xc7, 0x19,
 0x42, 0x9c, 0x02, 0x00, 0x00, 0xe4, 0x04, 0x3d,
 0x01, 0x00, 0x00, 0xf5, 0x40, 0xed, 0x02, 0x00,
 0x00, 0xd0, 0xc5, 0x00, 0xd1, 0x5d, 0x04, 0x00,
 0xf4, 0xd2, 0xe4, 0x04, 0x80, 0x01, 0x00, 0x00,
 0xf5, 0x40, 0x81, 0x01, 0x00, 0x00, 0xc8, 0x04,
 0x37, 0x76, 0x00, 0x00, 0x00, 0xfa, 0xf1, 0x08,
 0x38, 0x76, 0x00, 0x00, 0x00, 0xf2, 0x20, 0x37,
 0x4a, 0x02, 0x00, 0x00, 0xfa, 0xf1, 0x08, 0x38,
 0x4a, 0x02, 0x00, 0x00, 0xf2, 0x11, 0x37, 0x4b,
 0x02, 0x00, 0x00, 0xfa, 0xf1, 0x08, 0x38, 0x4b,
 0x02, 0x00, 0x00, 0xf2, 0x02, 0x0b, 0x40, 0xb1,
 0x00, 0x00, 0x00, 0x11, 0xf1, 0x04, 0x0e, 0xc5,
 0x01, 0xc8, 0x05, 0xe4, 0x04, 0x82, 0x01, 0x00,
 0x00, 0xf5, 0xc9, 0x08, 0xf0, 0x1d, 0xc7, 0x08,
 0x40, 0xee, 0x02, 0x00, 0x00, 0xf0, 0x14, 0xc7,
 0x08, 0x41, 0xee, 0x02, 0x00, 0x00, 0x04, 0x9c,
 0x01, 0x00, 0x00, 0x24, 0x01, 0x00, 0xc8, 0x09,
 0xf2, 0x05, 0xc5, 0x04, 0xc8, 0x09, 0x5d, 0x05,
 0x00, 0xf4, 0xc8, 0x0a, 0x5d, 0x06, 0x00, 0xf4,
 0xc8, 0x0b, 0x5d, 0x07, 0x00, 0xf4, 0xc9, 0x0c,
 0x40, 0xe9, 0x01, 0x00, 0x00, 0xc8, 0x0d, 0x5d,
 0x08, 0x00, 0xf4, 0x40, 0xa0, 0x01, 0x00, 0x00,
 0xc9, 0x0e, 0x40, 0xd6, 0x01, 0x00, 0x00, 0xc8,
 0x0f, 0xc7, 0x0e, 0x40, 0xd7, 0x01, 0x00, 0x00,
 0xc8, 0x10, 0xc7, 0x0e, 0x40, 0xd9, 0x01, 0x00,
 0x00, 0xc8, 0x11, 0xc7, 0x0e, 0x40, 0xe6, 0x01,
 0x00, 0x00, 0xc8, 0x12, 0xe4, 0x04, 0x82, 0x01,
 0x00, 0x00, 0xf5, 0x41, 0x4c, 0x02, 0x00, 0x00,
 0xc7, 0x1a, 0xce, 0x24, 0x02, 0x00, 0x0e, 0xc7,
 0x0b, 0x40, 0x87, 0x01, 0x00, 0x00, 0xc8, 0x16,
 0x04, 0x37, 0x00, 0x00, 0x00, 0x04, 0x33, 0x01,
 0x00, 0x00, 0x04, 0x2c, 0x01, 0x00, 0x00, 0x04,
 0x28, 0x01, 0x00, 0x00, 0x04, 0x2a, 0x01, 0x00,
 0x00, 0x26, 0x05, 0x00, 0xc8, 0x17, 0x38, 0x9e,
 0x00, 0x00, 0x00, 0x41, 0x6d, 0x00, 0x00, 0x00,
 0xc7, 0x1a, 0x40, 0x3f, 0x00, 0x00, 0x00, 0x04,
 0x92, 0x01, 0x00, 0x00, 0x0b, 0x09, 0x4b, 0x43,
 0x00, 0x00, 0x00, 0xc5, 0x08, 0x4b, 0x45, 0x00,
 0x00, 0x00, 0xc5, 0x09, 0x4b, 0x46, 0x00, 0x00,
 0x00, 0x24, 0x03, 0x00, 0x0e, 0xc7, 0x1a, 0x40,
 0x3f, 0x00, 0x00, 0x00, 0xc7, 0x0b, 0x40, 0x2c,
 0x01, 0x00, 0x00, 0x42, 0x2c, 0x01, 0x00, 0x00,
 0xc7, 0x1a, 0x40, 0x3f, 0x00, 0x00, 0x00, 0xc7,
 0x0b, 0x40, 0x85, 0x01, 0x00, 0x00, 0x42, 0x51,
 0x02, 0x00, 0x00, 0xc7, 0x1a, 0x40, 0x3f, 0x00,
 0x00, 0x00, 0xc5, 0x0a, 0x42, 0x93, 0x01, 0x00,
 0x00, 0xc7, 0x1a, 0x40, 0x3f, 0x00, 0x00, 0x00,
 0xc5, 0x0b, 0x42, 0x50, 0x01, 0x00, 0x00, 0xc7,
 0x1a, 0x40, 0x3f, 0x00, 0x00, 0x00, 0xc5, 0x0c,
 0x42, 0x3b, 0x01, 0x00, 0x00, 0xc7, 0x1a, 0x40,
 0x3f, 0x00, 0x00, 0x00, 0xc5, 0x10, 0x42, 0xef,
 0x02, 0x00, 0x00, 0xc7, 0x1a, 0x40, 0x3f, 0x00,
 0x00, 0x00, 0xc5, 0x11, 0x42, 0xf0, 0x02, 0x00,
 0x00, 0x01, 0x00, 0x00, 0x00, 0x40, 0xc8, 0x1e,
 0xc7, 0x1a, 0x40, 0x3f, 0x00, 0x00, 0x00, 0xc5,
 0x14, 0x42, 0x7f, 0x02, 0x00, 0x00, 0xc7, 0x1a,
 0x40, 0x3f, 0x00, 0x00, 0x00, 0xc5, 0x1a, 0x42,
 0x96, 0x02, 0x00, 0x00, 0xc7, 0x1a, 0x40, 0x3f,
 0x00, 0x00, 0x00, 0xc5, 0x1b, 0x42, 0x36, 0x01,
 0x00, 0x00, 0xc7, 0x1a, 0x40, 0x3f, 0x00, 0x00,
 0x00, 0xc5, 0x1d, 0x42, 0xd4, 0x02, 0x00, 0x00,
 0xc7, 0x1a, 0x40, 0x3f, 0x00, 0x00, 0x00, 0xc5,
 0x1e, 0x42, 0x34, 0x01, 0x00, 0x00, 0xc7, 0x1a,
 0x40, 0x3f, 0x00, 0x00, 0x00, 0xc7, 0x1a, 0x40,
 0x3f, 0x00, 0x00, 0x00, 0x40, 0x34, 0x01, 0x00,
 0x00, 0x42, 0xf1, 0x02, 0x00, 0x00, 0xc7, 0x1a,
 0x40, 0x3f, 0x00, 0x00, 0x00, 0xc5, 0x1f, 0x42,
 0x30, 0x01, 0x00, 0x00, 0xc7, 0x1a, 0x40, 0x3f,
 0x00, 0x00, 0x00, 0xc5, 0x20, 0x42, 0xe2, 0x02,
 0x00, 0x00, 0xc7, 0x1a, 0x40, 0x3f, 0x00, 0x00,
 0x00, 0xc5, 0x23, 0x42, 0x2a, 0x01, 0x00, 0x00,
 0xc7, 0x1a, 0x40, 0x3f, 0x00, 0x00, 0x00, 0xc5,
 0x26, 0x42, 0x28, 0x01, 0x00, 0x00, 0xc7, 0x1a,
 0x40, 0x3f, 0x00, 0x00, 0x00, 0xc5, 0x28, 0x42,
 0xf2, 0x02, 0x00, 0x00, 0x37, 0xa4, 0x00, 0x00,
 0x00, 0xfb, 0xf0, 0x21, 0xc7, 0x1a, 0x40, 0x3f,
 0x00, 0x00, 0x00, 0x38, 0xa4, 0x00, 0x00, 0x00,
 0x40, 0x8b, 0x02, 0x00, 0x00, 0x1b, 0x11, 0xaf,
 0xf1, 0x04, 0x1b, 0x71, 0x1b, 0x1b, 0xc5, 0x29,
 0x1b, 0x71, 0x1b, 0x48, 0x38, 0x9e, 0x00, 0x00,
 0x00, 0x41, 0x6d, 0x00, 0x00, 0x00, 0xc7, 0x1a,
 0x40, 0x3f, 0x00, 0x00, 0x00, 0x04, 0xb4, 0x02,
 0x00, 0x00, 0x0b, 0x09, 0x4b, 0x43, 0x00, 0x00,
 0x00, 0xc5, 0x2a, 0x4b, 0x45, 0x00, 0x00, 0x00,
 0x24, 0x03, 0x00, 0x0e, 0x38, 0x9e, 0x00, 0x00,
 0x00, 0x41, 0x6d, 0x00, 0x00, 0x00, 0xc7, 0x1a,
 0x40, 0x3f, 0x00, 0x00, 0x00, 0x04, 0xf3, 0x02,
 0x00, 0x00, 0x0b, 0x09, 0x4b, 0x43, 0x00, 0x00,
 0x00, 0xc5, 0x2b, 0x4b, 0x45, 0x00, 0x00, 0x00,
 0x24, 0x03, 0x00, 0x0e, 0x38, 0x9e, 0x00, 0x00,
 0x00, 0x41, 0x6d, 0x00, 0x00, 0x00, 0xc7, 0x1a,
 0x40, 0x3f, 0x00, 0x00, 0x00, 0x04, 0xf4, 0x02,
 0x00, 0x00, 0x0b, 0x09, 0x4b, 0x43, 0x00, 0x00,
 0x00, 0xc5, 0x2c, 0x4b, 0x45, 0x00, 0x00, 0x00,
 0xc5, 0x2d, 0x4b, 0x46, 0x00, 0x00, 0x00, 0x24,
 0x03, 0x00, 0x0e, 0xc7, 0x1a, 0xc7, 0x2c, 0x42,
 0xf5, 0x02, 0x00, 0x00, 0x38, 0x9e, 0x00, 0x00,
 0x00, 0x41, 0x6d, 0x00, 0x00, 0x00, 0xc7, 0x1a,
 0x40, 0x3f, 0x00, 0x00, 0x00, 0x04, 0xf6, 0x02,
 0x00, 0x00, 0x0b, 0x09, 0x4b, 0x43, 0x00, 0x00,
 0x00, 0xc5, 0x2e, 0x4b, 0x45, 0x00, 0x00, 0x00,
 0x24, 0x03, 0x00, 0x0e, 0x37, 0xa4, 0x00, 0x00,
 0x00, 0xfb, 0xf0, 0x0a, 0xc7, 0x1a, 0xc5, 0x32,
 0x42, 0x83, 0x00, 0x00, 0x00, 0x29, 0xa6, 0x04,
 0xe0, 0x0b, 0x03, 0xc7, 0x01, 0x00, 0x64, 0x04,
 0x04, 0x07, 0x24, 0x27, 0x23, 0x0c, 0x34, 0x26,
 0x21, 0x00, 0x10, 0x08, 0x0a, 0x1c, 0x00, 0x49,
 0x1c, 0x1b, 0x16, 0x11, 0x1c, 0x25, 0x20, 0x1b,
 0x16, 0x11, 0x1c, 0x25, 0x20, 0x1b, 0x12, 0x11,
 0x1c, 0x00, 0x15, 0x10, 0xe9, 0x01, 0x27, 0x17,
 0x16, 0x1a, 0x30, 0x0d, 0x25, 0x14, 0x40, 0x23,
 0x19, 0x1e, 0x21, 0x02, 0x21, 0x05, 0x17, 0x10,
 0x30, 0x03, 0x30, 0x0c, 0x30, 0x0a, 0x30, 0x02,
 0x30, 0x10, 0x00, 0x09, 0x08, 0x51, 0x3e, 0x32,
 0x0c, 0x16, 0x1c, 0x1d, 0x00, 0x27, 0x6e, 0x29,
 0x34, 0x2c, 0x00, 0x25, 0x24, 0x2b, 0x25, 0x3c,
 0x3f, 0x3b, 0x25, 0x42, 0x3f, 0x41, 0x4b, 0x00,
 0x00, 0x0e, 0x22, 0x00, 0x00, 0x0e, 0x7a, 0x00,
 0x4b, 0x00, 0x00, 0x15, 0x5c, 0x00, 0x00, 0x0e,
 0xda, 0x01, 0x00, 0x4b, 0x00, 0x00, 0x0e, 0xce,
 0x01, 0x00, 0x00, 0x0e, 0x44, 0x00, 0x00, 0x0e,
 0x2a, 0x00, 0x25, 0x44, 0x58, 0x43, 0x00, 0x0e,
 0x0e, 0x00, 0x00, 0x0e, 0x28, 0x00, 0x00, 0x0e,
 0x34, 0x00, 0x00, 0x0e, 0x1e, 0x00, 0x00, 0x0e,
 0x58, 0x16, 0x1b, 0x16, 0x12, 0x27, 0x25, 0x28,
 0x00, 0x19, 0x0e, 0x2b, 0x34, 0x2c, 0x00, 0x1e,
 0x12, 0x2b, 0x34, 0x2c, 0x00, 0x1e, 0x12, 0x2b,
 0x34, 0x2c, 0x00, 0x25, 0x1c, 0x2b, 0x0c, 0x2c,
 0x26, 0x2b, 0x34, 0x2c, 0x00, 0x1e, 0x5a, 0x15,
 0x1b, 0x16, 0x12, 0x27, 0x00, 0x0c, 0x42, 0x0b,
 0x01, 0x00, 0x02, 0x0a, 0x02, 0x04, 0x09, 0x03,
 0x09, 0x9b, 0x01, 0x0c, 0xa8, 0x04, 0x00, 0x01,
 0x00, 0xaa, 0x04, 0x00, 0x01, 0x00, 0xf2, 0x07,
 0x00, 0x00, 0x00, 0xb2, 0x07, 0x00, 0x01, 0x40,
 0x06, 0xba, 0x07, 0x00, 0x02, 0x40, 0x00, 0xee,
 0x0b, 0x00, 0x03, 0x40, 0x08, 0xf0, 0x0b, 0x00,
 0x04, 0x40, 0x07, 0xe6, 0x07, 0x00, 0x05, 0x40,
 0x02, 0xf2, 0x0b, 0x00, 0x06, 0x40, 0x03, 0xf4,
 0x0b, 0x00, 0x07, 0x40, 0x01, 0x96, 0x08, 0x00,
 0x08, 0x40, 0x04, 0xe2, 0x01, 0x00, 0x09, 0x40,
 0x05, 0xfa, 0x03, 0x05, 0x00, 0x80, 0x04, 0x08,
 0x00, 0xe6, 0x03, 0x01, 0x01, 0x0c, 0x43, 0x0a,
 0x01, 0xf2, 0x0b, 0x02, 0x04, 0x02, 0x05, 0x00,
 0x01, 0x00, 0x81, 0x01, 0x06, 0xda, 0x04, 0x00,
 0x01, 0x00, 0xe2, 0x04, 0x00, 0x01, 0x00, 0xf6,
 0x0b, 0x00, 0x00, 0x00, 0xa0, 0x04, 0x00, 0x01,
 0x00, 0xf8, 0x0b, 0x00, 0x02, 0x00, 0x10, 0x00,
 0x01, 0x00, 0xba, 0x07, 0x02, 0x00, 0x08, 0xd2,
 0xce, 0x40, 0xfd, 0x02, 0x00, 0x00, 0xd3, 0x09,
 0x42, 0xfe, 0x02, 0x00, 0x00, 0xcb, 0x40, 0x1c,
 0x02, 0x00, 0x00, 0xd4, 0xf9, 0xf0, 0x14, 0xce,
 0x41, 0x2f, 0x01, 0x00, 0x00, 0x04, 0x37, 0x00,
 0x00, 0x00, 0xe3, 0x11, 0x21, 0x00, 0x00, 0x25,
 0x02, 0x00, 0xcb, 0x07, 0x42, 0xff, 0x02, 0x00,
 0x00, 0xcb, 0x07, 0x42, 0x1c, 0x02, 0x00, 0x00,
 0xd8, 0x07, 0xac, 0xf0, 0x0c, 0xce, 0x41, 0x50,
 0x01, 0x00, 0x00, 0xd8, 0x24, 0x01, 0x00, 0x0e,
 0xcc, 0xd7, 0xf5, 0x0e, 0xce, 0x40, 0x91, 0x01,
 0x00, 0x00, 0xd5, 0x09, 0x42, 0x96, 0x01, 0x00,
 0x00, 0xcd, 0x40, 0xb8, 0x02, 0x00, 0x00, 0x11,
 0xf1, 0x0b, 0x0e, 0xcd, 0xef, 0xcd, 0x40, 0xec,
 0x01, 0x00, 0x00, 0xa5, 0xf0, 0x11, 0xce, 0x41,
 0x96, 0x02, 0x00, 0x00, 0xcd, 0x40, 0xec, 0x01,
 0x00, 0x00, 0x24, 0x01, 0x00, 0x0e, 0x29, 0xa6,
 0x04, 0xc7, 0x11, 0x05, 0x28, 0x2c, 0x04, 0x26,
 0x12, 0x21, 0x09, 0x07, 0x0e, 0x30, 0x06, 0x1b,
 0x24, 0x2c, 0x3f, 0x26, 0x00, 0x26, 0x08, 0x07,
 0x10, 0x17, 0x13, 0x20, 0x14, 0x1c, 0x17, 0x07,
 0x06, 0x31, 0x05, 0x26, 0x08, 0x34, 0x26, 0x0c,
 0x18, 0x30, 0x41, 0x20, 0x16, 0x00, 0x0c, 0x43,
 0x0a, 0x01, 0xf4, 0x0b, 0x01, 0x01, 0x01, 0x05,
 0x00, 0x04, 0x00, 0xa4, 0x01, 0x02, 0xbc, 0x04,
 0x00, 0x01, 0x00, 0x10, 0x00, 0x01, 0x00, 0xf4,
 0x0b, 0x07, 0x00, 0xe6, 0x07, 0x05, 0x00, 0xf2,
 0x0b, 0x06, 0x00, 0x96, 0x08, 0x08, 0x00, 0x08,
 0xcf, 0xcb, 0xe3, 0xa9, 0x95, 0xf0, 0x08, 0xe3,
 0x11, 0xd7, 0x21, 0x01, 0x00, 0x28, 0xe4, 0x41,
 0x1c, 0x01, 0x00, 0x00, 0xcb, 0xd7, 0x24, 0x02,
 0x00, 0x0e, 0xcb, 0x0b, 0xe5, 0x41, 0x87, 0x02,
 0x00, 0x00, 0xcb, 0x24, 0x01, 0x00, 0x4b, 0xf9,
 0x02, 0x00, 0x00, 0x09, 0x4b, 0x00, 0x03, 0x00,
 0x00, 0x09, 0x4b, 0xfe, 0x02, 0x00, 0x00, 0x07,
 0x4b, 0x1c, 0x02, 0x00, 0x00, 0x07, 0x4b, 0xff,
 0x02, 0x00, 0x00, 0x07, 0x4b, 0x01, 0x03, 0x00,
 0x00, 0x42, 0xfd, 0x02, 0x00, 0x00, 0xcb, 0x40,
 0x91, 0x01, 0x00, 0x00, 0x0a, 0x42, 0xb8, 0x02,
 0x00, 0x00, 0xcb, 0x40, 0x91, 0x01, 0x00, 0x00,
 0x09, 0x42, 0x1a, 0x02, 0x00, 0x00, 0xd7, 0xf0,
 0x2b, 0xd7, 0x40, 0x02, 0x03, 0x00, 0x00, 0xfb,
 0xf0, 0x0d, 0xcb, 0xd7, 0x40, 0x02, 0x03, 0x00,
 0x00, 0x42, 0x03, 0x03, 0x00, 0x00, 0xd7, 0x40,
 0x04, 0x03, 0x00, 0x00, 0xfb, 0xf0, 0x0d, 0xcb,
 0xd7, 0x40, 0x04, 0x03, 0x00, 0x00, 0x42, 0x05,
 0x03, 0x00, 0x00, 0xcb, 0x41, 0x34, 0x01, 0x00,
 0x00, 0x04, 0x0b, 0x02, 0x00, 0x00, 0xe6, 0x24,
 0x02, 0x00, 0x29, 0xa6, 0x04, 0xd9, 0x11, 0x05,
 0x30, 0x12, 0x30, 0x1b, 0x30, 0x0c, 0x16, 0x1c,
 0x71, 0x20, 0x1a, 0x07, 0x0c, 0x1c, 0x25, 0x0d,
 0x24, 0x20, 0x28, 0x00, 0x2c, 0x0e, 0x4b, 0x3f,
 0x00, 0x3f, 0x08, 0x12, 0x12, 0x20, 0x2c, 0x11,
 0x18, 0x07, 0x24, 0x3a, 0x67, 0x20, 0x24, 0x11,
 0x18, 0x07, 0x1c, 0x3b, 0x71, 0x20, 0x0a, 0x1b,
 0x20, 0x00, 0x0c, 0x43, 0x0a, 0x01, 0x96, 0x08,
 0x00, 0x02, 0x00, 0x04, 0x01, 0x01, 0x01, 0x2f,
 0x02, 0x92, 0x06, 0x00, 0x00, 0x40, 0x00, 0x10,
 0x00, 0x01, 0x00, 0xe2, 0x01, 0x09, 0x00, 0x0c,
 0x43, 0x0a, 0x01, 0x00, 0x02, 0x00, 0x02, 0x04,
 0x00, 0x02, 0x00, 0x06, 0x02, 0xda, 0x04, 0x00,
 0x01, 0x00, 0xe2, 0x04, 0x00, 0x01, 0x00, 0xe2,
 0x01, 0x00, 0x02, 0x92, 0x06, 0x00, 0x00, 0xe3,
 0xe4, 0xd7, 0xd8, 0xf7, 0x29, 0xa6, 0x04, 0xef,
 0x11, 0x15, 0x08, 0x03, 0x13, 0x07, 0x0a, 0x07,
 0x0e, 0x07, 0x08, 0x00, 0x08, 0xd0, 0xcc, 0xcf,
 0xcc, 0x40, 0x05, 0x03, 0x00, 0x00, 0xfb, 0xf0,
 0x1c, 0xcc, 0x40, 0x91, 0x01, 0x00, 0x00, 0x40,
 0x92, 0x01, 0x00, 0x00, 0x95, 0xf0, 0x0e, 0xcc,
 0x41, 0x05, 0x03, 0x00, 0x00, 0xc5, 0x00, 0x24,
 0x01, 0x00, 0x0e, 0x29, 0xe3, 0xcc, 0x07, 0x07,
 0xf7, 0x0e, 0x29, 0xa6, 0x04, 0xec, 0x11, 0x05,
 0x0c, 0x36, 0x3a, 0x58, 0x31, 0x20, 0x18, 0x00,
 0x07, 0x08, 0x17, 0x07, 0x0a, 0x00, 0x0c, 0x43,
 0x0a, 0x01, 0x00, 0x02, 0x01, 0x02, 0x05, 0x00,
 0x01, 0x00, 0x24, 0x03, 0xcc, 0x04, 0x00, 0x01,
 0x00, 0xe0, 0x08, 0x00, 0x01, 0x00, 0x10, 0x00,
 0x01, 0x00, 0xe6, 0x07, 0x05, 0x00, 0x08, 0xcf,
 0xcb, 0x40, 0xfd, 0x02, 0x00, 0x00, 0x09, 0x42,
 0x00, 0x03, 0x00, 0x00, 0xe3, 0x40, 0x3f, 0x00,
 0x00, 0x00, 0x40, 0x50, 0x01, 0x00, 0x00, 0x41,
 0x1c, 0x01, 0x00, 0x00, 0xcb, 0xd7, 0xd8, 0x25,
 0x03, 0x00, 0xa6, 0x04, 0xf6, 0x11, 0x21, 0x0a,
 0x0d, 0x33, 0x3f, 0x0e, 0x52, 0x38, 0x07, 0x0c,
 0x07, 0x0e, 0x00, 0x0c, 0x43, 0x0a, 0x01, 0x00,
 0x03, 0x00, 0x03, 0x04, 0x00, 0x01, 0x00, 0x0d,
 0x03, 0xcc, 0x04, 0x00, 0x01, 0x00, 0xe0, 0x08,
 0x00, 0x01, 0x00, 0xa0, 0x04, 0x00, 0x01, 0x00,
 0xb2, 0x07, 0x01, 0x00, 0xd9, 0xe3, 0x11, 0x04,
 0x06, 0x03, 0x00, 0x00, 0x21, 0x01, 0x00, 0xf5,
 0x29, 0xa6, 0x04, 0xfa, 0x11, 0x27, 0x04, 0x03,
 0x3f, 0x07, 0x0e, 0x00, 0x0c, 0x43, 0x0a, 0x01,
 0x00, 0x03, 0x03, 0x03, 0x03, 0x00, 0x00, 0x00,
 0x5d, 0x06, 0xcc, 0x04, 0x00, 0x01, 0x00, 0xe0,
 0x08, 0x00, 0x01, 0x00, 0xa0, 0x04, 0x00, 0x01,
 0x00, 0xf6, 0x0b, 0x00, 0x00, 0x00, 0xf8, 0x0b,
 0x00, 0x01, 0x00, 0x10, 0x00, 0x01, 0x00, 0x08,
 0xd1, 0xcd, 0x40, 0xfd, 0x02, 0x00, 0x00, 0xd3,
 0xd9, 0x42, 0x1c, 0x02, 0x00, 0x00, 0xcb, 0xd7,
 0x42, 0xff, 0x02, 0x00, 0x00, 0xcb, 0xd8, 0x42,
 0x01, 0x03, 0x00, 0x00, 0xcb, 0x40, 0xfe, 0x02,
 0x00, 0x00, 0x95, 0xf0, 0x37, 0xcd, 0x40, 0x91,
 0x01, 0x00, 0x00, 0xd0, 0xcb, 0x40, 0x00, 0x03,
 0x00, 0x00, 0x11, 0xf1, 0x15, 0x0e, 0xcc, 0x40,
 0xb8, 0x02, 0x00, 0x00, 0x11, 0xf1, 0x0b, 0x0e,
 0xcc, 0xef, 0xcc, 0x40, 0xec, 0x01, 0x00, 0x00,
 0xa5, 0xf0, 0x11, 0xcd, 0x41, 0x96, 0x02, 0x00,
 0x00, 0xcc, 0x40, 0xec, 0x01, 0x00, 0x00, 0x24,
 0x01, 0x00, 0x0e, 0x29, 0xa6, 0x04, 0xfd, 0x11,
 0x23, 0x1a, 0x2c, 0x37, 0x07, 0x1a, 0x21, 0x19,
 0x07, 0x20, 0x21, 0x1f, 0x07, 0x26, 0x21, 0x1b,
 0x54, 0x02, 0x34, 0x28, 0x34, 0x26, 0x0c, 0x18,
 0x2f, 0x24, 0x20, 0x16, 0x00, 0x0c, 0x43, 0x0a,
 0x01, 0x00, 0x01, 0x02, 0x01, 0x05, 0x00, 0x00,
 0x00, 0x46, 0x03, 0xe0, 0x05, 0x00, 0x01, 0x00,
 0xf6, 0x0b, 0x00, 0x00, 0x00, 0x10, 0x00, 0x01,
 0x00, 0x08, 0xd0, 0xcc, 0x40, 0xfd, 0x02, 0x00,
 0x00, 0xd3, 0x40, 0xff, 0x02, 0x00, 0x00, 0xf9,
 0xf1, 0x2e, 0xcb, 0x40, 0xfe, 0x02, 0x00, 0x00,
 0x95, 0xf0, 0x25, 0xcb, 0x0a, 0x42, 0xfe, 0x02,
 0x00, 0x00, 0xcc, 0x41, 0x03, 0x03, 0x00, 0x00,
 0xcb, 0x40, 0xff, 0x02, 0x00, 0x00, 0xcb, 0x40,
 0x01, 0x03, 0x00, 0x00, 0xcb, 0x40, 0xf9, 0x02,
 0x00, 0x00, 0x24, 0x03, 0x00, 0x0e, 0x29, 0xcb,
 0x0a, 0x42, 0x00, 0x03, 0x00, 0x00, 0x29, 0xa6,
 0x04, 0x87, 0x12, 0x22, 0x12, 0x2c, 0x2d, 0x20,
 0x24, 0x11, 0x12, 0x30, 0x39, 0x26, 0x00, 0x20,
 0x20, 0x20, 0x1e, 0x20, 0x24, 0x3b, 0x61, 0x00,
 0x0c, 0x43, 0x0a, 0x01, 0x00, 0x02, 0x01, 0x02,
 0x05, 0x01, 0x01, 0x01, 0x1a, 0x03, 0x90, 0x06,
 0x00, 0x01, 0x00, 0xa0, 0x04, 0x00, 0x01, 0x40,
 0x00, 0x10, 0x00, 0x01, 0x00, 0xe6, 0x07, 0x05,
 0x00, 0x0c, 0x43, 0x0a, 0x01, 0x00, 0x01, 0x00,
 0x01, 0x02, 0x00, 0x01, 0x00, 0x04, 0x01, 0x98,
 0x06, 0x00, 0x01, 0x00, 0xa0, 0x04, 0x01, 0x01,
 0xe3, 0xd7, 0xf5, 0x29, 0xa6, 0x04, 0x91, 0x12,
 0x32, 0x04, 0x03, 0x51, 0x07, 0x06, 0x00, 0x08,
 0xcf, 0xe3, 0x40, 0x3f, 0x00, 0x00, 0x00, 0x40,
 0x93, 0x01, 0x00, 0x00, 0x41, 0x1c, 0x01, 0x00,
 0x00, 0xcb, 0xd7, 0xc5, 0x00, 0x24, 0x03, 0x00,
 0x29, 0xa6, 0x04, 0x90, 0x12, 0x25, 0x06, 0x0d,
 0x3b, 0x52, 0x40, 0x07, 0x0c, 0x00, 0x0c, 0x43,
 0x0a, 0x01, 0xe2, 0x01, 0x03, 0x00, 0x03, 0x04,
 0x00, 0x02, 0x00, 0x4e, 0x03, 0xb8, 0x06, 0x00,
 0x01, 0x00, 0xda, 0x04, 0x00, 0x01, 0x00, 0xe2,
 0x04, 0x00, 0x01, 0x00, 0xf0, 0x0b, 0x04, 0x00,
 0xee, 0x0b, 0x03, 0x00, 0xd8, 0xf0, 0x10, 0xd7,
 0x41, 0x2f, 0x01, 0x00, 0x00, 0x04, 0x37, 0x00,
 0x00, 0x00, 0xd8, 0x25, 0x02, 0x00, 0xd9, 0x07,
 0xac, 0xf0, 0x0c, 0xd7, 0x41, 0x50, 0x01, 0x00,
 0x00, 0xd9, 0x24, 0x01, 0x00, 0x0e, 0xd7, 0x40,
 0x8d, 0x01, 0x00, 0x00, 0xef, 0xf0, 0x07, 0xe3,
 0x11, 0x21, 0x00, 0x00, 0x30, 0xd7, 0x40, 0xfd,
 0x02, 0x00, 0x00, 0x40, 0xfe, 0x02, 0x00, 0x00,
 0xf0, 0x07, 0xe4, 0x11, 0x21, 0x00, 0x00, 0x30,
 0xd7, 0x41, 0x50, 0x01, 0x00, 0x00, 0x07, 0x25,
 0x01, 0x00, 0xa6, 0x04, 0x95, 0x12, 0x05, 0x1c,
 0x03, 0x0c, 0x11, 0x16, 0x20, 0x0e, 0x1b, 0x1c,
 0x17, 0x3f, 0x07, 0x10, 0x17, 0x13, 0x20, 0x18,
 0x1c, 0x13, 0x2f, 0x50, 0x21, 0x4f, 0x43, 0x5e,
 0x21, 0x57, 0x20, 0x18, 0x00, 0xc5, 0x00, 0xc8,
 0x06, 0xc5, 0x01, 0xc8, 0x07, 0xc5, 0x02, 0xc8,
 0x08, 0xc5, 0x08, 0xc8, 0x09, 0xd8, 0xc7, 0x07,
 0x42, 0xf2, 0x00, 0x00, 0x00, 0xe3, 0xf4, 0x40,
 0xa0, 0x01, 0x00, 0x00, 0xd3, 0x40, 0xd9, 0x01,
 0x00, 0x00, 0xd0, 0xcb, 0x40, 0xdd, 0x01, 0x00,
 0x00, 0xd1, 0xcb, 0x40, 0xf7, 0x02, 0x00, 0x00,
 0xd2, 0xcb, 0x40, 0xf8, 0x02, 0x00, 0x00, 0xc8,
 0x04, 0xe4, 0xf4, 0xc8, 0x05, 0xe5, 0x04, 0x82,
 0x01, 0x00, 0x00, 0xf5, 0x41, 0x4c, 0x02, 0x00,
 0x00, 0xc7, 0x07, 0xc7, 0x05, 0x24, 0x02, 0x00,
 0x0e, 0xc7, 0x07, 0x40, 0x3f, 0x00, 0x00, 0x00,
 0xc5, 0x03, 0x42, 0x50, 0x01, 0x00, 0x00, 0xc7,
 0x07, 0x40, 0x3f, 0x00, 0x00, 0x00, 0xc5, 0x04,
 0x42, 0x03, 0x03, 0x00, 0x00, 0xc7, 0x07, 0x40,
 0x3f, 0x00, 0x00, 0x00, 0xc5, 0x05, 0x42, 0x2b,
 0x02, 0x00, 0x00, 0xc7, 0x07, 0x40, 0x3f, 0x00,
 0x00, 0x00, 0xc5, 0x06, 0x42, 0x96, 0x02, 0x00,
 0x00, 0xc7, 0x07, 0x40, 0x3f, 0x00, 0x00, 0x00,
 0xc5, 0x07, 0x42, 0x93, 0x01, 0x00, 0x00, 0x29,
 0xa6, 0x04, 0xbd, 0x11, 0x03, 0x28, 0x54, 0x04,
 0x07, 0x24, 0x26, 0x06, 0x26, 0x18, 0x26, 0x09,
 0x26, 0x1a, 0x26, 0x0d, 0x2b, 0x27, 0x17, 0x1b,
 0x3e, 0x32, 0x0c, 0x18, 0x00, 0x06, 0x60, 0x49,
 0x00, 0x0e, 0x08, 0x00, 0x4b, 0x00, 0x00, 0x0e,
 0x14, 0x00, 0x00, 0x0e, 0x12, 0x00, 0x00, 0x0c,
 0x42, 0x0b, 0x01, 0x00, 0x02, 0x02, 0x02, 0x04,
 0x02, 0x02, 0x02, 0x2d, 0x04, 0xa8, 0x04, 0x00,
 0x01, 0x00, 0xaa, 0x04, 0x00, 0x01, 0x00, 0xf4,
 0x0b, 0x00, 0x00, 0x40, 0x01, 0x8e, 0x0c, 0x00,
 0x01, 0x40, 0x00, 0x8a, 0x04, 0x0d, 0x00, 0xe6,
 0x03, 0x01, 0x01, 0x0c, 0x43, 0x0a, 0x01, 0x8e,
 0x0c, 0x01, 0x01, 0x01, 0x04, 0x00, 0x02, 0x00,
 0x1b, 0x02, 0xbc, 0x04, 0x00, 0x01, 0x00, 0x10,
 0x00, 0x01, 0x00, 0x8e, 0x0c, 0x01, 0x00, 0xf4,
 0x0b, 0x00, 0x00, 0x08, 0xcf, 0xcb, 0xe3, 0xa9,
 0x95, 0xf0, 0x08, 0xe3, 0x11, 0xd7, 0x21, 0x01,
 0x00, 0x28, 0xe4, 0x41, 0x1c, 0x01, 0x00, 0x00,
 0xcb, 0xd7, 0x24, 0x02, 0x00, 0x29, 0xa6, 0x04,
 0xa7, 0x12, 0x05, 0x0c, 0x12, 0x30, 0x1b, 0x34,
 0x0c, 0x1a, 0x1c, 0x79, 0x20, 0x20, 0x07, 0x0c,
 0x00, 0x0c, 0x43, 0x0a, 0x01, 0x00, 0x03, 0x00,
 0x03, 0x03, 0x00, 0x00, 0x00, 0x05, 0x03, 0xcc,
 0x04, 0x00, 0x01, 0x00, 0xe0, 0x08, 0x00, 0x01,
 0x00, 0xa0, 0x04, 0x00, 0x01, 0x00, 0xd9, 0x07,
 0xd7, 0xf6, 0x29, 0xa6, 0x04, 0xab, 0x12, 0x29,
 0x06, 0x03, 0x43, 0x07, 0x06, 0x07, 0x0c, 0x00,
 0xc5, 0x00, 0xd0, 0xd8, 0xcc, 0x42, 0xf2, 0x00,
 0x00, 0x00, 0xe3, 0xf4, 0xcf, 0xe4, 0x04, 0x82,
 0x01, 0x00, 0x00, 0xf5, 0x41, 0x4c, 0x02, 0x00,
 0x00, 0xcc, 0xcb, 0x24, 0x02, 0x00, 0x0e, 0xcc,
 0x40, 0x3f, 0x00, 0x00, 0x00, 0xc5, 0x01, 0x42,
 0x03, 0x03, 0x00, 0x00, 0x29, 0xa6, 0x04, 0xa2,
 0x12, 0x03, 0x10, 0x13, 0x04, 0x07, 0x24, 0x21,
 0x01, 0x12, 0x21, 0x3e, 0x32, 0x07, 0x1c, 0x00,
 0x05, 0x0a, 0x4d, 0x00, 0x0c, 0x42, 0x0b, 0x01,
 0x00, 0x02, 0x0c, 0x02, 0x02, 0x0a, 0x02, 0x08,
 0x3e, 0x0e, 0xa8, 0x04, 0x00, 0x01, 0x00, 0xaa,
 0x04, 0x00, 0x01, 0x00, 0xb4, 0x09, 0x00, 0x00,
 0x40, 0x03, 0x90, 0x09, 0x00, 0x01, 0x40, 0x02,
 0xf2, 0x07, 0x00, 0x02, 0x00, 0x90, 0x0c, 0x00,
 0x03, 0x40, 0x08, 0xb8, 0x07, 0x00, 0x04, 0x40,
 0x01, 0xb0, 0x09, 0x00, 0x05, 0x40, 0x04, 0xb2,
 0x09, 0x00, 0x06, 0x40, 0x00, 0x92, 0x0c, 0x00,
 0x07, 0x40, 0x06, 0xb8, 0x04, 0x00, 0x08, 0x40,
 0x05, 0xec, 0x04, 0x00, 0x09, 0x40, 0x09, 0x94,
 0x0c, 0x00, 0x0a, 0x40, 0x07, 0x96, 0x0c, 0x00,
 0x0b, 0x00, 0x82, 0x04, 0x09, 0x00, 0xfa, 0x03,
 0x05, 0x00, 0x0c, 0x43, 0x0a, 0x01, 0x90, 0x09,
 0x01, 0x01, 0x01, 0x01, 0x02, 0x00, 0x01, 0x05,
 0x02, 0xfe, 0x08, 0x00, 0x01, 0x40, 0x01, 0xb6,
 0x09, 0x00, 0x00, 0x40, 0x00, 0x0c, 0x43, 0x0a,
 0x01, 0x00, 0x00, 0x01, 0x00, 0x04, 0x00, 0x02,
 0x00, 0x15, 0x01, 0xa2, 0x01, 0x00, 0x01, 0x00,
 0xb6, 0x09, 0x00, 0x00, 0xfe, 0x08, 0x00, 0x01,
 0x0c, 0x00, 0xcf, 0xe3, 0xf0, 0x02, 0x29, 0x0a,
 0xe7, 0xe4, 0x41, 0x62, 0x00, 0x00, 0x00, 0x06,
 0xcb, 0x24, 0x02, 0x00, 0x29, 0xa6, 0x04, 0xb8,
 0x12, 0x0e, 0x0a, 0x12, 0x01, 0x17, 0x07, 0x0d,
 0x00, 0x20, 0x1e, 0x07, 0x10, 0x00, 0x09, 0xcf,
 0xc5, 0x00, 0x28, 0xa6, 0x04, 0xb6, 0x12, 0x05,
 0x00, 0x00, 0x0c, 0x43, 0x0a, 0x01, 0xb0, 0x09,
 0x01, 0x00, 0x01, 0x01, 0x00, 0x00, 0x00, 0x06,
 0x01, 0x90, 0x06, 0x00, 0x01, 0x00, 0xd7, 0xf0,
 0x03, 0xd7, 0x30, 0x29, 0xa6, 0x04, 0xc1, 0x12,
 0x05, 0x04, 0x03, 0x0c, 0x11, 0x16, 0x00, 0x0c,
 0x43, 0x0a, 0x01, 0xb2, 0x09, 0x01, 0x00, 0x01,
 0x02, 0x00, 0x00, 0x00, 0x12, 0x01, 0xb8, 0x06,
 0x00, 0x01, 0x00, 0xd7, 0x40, 0x5f, 0x02, 0x00,
 0x00, 0x11, 0xf0, 0x09, 0x0e, 0xd7, 0x40, 0x60,
 0x02, 0x00, 0x00, 0xfb, 0x28, 0xa6, 0x04, 0xc4,
 0x12, 0x05, 0x06, 0x03, 0x12, 0x34, 0x36, 0x20,
 0x22, 0x00, 0x0c, 0x43, 0x0a, 0x01, 0x92, 0x0c,
 0x04, 0x02, 0x04, 0x04, 0x04, 0x05, 0x03, 0x38,
 0x06, 0xb8, 0x06, 0x00, 0x01, 0x40, 0x03, 0xac,
 0x06, 0x00, 0x01, 0x00, 0xb0, 0x08, 0x00, 0x01,
 0x00, 0xfe, 0x08, 0x00, 0x01, 0x40, 0x01, 0x98,
 0x0c, 0x00, 0x00, 0x40, 0x00, 0xa4, 0x06, 0x00,
 0x01, 0x40, 0x02, 0xb2, 0x09, 0x06, 0x00, 0xb8,
 0x07, 0x04, 0x00, 0x90, 0x09, 0x01, 0x00, 0xb4,
 0x09, 0x00, 0x00, 0x82, 0x04, 0x00, 0x02, 0x0c,
 0x43, 0x0a, 0x01, 0x00, 0x00, 0x00, 0x00, 0x01,
 0x00, 0x01, 0x00, 0x03, 0x00, 0x98, 0x0c, 0x00,
 0x00, 0x0a, 0xe7, 0x29, 0xa6, 0x04, 0xca, 0x12,
 0x1a, 0x02, 0x03, 0x21, 0x00, 0x0c, 0x43, 0x0a,
 0x01, 0x00, 0x01, 0x00, 0x01, 0x02, 0x00, 0x02,
 0x00, 0x0d, 0x01, 0x90, 0x06, 0x00, 0x01, 0x00,
 0xfe, 0x08, 0x03, 0x01, 0x98, 0x0c, 0x00, 0x00,
 0xd7, 0xf0, 0x06, 0xe3, 0xd7, 0x23, 0x01, 0x00,
 0x0a, 0xe8, 0xe3, 0xf4, 0x29, 0xa6, 0x04, 0xd1,
 0x12, 0x0a, 0x0a, 0x03, 0x06, 0x11, 0x18, 0x07,
 0x12, 0x17, 0x31, 0x0d, 0x00, 0x00, 0x0c, 0x43,
 0x0a, 0x01, 0x00, 0x01, 0x00, 0x01, 0x04, 0x00,
 0x06, 0x00, 0x40, 0x01, 0x90, 0x06, 0x00, 0x01,
 0x00, 0x98, 0x0c, 0x00, 0x00, 0xa4, 0x06, 0x01,
 0x00, 0xb2, 0x09, 0x00, 0x02, 0xb8, 0x06, 0x00,
 0x01, 0xfe, 0x08, 0x03, 0x01, 0xb8, 0x07, 0x01,
 0x02, 0xe3, 0xf0, 0x02, 0x29, 0xe4, 0xf0, 0x02,
 0x29, 0x0a, 0xe8, 0xe5, 0xe6, 0xf5, 0xf0, 0x0a,
 0xe6, 0x41, 0x60, 0x02, 0x00, 0x00, 0x25, 0x00,
 0x00, 0xe6, 0x40, 0x2c, 0x01, 0x00, 0x00, 0xfb,
 0xf0, 0x0a, 0xe6, 0x41, 0x2c, 0x01, 0x00, 0x00,
 0x25, 0x00, 0x00, 0x5d, 0x04, 0x00, 0xd7, 0x11,
 0xf1, 0x0e, 0x0e, 0x5d, 0x05, 0x00, 0x11, 0x04,
 0x36, 0x01, 0x00, 0x00, 0x21, 0x01, 0x00, 0xf5,
 0x29, 0xa6, 0x04, 0xd7, 0x12, 0x0e, 0x1c, 0x03,
 0x01, 0x17, 0x00, 0x17, 0x07, 0x0d, 0x08, 0x07,
 0x14, 0x16, 0x20, 0x20, 0x0e, 0x12, 0x33, 0x20,
 0x26, 0x11, 0x26, 0x20, 0x0e, 0x12, 0x6f, 0x11,
 0x12, 0x1b, 0x16, 0x00, 0xe5, 0xda, 0xf5, 0xde,
 0x09, 0xcf, 0xd7, 0x41, 0x34, 0x01, 0x00, 0x00,
 0x04, 0x33, 0x01, 0x00, 0x00, 0xc5, 0x00, 0x24,
 0x02, 0x00, 0x0e, 0xe6, 0xf8, 0xf0, 0x06, 0x5d,
 0x04, 0x00, 0xf4, 0xea, 0xe6, 0xd7, 0x0b, 0xd8,
 0x4b, 0x29, 0x01, 0x00, 0x00, 0xd9, 0x4b, 0x42,
 0x00, 0x00, 0x00, 0xc5, 0x01, 0xf7, 0x0e, 0x09,
 0xd0, 0xc5, 0x02, 0x28, 0xa6, 0x04, 0xc7, 0x12,
 0x05, 0x16, 0x03, 0x1a, 0x07, 0x0a, 0x1d, 0x1f,
 0x20, 0x0e, 0x3c, 0x05, 0x07, 0x10, 0x11, 0x1c,
 0x1c, 0x33, 0x07, 0x08, 0x0d, 0x10, 0x21, 0x00,
 0x00, 0x0c, 0x43, 0x0a, 0x01, 0xb8, 0x04, 0x01,
 0x00, 0x01, 0x01, 0x00, 0x00, 0x00, 0x03, 0x01,
 0xf2, 0x04, 0x00, 0x01, 0x00, 0xd7, 0xf4, 0x29,
 0xa6, 0x04, 0xe0, 0x12, 0x05, 0x02, 0x03, 0x04,
 0x00, 0x0c, 0x43, 0x0a, 0x01, 0xec, 0x04, 0x02,
 0x00, 0x02, 0x03, 0x00, 0x00, 0x00, 0x0a, 0x02,
 0x86, 0x02, 0x00, 0x01, 0x00, 0x9a, 0x0c, 0x00,
 0x01, 0x00, 0xd7, 0x41, 0x36, 0x01, 0x00, 0x00,
 0xd8, 0x25, 0x01, 0x00, 0xa6, 0x04, 0xe3, 0x12,
 0x05, 0x04, 0x03, 0x12, 0x20, 0x14, 0x00, 0x0c,
 0x43, 0x0a, 0x01, 0x94, 0x0c, 0x01, 0x00, 0x01,
 0x03, 0x00, 0x01, 0x00, 0x1b, 0x01, 0x9c, 0x0c,
 0x00, 0x01, 0x00, 0xb0, 0x09, 0x05, 0x00, 0xd7,
 0xef, 0x95, 0xf0, 0x03, 0xe3, 0x28, 0xd7, 0xd7,
 0xef, 0xbb, 0x9d, 0x46, 0xfb, 0xf1, 0x03, 0xe3,
 0x28, 0xd7, 0x41, 0x0f, 0x03, 0x00, 0x00, 0x25,
 0x00, 0x00, 0xa6, 0x04, 0xe6, 0x12, 0x05, 0x12,
 0x03, 0x0e, 0x1b, 0x2e, 0x0d, 0x21, 0x07, 0x10,
 0x0c, 0x22, 0x11, 0x0e, 0x11, 0x26, 0x0d, 0x6d,
 0x20, 0x10, 0x00, 0x0c, 0x43, 0x0a, 0x01, 0x96,
 0x0c, 0x00, 0x07, 0x00, 0x04, 0x04, 0x05, 0x01,
 0x75, 0x07, 0xb8, 0x09, 0x00, 0x00, 0x00, 0x9c,
 0x0c, 0x00, 0x01, 0x40, 0x03, 0xbc, 0x09, 0x00,
 0x02, 0x00, 0xfe, 0x08, 0x00, 0x03, 0x40, 0x02,
 0x6e, 0x00, 0x04, 0x40, 0x00, 0xa0, 0x0c, 0x00,
 0x05, 0x40, 0x01, 0xa2, 0x01, 0x00, 0x01, 0x00,
 0xb8, 0x04, 0x08, 0x00, 0x92, 0x0c, 0x07, 0x00,
 0x94, 0x0c, 0x0a, 0x00, 0x90, 0x0c, 0x03, 0x00,
 0xec, 0x04, 0x09, 0x00, 0x0c, 0x43, 0x0a, 0x01,
 0x00, 0x02, 0x02, 0x02, 0x05, 0x01, 0x06, 0x01,
 0x17, 0x04, 0xb8, 0x06, 0x00, 0x01, 0x00, 0xa2,
 0x05, 0x00, 0x01, 0x00, 0xac, 0x06, 0x00, 0x00,
 0x40, 0x00, 0xb0, 0x08, 0x00, 0x01, 0x00, 0x6e,
 0x04, 0x00, 0xa0, 0x0c, 0x05, 0x00, 0xb8, 0x04,
 0x00, 0x02, 0xfe, 0x08, 0x03, 0x00, 0x9c, 0x0c,
 0x01, 0x00, 0x92, 0x0c, 0x01, 0x02, 0x0c, 0x43,
 0x0a, 0x01, 0x00, 0x01, 0x00, 0x01, 0x03, 0x00,
 0x05, 0x00, 0x29, 0x01, 0x90, 0x06, 0x00, 0x01,
 0x00, 0x6e, 0x00, 0x02, 0xa0, 0x0c, 0x01, 0x02,
 0xb8, 0x04, 0x02, 0x02, 0xac, 0x06, 0x00, 0x00,
 0xfe, 0x08, 0x03, 0x02, 0xe3, 0x95, 0xf0, 0x03,
 0xd7, 0xe7, 0xd7, 0xf0, 0x0c, 0xe4, 0x41, 0x53,
 0x01, 0x00, 0x00, 0xe5, 0x24, 0x01, 0x00, 0x0e,
 0xe6, 0xf0, 0x02, 0x29, 0xe4, 0x41, 0x53, 0x01,
 0x00, 0x00, 0xe5, 0x24, 0x01, 0x00, 0x0e, 0x5d,
 0x04, 0x00, 0xe3, 0xf5, 0x29, 0xa6, 0x04, 0xf8,
 0x12, 0x34, 0x14, 0x03, 0x47, 0x16, 0x1e, 0x0d,
 0x1f, 0x11, 0x0a, 0x20, 0x22, 0x1c, 0x2b, 0x17,
 0x07, 0x20, 0x22, 0x1c, 0x21, 0x11, 0x12, 0x00,
 0xd8, 0x5d, 0x04, 0x00, 0xef, 0xbb, 0x9d, 0xa5,
 0xcf, 0xd8, 0xba, 0xa7, 0xd0, 0x5d, 0x05, 0x00,
 0xd7, 0xca, 0xc5, 0x00, 0x23, 0x04, 0x00, 0xa6,
 0x04, 0xf5, 0x12, 0x22, 0x10, 0x03, 0x15, 0x07,
 0x08, 0x16, 0x22, 0x17, 0x29, 0x07, 0x08, 0x12,
 0x15, 0x11, 0x14, 0x07, 0x22, 0x00, 0x0c, 0x00,
 0xc8, 0x06, 0xc7, 0x06, 0xef, 0xcf, 0x38, 0x9f,
 0x00, 0x00, 0x00, 0x11, 0xcb, 0x21, 0x01, 0x00,
 0xd0, 0xba, 0xd1, 0xcd, 0xcb, 0xa5, 0xf0, 0x18,
 0xcc, 0xcd, 0x1b, 0x11, 0xaf, 0xf1, 0x04, 0x1b,
 0x71, 0x1b, 0x1b, 0xc7, 0x06, 0xcd, 0x46, 0x1b,
 0x71, 0x1b, 0x48, 0x92, 0x02, 0xf2, 0xe5, 0xe5,
 0xcc, 0xf5, 0xd2, 0x38, 0x9f, 0x00, 0x00, 0x00,
 0x41, 0x3c, 0x01, 0x00, 0x00, 0xcc, 0xba, 0x46,
 0x24, 0x01, 0x00, 0xf0, 0x05, 0xcc, 0xba, 0x46,
 0xd0, 0xcc, 0xef, 0xbc, 0xa5, 0xf0, 0x0c, 0xe6,
 0x11, 0x04, 0x0e, 0x03, 0x00, 0x00, 0x21, 0x01,
 0x00, 0x30, 0xcc, 0x41, 0xb0, 0x01, 0x00, 0x00,
 0xc5, 0x00, 0x24, 0x01, 0x00, 0xc8, 0x05, 0xcc,
 0x41, 0x11, 0x03, 0x00, 0x00, 0x5d, 0x04, 0x00,
 0x25, 0x01, 0x00, 0xa6, 0x04, 0xeb, 0x12, 0x05,
 0x30, 0x17, 0x24, 0x16, 0x40, 0x20, 0x0c, 0x25,
 0x22, 0x07, 0x0e, 0x17, 0x97, 0x01, 0x07, 0x10,
 0x34, 0x10, 0x0c, 0x14, 0x1f, 0x70, 0x19, 0x89,
 0x01, 0x07, 0x18, 0x12, 0x2d, 0x34, 0x1c, 0x2a,
 0x2e, 0x17, 0x49, 0x0c, 0x22, 0x17, 0x11, 0x3c,
 0x06, 0x20, 0x18, 0x00, 0x07, 0x16, 0x27, 0x20,
 0x1e, 0x00, 0xc5, 0x00, 0xd0, 0xc5, 0x01, 0xc8,
 0x05, 0xc5, 0x02, 0xc8, 0x06, 0xc5, 0x03, 0xc8,
 0x07, 0xc5, 0x04, 0xc8, 0x08, 0xc5, 0x05, 0xc8,
 0x09, 0xc5, 0x06, 0xc8, 0x0a, 0xc5, 0x07, 0xc8,
 0x0b, 0xe4, 0xf4, 0x40, 0xa0, 0x01, 0x00, 0x00,
 0xd5, 0x40, 0x08, 0x03, 0x00, 0x00, 0xd2, 0xcd,
 0x40, 0xdc, 0x01, 0x00, 0x00, 0xc8, 0x04, 0xd8,
 0xc7, 0x0b, 0x42, 0xf2, 0x00, 0x00, 0x00, 0x29,
 0xa6, 0x04, 0xb3, 0x12, 0x03, 0x0f, 0x00, 0x1f,
 0x16, 0x2e, 0x26, 0x04, 0x26, 0x08, 0x00, 0x08,
 0x84, 0x01, 0x35, 0x07, 0x24, 0x00, 0x0c, 0x42,
 0x0b, 0x01, 0x00, 0x02, 0x00, 0x02, 0x03, 0x02,
 0x01, 0x01, 0x0c, 0x02, 0xb8, 0x06, 0x00, 0x01,
 0x40, 0x00, 0xbc, 0x04, 0x00, 0x01, 0x40, 0x01,
 0x9c, 0x04, 0x16, 0x00, 0x0c, 0x42, 0x0b, 0x01,
 0x00, 0x02, 0x00, 0x02, 0x04, 0x02, 0x03, 0x01,
 0x0c, 0x02, 0x94, 0x02, 0x00, 0x01, 0x40, 0x01,
 0x96, 0x02, 0x00, 0x01, 0x40, 0x00, 0x9c, 0x04,
 0x00, 0x02, 0xb8, 0x06, 0x00, 0x01, 0xbc, 0x04,
 0x01, 0x01, 0x0c, 0x42, 0x0b, 0x01, 0x00, 0x01,
 0x00, 0x01, 0x02, 0x00, 0x02, 0x00, 0x0a, 0x01,
 0x90, 0x06, 0x00, 0x01, 0x00, 0x96, 0x02, 0x01,
 0x01, 0x94, 0x02, 0x00, 0x01, 0xd7, 0xf0, 0x05,
 0xe3, 0xd7, 0xf5, 0x28, 0xe4, 0xf4, 0x28, 0xa6,
 0x04, 0x9b, 0x13, 0x27, 0x08, 0x02, 0x12, 0x11,
 0x0c, 0x07, 0x0e, 0x11, 0x0e, 0x00, 0xe3, 0xe4,
 0xe5, 0x11, 0xf1, 0x03, 0x0e, 0x0b, 0xc5, 0x00,
 0xf7, 0x29, 0xa6, 0x04, 0x9a, 0x13, 0x10, 0x06,
 0x03, 0x11, 0x07, 0x12, 0x07, 0x10, 0x00, 0x38,
 0xce, 0x00, 0x00, 0x00, 0x11, 0xc5, 0x00, 0x21,
 0x01, 0x00, 0x28, 0xa6, 0x04, 0x99, 0x13, 0x03,
 0x02, 0x03, 0x1a, 0x00, 0x0c, 0x40, 0x0b, 0x01,
 0x00, 0x01, 0x00, 0x00, 0x03, 0x01, 0x01, 0x01,
 0x10, 0x01, 0x9c, 0x0c, 0x00, 0x01, 0x40, 0x00,
 0x9e, 0x04, 0x17, 0x00, 0x0c, 0x42, 0x0b, 0x01,
 0x00, 0x02, 0x00, 0x02, 0x04, 0x02, 0x02, 0x01,
 0x12, 0x02, 0x94, 0x02, 0x00, 0x01, 0x40, 0x01,
 0x96, 0x02, 0x00, 0x01, 0x40, 0x00, 0x9e, 0x04,
 0x00, 0x02, 0x9c, 0x0c, 0x00, 0x01, 0x0c, 0x42,
 0x0b, 0x01, 0x00, 0x01, 0x00, 0x01, 0x02, 0x00,
 0x02, 0x00, 0x0a, 0x01, 0x90, 0x06, 0x00, 0x01,
 0x00, 0x96, 0x02, 0x01, 0x01, 0x94, 0x02, 0x00,
 0x01, 0xd7, 0xf0, 0x05, 0xe3, 0xd7, 0xf5, 0x28,
 0xe4, 0xf4, 0x28, 0xa6, 0x04, 0xa0, 0x13, 0x1c,
 0x08, 0x02, 0x12, 0x11, 0x0c, 0x07, 0x0e, 0x11,
 0x0e, 0x00, 0xe3, 0x26, 0x00, 0x00, 0xba, 0xe4,
 0x51, 0xc5, 0x00, 0x50, 0x8e, 0x0e, 0x06, 0x1b,
 0x27, 0x00, 0x00, 0x29, 0xa6, 0x04, 0x9f, 0x13,
 0x10, 0x04, 0x03, 0x11, 0x1b, 0x18, 0x00, 0x0d,
 0x00, 0x00, 0xdb, 0x38, 0xce, 0x00, 0x00, 0x00,
 0x11, 0xc5, 0x00, 0x21, 0x01, 0x00, 0x28, 0xa6,
 0x04, 0x9e, 0x13, 0x03, 0x02, 0x17, 0x1a, 0x00,
 0x38, 0x9e, 0x00, 0x00, 0x00, 0x40, 0x12, 0x03,
 0x00, 0x00, 0xcf, 0xc5, 0x00, 0x4c, 0xf9, 0x00,
 0x00, 0x00, 0xd4, 0x0b, 0xc5, 0x01, 0x53, 0x13,
 0x03, 0x00, 0x00, 0x04, 0xf5, 0xd1, 0xcc, 0x0b,
 0xc5, 0x02, 0x53, 0x14, 0x03, 0x00, 0x00, 0x04,
 0xf5, 0xd2, 0xcc, 0x0b, 0xc5, 0x03, 0x53, 0x15,
 0x03, 0x00, 0x00, 0x04, 0xf5, 0xc8, 0x04, 0xcc,
 0x0b, 0xc5, 0x04, 0x53, 0x16, 0x03, 0x00, 0x00,
 0x04, 0xf5, 0xc8, 0x05, 0xcc, 0x0b, 0xc5, 0x05,
 0x53, 0x17, 0x03, 0x00, 0x00, 0x04, 0xf5, 0xc8,
 0x06, 0xcc, 0x0b, 0xc5, 0x06, 0x53, 0x18, 0x03,
 0x00, 0x00, 0x04, 0xf5, 0xc8, 0x07, 0xcc, 0x0b,
 0xc5, 0x07, 0x53, 0x19, 0x03, 0x00, 0x00, 0x04,
 0xf5, 0xc8, 0x08, 0xcc, 0x0b, 0xc5, 0x08, 0x53,
 0x1a, 0x03, 0x00, 0x00, 0x04, 0xf5, 0xc8, 0x09,
 0xcc, 0x0b, 0xc5, 0x09, 0x53, 0x1b, 0x03, 0x00,
 0x00, 0x04, 0xf5, 0xc8, 0x0a, 0xcc, 0x0b, 0xc5,
 0x0a, 0x53, 0x1c, 0x03, 0x00, 0x00, 0x04, 0xf5,
 0xc8, 0x0b, 0xcc, 0x0b, 0xc5, 0x0b, 0x53, 0x1d,
 0x03, 0x00, 0x00, 0x04, 0xf5, 0xc8, 0x0c, 0xcc,
 0x0b, 0xc5, 0x0c, 0x53, 0x1e, 0x03, 0x00, 0x00,
 0x04, 0xf5, 0xc8, 0x0d, 0xcc, 0x0b, 0xc5, 0x0d,
 0x53, 0x1f, 0x03, 0x00, 0x00, 0x04, 0xf5, 0xc8,
 0x0e, 0xcc, 0x0b, 0xc5, 0x0e, 0x53, 0x20, 0x03,
 0x00, 0x00, 0x04, 0xf5, 0xc8, 0x0f, 0xcd, 0xf4,
 0xc8, 0x10, 0xc7, 0x0c, 0xf4, 0xc8, 0x11, 0xc7,
 0x07, 0xf4, 0xc8, 0x12, 0xc7, 0x08, 0xf4, 0xc8,
 0x13, 0xc7, 0x0d, 0xf4, 0xc8, 0x14, 0xc7, 0x0e,
 0xf4, 0xc8, 0x15, 0xc7, 0x09, 0xf4, 0xc8, 0x16,
 0xc7, 0x0f, 0xf4, 0xc8, 0x17, 0xd9, 0xc7, 0x10,
 0x42, 0xf2, 0x00, 0x00, 0x00, 0xc7, 0x10, 0xc7,
 0x10, 0x42, 0x08, 0x01, 0x00, 0x00, 0xc7, 0x10,
 0xc7, 0x11, 0x42, 0x09, 0x01, 0x00, 0x00, 0xc7,
 0x10, 0xc7, 0x12, 0x42, 0x0a, 0x01, 0x00, 0x00,
 0xc7, 0x10, 0xc7, 0x13, 0x42, 0x0b, 0x01, 0x00,
 0x00, 0xc7, 0x10, 0xc7, 0x14, 0x42, 0x0c, 0x01,
 0x00, 0x00, 0xc7, 0x10, 0xc7, 0x15, 0x42, 0x0d,
 0x01, 0x00, 0x00, 0xc7, 0x10, 0xc7, 0x16, 0x42,
 0x0e, 0x01, 0x00, 0x00, 0xc7, 0x10, 0xc7, 0x17,
 0x42, 0x0f, 0x01, 0x00, 0x00, 0xc7, 0x10, 0x0b,
 0xc5, 0x0f, 0x53, 0x0e, 0x01, 0x00, 0x00, 0x04,
 0xc5, 0x10, 0x53, 0x0f, 0x01, 0x00, 0x00, 0x04,
 0x42, 0x21, 0x03, 0x00, 0x00, 0x29, 0xa6, 0x04,
 0x01, 0x01, 0x7e, 0x03, 0x30, 0x00, 0x12, 0x0c,
 0x05, 0x00, 0x0c, 0xa4, 0x01, 0x0a, 0x00, 0x0c,
 0xe4, 0x03, 0x07, 0x00, 0x0d, 0xb2, 0x01, 0x01,
 0x00, 0x0d, 0xc8, 0x01, 0x01, 0x00, 0x0d, 0x32,
 0x14, 0x00, 0x0d, 0xae, 0x07, 0x03, 0x00, 0x0d,
 0xba, 0x01, 0x00, 0x00, 0x0d, 0xb2, 0x01, 0x02,
 0x00, 0x0d, 0xee, 0x02, 0x13, 0x00, 0x0d, 0xf2,
 0x01, 0x16, 0x00, 0x0d, 0xba, 0x0b, 0x02, 0x00,
 0x0d, 0xca, 0x01, 0x04, 0x00, 0x0d, 0x22, 0x13,
 0x00, 0x0d, 0xaa, 0x01, 0x13, 0x17, 0x04, 0x1c,
 0x00, 0x1c, 0x03, 0x1c, 0x06, 0x1c, 0x04, 0x1c,
 0x05, 0x1c, 0x00, 0x1c, 0x1d, 0x07, 0x22, 0x26,
 0x21, 0x0c, 0x20, 0x26, 0x1f, 0x0c, 0x24, 0x26,
 0x23, 0x0c, 0x24, 0x26, 0x23, 0x0c, 0x20, 0x26,
 0x1f, 0x0c, 0x26, 0x26, 0x25, 0x0c, 0x2a, 0x26,
 0x29, 0x0c, 0x24, 0x26, 0x23, 0x0c, 0x24, 0x26,
 0x23, 0x00, 0xc5, 0x00, 0xd3, 0x28, 0xa6, 0x04,
 0x01, 0x01, 0x00, 0x00,
};



const uint32_t t2__core_string_decoder_size = 4043;

const uint8_t t2__core_string_decoder[4043] = {
 0x1b, 0x05, 0x36, 0x6a, 0xe9, 0x41, 0x01, 0x0e,
 0x65, 0x78, 0x70, 0x6f, 0x72, 0x74, 0x73, 0x01,
 0x0e, 0x72, 0x65, 0x71, 0x75, 0x69, 0x72, 0x65,
 0x01, 0x0c, 0x6d, 0x6f, 0x64, 0x75, 0x6c, 0x65,
 0x01, 0x14, 0x5f, 0x5f, 0x66, 0x69, 0x6c, 0x65,
 0x6e, 0x61, 0x6d, 0x65, 0x01, 0x12, 0x5f, 0x5f,
 0x64, 0x69, 0x72, 0x6e, 0x61, 0x6d, 0x65, 0x01,
 0x10, 0x5f, 0x5f, 0x6e, 0x61, 0x74, 0x69, 0x76,
 0x65, 0x01, 0x0c, 0x42, 0x75, 0x66, 0x66, 0x65,
 0x72, 0x01, 0x14, 0x69, 0x73, 0x45, 0x6e, 0x63,
 0x6f, 0x64, 0x69, 0x6e, 0x67, 0x01, 0x24, 0x5f,
 0x6e, 0x6f, 0x72, 0x6d, 0x61, 0x6c, 0x69, 0x7a,
 0x65, 0x45, 0x6e, 0x63, 0x6f, 0x64, 0x69, 0x6e,
 0x67, 0x01, 0x22, 0x6e, 0x6f, 0x72, 0x6d, 0x61,
 0x6c, 0x69, 0x7a, 0x65, 0x45, 0x6e, 0x63, 0x6f,
 0x64, 0x69, 0x6e, 0x67, 0x01, 0x1a, 0x53, 0x74,
 0x72, 0x69, 0x6e, 0x67, 0x44, 0x65, 0x63, 0x6f,
 0x64, 0x65, 0x72, 0x01, 0x1a, 0x75, 0x74, 0x66,
 0x38, 0x43, 0x68, 0x65, 0x63, 0x6b, 0x42, 0x79,
 0x74, 0x65, 0x01, 0x26, 0x75, 0x74, 0x66, 0x38,
 0x43, 0x68, 0x65, 0x63, 0x6b, 0x49, 0x6e, 0x63,
 0x6f, 0x6d, 0x70, 0x6c, 0x65, 0x74, 0x65, 0x01,
 0x26, 0x75, 0x74, 0x66, 0x38, 0x43, 0x68, 0x65,
 0x63, 0x6b, 0x45, 0x78, 0x74, 0x72, 0x61, 0x42,
 0x79, 0x74, 0x65, 0x73, 0x01, 0x18, 0x75, 0x74,
 0x66, 0x38, 0x46, 0x69, 0x6c, 0x6c, 0x4c, 0x61,
 0x73, 0x74, 0x01, 0x10, 0x75, 0x74, 0x66, 0x38,
 0x54, 0x65, 0x78, 0x74, 0x01, 0x0e, 0x75, 0x74,
 0x66, 0x38, 0x45, 0x6e, 0x64, 0x01, 0x12, 0x75,
 0x74, 0x66, 0x31, 0x36, 0x54, 0x65, 0x78, 0x74,
 0x01, 0x10, 0x75, 0x74, 0x66, 0x31, 0x36, 0x45,
 0x6e, 0x64, 0x01, 0x14, 0x62, 0x61, 0x73, 0x65,
 0x36, 0x34, 0x54, 0x65, 0x78, 0x74, 0x01, 0x12,
 0x62, 0x61, 0x73, 0x65, 0x36, 0x34, 0x45, 0x6e,
 0x64, 0x01, 0x16, 0x73, 0x69, 0x6d, 0x70, 0x6c,
 0x65, 0x57, 0x72, 0x69, 0x74, 0x65, 0x01, 0x12,
 0x73, 0x69, 0x6d, 0x70, 0x6c, 0x65, 0x45, 0x6e,
 0x64, 0x01, 0x10, 0x65, 0x6e, 0x63, 0x6f, 0x64,
 0x69, 0x6e, 0x67, 0x01, 0x16, 0x74, 0x6f, 0x4c,
 0x6f, 0x77, 0x65, 0x72, 0x43, 0x61, 0x73, 0x65,
 0x01, 0x06, 0x68, 0x65, 0x78, 0x01, 0x08, 0x75,
 0x74, 0x66, 0x38, 0x01, 0x0a, 0x75, 0x74, 0x66,
 0x2d, 0x38, 0x01, 0x0a, 0x61, 0x73, 0x63, 0x69,
 0x69, 0x01, 0x0c, 0x62, 0x69, 0x6e, 0x61, 0x72,
 0x79, 0x01, 0x0c, 0x62, 0x61, 0x73, 0x65, 0x36,
 0x34, 0x01, 0x08, 0x75, 0x63, 0x73, 0x32, 0x01,
 0x0a, 0x75, 0x63, 0x73, 0x2d, 0x32, 0x01, 0x0e,
 0x75, 0x74, 0x66, 0x31, 0x36, 0x6c, 0x65, 0x01,
 0x10, 0x75, 0x74, 0x66, 0x2d, 0x31, 0x36, 0x6c,
 0x65, 0x01, 0x12, 0x3c, 0x75, 0x6e, 0x6e, 0x61,
 0x6d, 0x65, 0x64, 0x3e, 0x01, 0x06, 0x65, 0x6e,
 0x63, 0x01, 0x0e, 0x72, 0x65, 0x74, 0x72, 0x69,
 0x65, 0x64, 0x01, 0x0c, 0x6c, 0x61, 0x74, 0x69,
 0x6e, 0x31, 0x01, 0x08, 0x6e, 0x65, 0x6e, 0x63,
 0x01, 0x24, 0x55, 0x6e, 0x6b, 0x6e, 0x6f, 0x77,
 0x6e, 0x20, 0x65, 0x6e, 0x63, 0x6f, 0x64, 0x69,
 0x6e, 0x67, 0x3a, 0x20, 0x01, 0x04, 0x6e, 0x62,
 0x01, 0x08, 0x74, 0x65, 0x78, 0x74, 0x01, 0x06,
 0x65, 0x6e, 0x64, 0x01, 0x10, 0x66, 0x69, 0x6c,
 0x6c, 0x4c, 0x61, 0x73, 0x74, 0x01, 0x0a, 0x77,
 0x72, 0x69, 0x74, 0x65, 0x01, 0x10, 0x6c, 0x61,
 0x73, 0x74, 0x4e, 0x65, 0x65, 0x64, 0x01, 0x12,
 0x6c, 0x61, 0x73, 0x74, 0x54, 0x6f, 0x74, 0x61,
 0x6c, 0x01, 0x16, 0x61, 0x6c, 0x6c, 0x6f, 0x63,
 0x55, 0x6e, 0x73, 0x61, 0x66, 0x65, 0x01, 0x10,
 0x6c, 0x61, 0x73, 0x74, 0x43, 0x68, 0x61, 0x72,
 0x01, 0x06, 0x62, 0x75, 0x66, 0x01, 0x02, 0x72,
 0x01, 0x02, 0x69, 0x01, 0x08, 0x63, 0x6f, 0x70,
 0x79, 0x01, 0x08, 0x62, 0x79, 0x74, 0x65, 0x01,
 0x08, 0x73, 0x65, 0x6c, 0x66, 0x01, 0x02, 0x6a,
 0x01, 0x02, 0x70, 0x01, 0x03, 0xfd, 0xff, 0x01,
 0x0a, 0x74, 0x6f, 0x74, 0x61, 0x6c, 0x01, 0x02,
 0x63, 0x01, 0x14, 0x63, 0x68, 0x61, 0x72, 0x43,
 0x6f, 0x64, 0x65, 0x41, 0x74, 0x01, 0x0a, 0x73,
 0x6c, 0x69, 0x63, 0x65, 0x01, 0x02, 0x6e, 0x01,
 0x0c, 0x62, 0x75, 0x66, 0x66, 0x65, 0x72, 0x0c,
 0x00, 0x0a, 0x00, 0xa8, 0x01, 0x00, 0x01, 0x00,
 0x01, 0x00, 0x00, 0x01, 0x04, 0x01, 0xaa, 0x01,
 0x00, 0x00, 0x00, 0x0c, 0x43, 0x0a, 0x01, 0x00,
 0x06, 0x11, 0x06, 0x02, 0x0e, 0x00, 0x12, 0x94,
 0x01, 0x17, 0xe4, 0x03, 0x00, 0x01, 0x00, 0xe6,
 0x03, 0x00, 0x01, 0x00, 0xe8, 0x03, 0x00, 0x01,
 0x00, 0xea, 0x03, 0x00, 0x01, 0x00, 0xec, 0x03,
 0x00, 0x01, 0x00, 0xee, 0x03, 0x00, 0x01, 0x00,
 0xf0, 0x03, 0x00, 0x00, 0x40, 0x01, 0xf2, 0x03,
 0x00, 0x01, 0x40, 0x02, 0xf4, 0x03, 0x00, 0x02,
 0x40, 0x00, 0xf6, 0x03, 0x00, 0x03, 0x40, 0x03,
 0xf8, 0x03, 0x00, 0x04, 0x00, 0xfa, 0x03, 0x00,
 0x05, 0x40, 0x0b, 0xfc, 0x03, 0x00, 0x06, 0x40,
 0x0d, 0xfe, 0x03, 0x00, 0x07, 0x40, 0x0c, 0x80,
 0x04, 0x00, 0x08, 0x40, 0x06, 0x82, 0x04, 0x00,
 0x09, 0x00, 0x84, 0x04, 0x00, 0x0a, 0x00, 0x86,
 0x04, 0x00, 0x0b, 0x40, 0x04, 0x88, 0x04, 0x00,
 0x0c, 0x40, 0x05, 0x8a, 0x04, 0x00, 0x0d, 0x40,
 0x07, 0x8c, 0x04, 0x00, 0x0e, 0x40, 0x08, 0x8e,
 0x04, 0x00, 0x0f, 0x40, 0x09, 0x90, 0x04, 0x00,
 0x10, 0x40, 0x0a, 0x0c, 0x43, 0x0a, 0x01, 0x00,
 0x01, 0x00, 0x01, 0x03, 0x00, 0x00, 0x00, 0x78,
 0x01, 0x92, 0x04, 0x00, 0x01, 0x00, 0xc6, 0xd7,
 0x9c, 0xdf, 0x11, 0xf0, 0x0b, 0x0e, 0xd7, 0x41,
 0x0a, 0x01, 0x00, 0x00, 0x24, 0x00, 0x00, 0x11,
 0x04, 0x0b, 0x01, 0x00, 0x00, 0xad, 0xf1, 0x5b,
 0x11, 0x04, 0x0c, 0x01, 0x00, 0x00, 0xad, 0xf1,
 0x52, 0x11, 0x04, 0x0d, 0x01, 0x00, 0x00, 0xad,
 0xf1, 0x49, 0x11, 0x04, 0x0e, 0x01, 0x00, 0x00,
 0xad, 0xf1, 0x40, 0x11, 0x04, 0x0f, 0x01, 0x00,
 0x00, 0xad, 0xf1, 0x37, 0x11, 0x04, 0x10, 0x01,
 0x00, 0x00, 0xad, 0xf1, 0x2e, 0x11, 0x04, 0x11,
 0x01, 0x00, 0x00, 0xad, 0xf1, 0x25, 0x11, 0x04,
 0x12, 0x01, 0x00, 0x00, 0xad, 0xf1, 0x1c, 0x11,
 0x04, 0x13, 0x01, 0x00, 0x00, 0xad, 0xf1, 0x13,
 0x11, 0x04, 0x14, 0x01, 0x00, 0x00, 0xad, 0xf1,
 0x0a, 0x11, 0x04, 0x78, 0x00, 0x00, 0x00, 0xad,
 0xf0, 0x03, 0x0a, 0x28, 0x09, 0x28, 0xaa, 0x04,
 0x2a, 0x27, 0x0a, 0x03, 0x47, 0x07, 0x20, 0x12,
 0x00, 0x16, 0x08, 0x20, 0x12, 0x00, 0x0c, 0x43,
 0x0a, 0x01, 0xf4, 0x03, 0x01, 0x01, 0x01, 0x03,
 0x00, 0x00, 0x00, 0x98, 0x01, 0x02, 0xac, 0x04,
 0x00, 0x01, 0x00, 0xae, 0x04, 0x00, 0x00, 0x00,
 0xd7, 0x95, 0xf0, 0x07, 0x04, 0x0c, 0x01, 0x00,
 0x00, 0x28, 0xd7, 0x11, 0x04, 0x0c, 0x01, 0x00,
 0x00, 0xad, 0xf1, 0x0a, 0x11, 0x04, 0x0d, 0x01,
 0x00, 0x00, 0xad, 0xf0, 0x07, 0x04, 0x0c, 0x01,
 0x00, 0x00, 0x28, 0x11, 0x04, 0x11, 0x01, 0x00,
 0x00, 0xad, 0xf1, 0x1c, 0x11, 0x04, 0x12, 0x01,
 0x00, 0x00, 0xad, 0xf1, 0x13, 0x11, 0x04, 0x13,
 0x01, 0x00, 0x00, 0xad, 0xf1, 0x0a, 0x11, 0x04,
 0x14, 0x01, 0x00, 0x00, 0xad, 0xf0, 0x07, 0x04,
 0x13, 0x01, 0x00, 0x00, 0x28, 0x11, 0x04, 0x18,
 0x01, 0x00, 0x00, 0xad, 0xf1, 0x0a, 0x11, 0x04,
 0x0f, 0x01, 0x00, 0x00, 0xad, 0xf0, 0x07, 0x04,
 0x18, 0x01, 0x00, 0x00, 0x28, 0x11, 0x04, 0x10,
 0x01, 0x00, 0x00, 0xad, 0xf1, 0x13, 0x11, 0x04,
 0x0e, 0x01, 0x00, 0x00, 0xad, 0xf1, 0x0a, 0x11,
 0x04, 0x0b, 0x01, 0x00, 0x00, 0xad, 0xf0, 0x03,
 0xd7, 0x28, 0xcb, 0xf0, 0x02, 0x29, 0xc6, 0xd7,
 0x9c, 0x41, 0x0a, 0x01, 0x00, 0x00, 0x24, 0x00,
 0x00, 0xdb, 0x0a, 0xcf, 0x0e, 0xf3, 0x74, 0xff,
 0xaa, 0x04, 0x34, 0x01, 0x12, 0x03, 0x0e, 0x37,
 0x0a, 0x00, 0x76, 0x1e, 0x06, 0x0e, 0x05, 0x17,
 0x07, 0x07, 0x18, 0x25, 0x0a, 0x17, 0x21, 0x00,
 0x0c, 0x43, 0x0a, 0x01, 0xf6, 0x03, 0x01, 0x01,
 0x01, 0x04, 0x00, 0x03, 0x00, 0x37, 0x02, 0xac,
 0x04, 0x00, 0x01, 0x00, 0xb2, 0x04, 0x00, 0x00,
 0x00, 0xf4, 0x03, 0x02, 0x00, 0xf0, 0x03, 0x00,
 0x00, 0xf2, 0x03, 0x01, 0x00, 0xe3, 0xd7, 0xf5,
 0xd3, 0x96, 0x04, 0x4c, 0x00, 0x00, 0x00, 0xae,
 0xf0, 0x24, 0xe4, 0x40, 0xf9, 0x00, 0x00, 0x00,
 0xe5, 0xad, 0x11, 0xf1, 0x06, 0x0e, 0xe5, 0xd7,
 0xf5, 0x95, 0xf0, 0x12, 0x38, 0xa0, 0x00, 0x00,
 0x00, 0x11, 0x04, 0x1a, 0x01, 0x00, 0x00, 0xd7,
 0x9c, 0x21, 0x01, 0x00, 0x30, 0xcb, 0x11, 0xf1,
 0x03, 0x0e, 0xd7, 0x28, 0xaa, 0x04, 0x52, 0x01,
 0x19, 0x03, 0x1a, 0x07, 0x26, 0x0d, 0x25, 0x07,
 0x12, 0x2f, 0x1a, 0x20, 0x2c, 0x20, 0x1e, 0x07,
 0x16, 0x1b, 0x22, 0x39, 0x3a, 0x21, 0xef, 0x01,
 0x1b, 0x10, 0x00, 0x0c, 0x43, 0x0a, 0x01, 0xf8,
 0x03, 0x01, 0x02, 0x01, 0x04, 0x00, 0x09, 0x00,
 0x94, 0x01, 0x03, 0x92, 0x04, 0x00, 0x01, 0x00,
 0xb6, 0x04, 0x00, 0x00, 0x00, 0x10, 0x00, 0x01,
 0x00, 0xf6, 0x03, 0x03, 0x00, 0x86, 0x04, 0x0b,
 0x00, 0x88, 0x04, 0x0c, 0x00, 0x80, 0x04, 0x08,
 0x00, 0x8a, 0x04, 0x0d, 0x00, 0x8c, 0x04, 0x0e,
 0x00, 0x8e, 0x04, 0x0f, 0x00, 0x90, 0x04, 0x10,
 0x00, 0xf0, 0x03, 0x00, 0x00, 0x08, 0xd0, 0xcc,
 0xe3, 0xd7, 0xf5, 0x42, 0x09, 0x01, 0x00, 0x00,
 0xcc, 0x40, 0x09, 0x01, 0x00, 0x00, 0x11, 0x04,
 0x13, 0x01, 0x00, 0x00, 0xad, 0xf0, 0x13, 0xcc,
 0xe4, 0x42, 0x1c, 0x01, 0x00, 0x00, 0xcc, 0xe5,
 0x42, 0x1d, 0x01, 0x00, 0x00, 0xbe, 0xcf, 0xf2,
 0x47, 0x11, 0x04, 0x0c, 0x01, 0x00, 0x00, 0xad,
 0xf0, 0x0c, 0xcc, 0xe6, 0x42, 0x1e, 0x01, 0x00,
 0x00, 0xbe, 0xcf, 0xf2, 0x33, 0x11, 0x04, 0x10,
 0x01, 0x00, 0x00, 0xad, 0xf0, 0x17, 0xcc, 0x5d,
 0x04, 0x00, 0x42, 0x1c, 0x01, 0x00, 0x00, 0xcc,
 0x5d, 0x05, 0x00, 0x42, 0x1d, 0x01, 0x00, 0x00,
 0xbd, 0xcf, 0xf2, 0x14, 0xcc, 0x5d, 0x06, 0x00,
 0x42, 0x1f, 0x01, 0x00, 0x00, 0xcc, 0x5d, 0x07,
 0x00, 0x42, 0x1d, 0x01, 0x00, 0x00, 0x29, 0x0e,
 0xcc, 0xba, 0x42, 0x20, 0x01, 0x00, 0x00, 0xcc,
 0xba, 0x42, 0x21, 0x01, 0x00, 0x00, 0xcc, 0x5d,
 0x08, 0x00, 0x41, 0x22, 0x01, 0x00, 0x00, 0xcb,
 0x24, 0x01, 0x00, 0x42, 0x23, 0x01, 0x00, 0x00,
 0x29, 0xaa, 0x04, 0x5c, 0x01, 0x34, 0x0d, 0x04,
 0x07, 0x20, 0x07, 0x24, 0x00, 0x16, 0x08, 0x3b,
 0x07, 0x18, 0x21, 0x17, 0x07, 0x16, 0x21, 0x15,
 0x46, 0x00, 0x07, 0x20, 0x21, 0x1f, 0x46, 0x00,
 0x07, 0x18, 0x2b, 0x17, 0x07, 0x16, 0x2b, 0x15,
 0x19, 0x00, 0x07, 0x1a, 0x2b, 0x19, 0x07, 0x16,
 0x37, 0x1d, 0x26, 0x00, 0x26, 0x00, 0x07, 0x20,
 0x2a, 0x26, 0x00, 0x0c, 0x43, 0x0a, 0x01, 0x00,
 0x01, 0x03, 0x01, 0x05, 0x00, 0x00, 0x00, 0x63,
 0x04, 0xc8, 0x04, 0x00, 0x01, 0x00, 0xca, 0x04,
 0x00, 0x00, 0x00, 0xcc, 0x04, 0x00, 0x01, 0x00,
 0x10, 0x00, 0x01, 0x00, 0x08, 0xd1, 0xd7, 0xef,
 0xba, 0xad, 0xf0, 0x03, 0xc6, 0x28, 0xcd, 0x40,
 0x20, 0x01, 0x00, 0x00, 0xf0, 0x26, 0xcd, 0x41,
 0x1e, 0x01, 0x00, 0x00, 0xd7, 0x24, 0x01, 0x00,
 0xd3, 0x38, 0x49, 0x00, 0x00, 0x00, 0xad, 0xf0,
 0x03, 0xc6, 0x28, 0xcd, 0x40, 0x20, 0x01, 0x00,
 0x00, 0xd0, 0xcd, 0xba, 0x42, 0x20, 0x01, 0x00,
 0x00, 0xf2, 0x03, 0xba, 0xd0, 0xcc, 0xd7, 0xef,
 0xa5, 0xf0, 0x1e, 0xcb, 0xf0, 0x0f, 0xcb, 0xcd,
 0x41, 0x1c, 0x01, 0x00, 0x00, 0xd7, 0xcc, 0x24,
 0x02, 0x00, 0x9c, 0x28, 0xcd, 0x41, 0x1c, 0x01,
 0x00, 0x00, 0xd7, 0xcc, 0x24, 0x02, 0x00, 0x28,
 0xcb, 0x11, 0xf1, 0x03, 0x0e, 0xc6, 0x28, 0xaa,
 0x04, 0x78, 0x21, 0x26, 0x0d, 0x33, 0x0c, 0x1e,
 0x00, 0x0e, 0x08, 0x21, 0x20, 0x24, 0x1c, 0x0f,
 0x35, 0x13, 0x26, 0x00, 0x31, 0x00, 0x0e, 0x04,
 0x07, 0x08, 0x1b, 0x26, 0x11, 0x08, 0x07, 0x08,
 0x20, 0x14, 0x07, 0x0a, 0x3e, 0x1e, 0x07, 0x0a,
 0x1c, 0x7d, 0x00, 0x0c, 0x43, 0x0a, 0x01, 0x00,
 0x01, 0x01, 0x01, 0x06, 0x00, 0x00, 0x00, 0x7b,
 0x02, 0xc8, 0x04, 0x00, 0x01, 0x00, 0x10, 0x00,
 0x01, 0x00, 0x08, 0xcf, 0xcb, 0x40, 0x20, 0x01,
 0x00, 0x00, 0xd7, 0xef, 0xa6, 0xf0, 0x40, 0xd7,
 0x41, 0x27, 0x01, 0x00, 0x00, 0xcb, 0x40, 0x23,
 0x01, 0x00, 0x00, 0xcb, 0x40, 0x21, 0x01, 0x00,
 0x00, 0xcb, 0x40, 0x20, 0x01, 0x00, 0x00, 0x9d,
 0xba, 0xcb, 0x40, 0x20, 0x01, 0x00, 0x00, 0x24,
 0x04, 0x00, 0x0e, 0xcb, 0x40, 0x23, 0x01, 0x00,
 0x00, 0x41, 0x3b, 0x00, 0x00, 0x00, 0xcb, 0x40,
 0x09, 0x01, 0x00, 0x00, 0xba, 0xcb, 0x40, 0x21,
 0x01, 0x00, 0x00, 0x25, 0x03, 0x00, 0xd7, 0x41,
 0x27, 0x01, 0x00, 0x00, 0xcb, 0x40, 0x23, 0x01,
 0x00, 0x00, 0xcb, 0x40, 0x21, 0x01, 0x00, 0x00,
 0xcb, 0x40, 0x20, 0x01, 0x00, 0x00, 0x9d, 0xba,
 0xd7, 0xef, 0x24, 0x04, 0x00, 0x0e, 0xcb, 0x41,
 0x20, 0x01, 0x00, 0x00, 0xd7, 0xef, 0x9d, 0x42,
 0x20, 0x01, 0x00, 0x00, 0x29, 0xaa, 0x04, 0x8e,
 0x01, 0x24, 0x16, 0x2b, 0x17, 0x1c, 0x25, 0x20,
 0x12, 0x3e, 0x40, 0x94, 0x15, 0x54, 0x3f, 0x20,
 0x12, 0x3e, 0x40, 0x2a, 0x24, 0x21, 0x75, 0x20,
 0x22, 0x00, 0x0c, 0x43, 0x0a, 0x01, 0xfa, 0x03,
 0x01, 0x00, 0x01, 0x02, 0x00, 0x00, 0x00, 0x31,
 0x01, 0xd0, 0x04, 0x00, 0x01, 0x00, 0xd7, 0xc2,
 0x7f, 0xa6, 0xf0, 0x03, 0xba, 0x28, 0xd7, 0xbf,
 0x9f, 0xc0, 0xad, 0xf0, 0x03, 0xbc, 0x28, 0xd7,
 0xbe, 0x9f, 0xc2, 0x0e, 0xad, 0xf0, 0x03, 0xbd,
 0x28, 0xd7, 0xbd, 0x9f, 0xc2, 0x1e, 0xad, 0xf0,
 0x03, 0xbe, 0x28, 0xd7, 0xc0, 0x9f, 0xbc, 0xad,
 0xf0, 0x03, 0xb9, 0x28, 0xc2, 0xfe, 0x28, 0xaa,
 0x04, 0x99, 0x01, 0x01, 0x1d, 0x03, 0x0c, 0x07,
 0x10, 0x25, 0x30, 0x07, 0x10, 0x0c, 0x0c, 0x20,
 0x30, 0x07, 0x10, 0x0c, 0x0c, 0x25, 0x30, 0x07,
 0x10, 0x0c, 0x0c, 0x26, 0xed, 0x01, 0x07, 0x10,
 0x0c, 0x0c, 0x00, 0x0c, 0x43, 0x0a, 0x01, 0xfc,
 0x03, 0x03, 0x02, 0x03, 0x03, 0x00, 0x01, 0x00,
 0x86, 0x01, 0x05, 0xd2, 0x04, 0x00, 0x01, 0x00,
 0xc8, 0x04, 0x00, 0x01, 0x00, 0xcc, 0x04, 0x00,
 0x01, 0x00, 0xd4, 0x04, 0x00, 0x00, 0x00, 0xb6,
 0x04, 0x00, 0x01, 0x00, 0xfa, 0x03, 0x05, 0x00,
 0xd8, 0xef, 0xbb, 0x9d, 0xd3, 0xd9, 0xa5, 0xf0,
 0x03, 0xba, 0x28, 0xe3, 0xd8, 0xcb, 0x46, 0xf5,
 0xd4, 0xba, 0xa8, 0xf0, 0x11, 0xcc, 0xba, 0xa7,
 0xf0, 0x0a, 0xd7, 0xcc, 0xbb, 0x9d, 0x42, 0x20,
 0x01, 0x00, 0x00, 0xcc, 0x28, 0xcb, 0x8d, 0xd3,
 0xd9, 0xa5, 0x11, 0xf1, 0x06, 0x0e, 0xcc, 0xc2,
 0xfe, 0xad, 0xf0, 0x03, 0xba, 0x28, 0xe3, 0xd8,
 0xcb, 0x46, 0xf5, 0xd4, 0xba, 0xa8, 0xf0, 0x11,
 0xcc, 0xba, 0xa7, 0xf0, 0x0a, 0xd7, 0xcc, 0xbc,
 0x9d, 0x42, 0x20, 0x01, 0x00, 0x00, 0xcc, 0x28,
 0xcb, 0x8d, 0xd3, 0xd9, 0xa5, 0x11, 0xf1, 0x06,
 0x0e, 0xcc, 0xc2, 0xfe, 0xad, 0xf0, 0x03, 0xba,
 0x28, 0xe3, 0xd8, 0xcb, 0x46, 0xf5, 0xd4, 0xba,
 0xa8, 0xf0, 0x1a, 0xcc, 0xba, 0xa7, 0xf0, 0x13,
 0xcc, 0xbc, 0xad, 0xf0, 0x05, 0xba, 0xd0, 0xf2,
 0x0a, 0xd7, 0xcc, 0xbd, 0x9d, 0x42, 0x20, 0x01,
 0x00, 0x00, 0xcc, 0x28, 0xba, 0x28, 0xaa, 0x04,
 0xa1, 0x01, 0x01, 0x5c, 0x03, 0x14, 0x0c, 0x1a,
 0x0d, 0x21, 0x07, 0x08, 0x21, 0x02, 0x07, 0x1c,
 0x07, 0x08, 0x12, 0x2d, 0x07, 0x0c, 0x17, 0x07,
 0x07, 0x0a, 0x16, 0x06, 0x07, 0x20, 0x07, 0x0a,
 0x26, 0x33, 0x0e, 0x05, 0x11, 0x08, 0x20, 0x0a,
 0x07, 0x0e, 0x26, 0x21, 0x07, 0x1c, 0x07, 0x08,
 0x17, 0x19, 0x17, 0x07, 0x07, 0x0a, 0x16, 0x06,
 0x07, 0x20, 0x07, 0x0a, 0x26, 0x33, 0x0e, 0x05,
 0x11, 0x08, 0x20, 0x0a, 0x07, 0x0e, 0x26, 0x21,
 0x07, 0x1c, 0x07, 0x08, 0x17, 0x19, 0x17, 0x07,
 0x07, 0x0a, 0x17, 0x05, 0x07, 0x0e, 0x16, 0x06,
 0x16, 0x18, 0x07, 0x20, 0x07, 0x0a, 0x27, 0x53,
 0x00, 0x0c, 0x43, 0x0a, 0x01, 0xfe, 0x03, 0x03,
 0x00, 0x03, 0x02, 0x00, 0x00, 0x00, 0x6f, 0x03,
 0xd2, 0x04, 0x00, 0x01, 0x00, 0xc8, 0x04, 0x00,
 0x01, 0x00, 0xd6, 0x04, 0x00, 0x01, 0x00, 0xd8,
 0xba, 0x46, 0xc3, 0xc0, 0x00, 0xa1, 0xc3, 0x80,
 0x00, 0xae, 0xf0, 0x0e, 0xd7, 0xba, 0x42, 0x20,
 0x01, 0x00, 0x00, 0x04, 0x2c, 0x01, 0x00, 0x00,
 0x28, 0xd7, 0x40, 0x20, 0x01, 0x00, 0x00, 0xbb,
 0xa7, 0xf0, 0x4b, 0xd8, 0xef, 0xbb, 0xa7, 0xf0,
 0x45, 0xd8, 0xbb, 0x46, 0xc3, 0xc0, 0x00, 0xa1,
 0xc3, 0x80, 0x00, 0xae, 0xf0, 0x0e, 0xd7, 0xbb,
 0x42, 0x20, 0x01, 0x00, 0x00, 0x04, 0x2c, 0x01,
 0x00, 0x00, 0x28, 0xd7, 0x40, 0x20, 0x01, 0x00,
 0x00, 0xbc, 0xa7, 0xf0, 0x21, 0xd8, 0xef, 0xbc,
 0xa7, 0xf0, 0x1b, 0xd8, 0xbc, 0x46, 0xc3, 0xc0,
 0x00, 0xa1, 0xc3, 0x80, 0x00, 0xae, 0xf0, 0x0e,
 0xd7, 0xbc, 0x42, 0x20, 0x01, 0x00, 0x00, 0x04,
 0x2c, 0x01, 0x00, 0x00, 0x28, 0x29, 0xaa, 0x04,
 0xc2, 0x01, 0x01, 0x28, 0x03, 0x0e, 0x11, 0x12,
 0x16, 0x14, 0x21, 0x2b, 0x46, 0x04, 0x20, 0x20,
 0x16, 0x0a, 0x0c, 0x1a, 0x17, 0x3d, 0x11, 0x12,
 0x16, 0x14, 0x21, 0x2b, 0x46, 0x04, 0x20, 0x20,
 0x16, 0x0a, 0x0c, 0x1a, 0x17, 0x3d, 0x11, 0x12,
 0x16, 0x14, 0x21, 0x2b, 0x00, 0x0c, 0x43, 0x0a,
 0x01, 0x80, 0x04, 0x01, 0x03, 0x01, 0x06, 0x00,
 0x01, 0x00, 0x81, 0x01, 0x04, 0xc8, 0x04, 0x00,
 0x01, 0x00, 0xd6, 0x04, 0x00, 0x00, 0x00, 0xca,
 0x04, 0x00, 0x01, 0x00, 0x10, 0x00, 0x01, 0x00,
 0xfe, 0x03, 0x07, 0x00, 0x08, 0xd1, 0xcd, 0x40,
 0x21, 0x01, 0x00, 0x00, 0xcd, 0x40, 0x20, 0x01,
 0x00, 0x00, 0x9d, 0xcf, 0xe3, 0xcd, 0xd7, 0xcb,
 0xf7, 0xd4, 0x38, 0x49, 0x00, 0x00, 0x00, 0xae,
 0xf0, 0x03, 0xcc, 0x28, 0xcd, 0x40, 0x20, 0x01,
 0x00, 0x00, 0xd7, 0xef, 0xa6, 0xf0, 0x34, 0xd7,
 0x41, 0x27, 0x01, 0x00, 0x00, 0xcd, 0x40, 0x23,
 0x01, 0x00, 0x00, 0xcb, 0xba, 0xcd, 0x40, 0x20,
 0x01, 0x00, 0x00, 0x24, 0x04, 0x00, 0x0e, 0xcd,
 0x40, 0x23, 0x01, 0x00, 0x00, 0x41, 0x3b, 0x00,
 0x00, 0x00, 0xcd, 0x40, 0x09, 0x01, 0x00, 0x00,
 0xba, 0xcd, 0x40, 0x21, 0x01, 0x00, 0x00, 0x25,
 0x03, 0x00, 0xd7, 0x41, 0x27, 0x01, 0x00, 0x00,
 0xcd, 0x40, 0x23, 0x01, 0x00, 0x00, 0xcb, 0xba,
 0xd7, 0xef, 0x24, 0x04, 0x00, 0x0e, 0xcd, 0x41,
 0x20, 0x01, 0x00, 0x00, 0xd7, 0xef, 0x9d, 0x42,
 0x20, 0x01, 0x00, 0x00, 0x29, 0xaa, 0x04, 0xd6,
 0x01, 0x01, 0x26, 0x2b, 0x36, 0x2b, 0x21, 0x07,
 0x28, 0x07, 0x0c, 0x07, 0x0a, 0x0d, 0x45, 0x07,
 0x0c, 0x2a, 0x24, 0x2b, 0x0d, 0x1c, 0x25, 0x20,
 0x12, 0x20, 0x1e, 0x76, 0x0c, 0x54, 0x3f, 0x20,
 0x12, 0x20, 0x1e, 0x0c, 0x0c, 0x21, 0x3b, 0x20,
 0x22, 0x00, 0x0c, 0x43, 0x0a, 0x01, 0x82, 0x04,
 0x02, 0x03, 0x02, 0x05, 0x00, 0x01, 0x00, 0x55,
 0x05, 0xc8, 0x04, 0x00, 0x01, 0x00, 0xcc, 0x04,
 0x00, 0x01, 0x00, 0xda, 0x04, 0x00, 0x00, 0x00,
 0xba, 0x04, 0x00, 0x01, 0x00, 0x10, 0x00, 0x01,
 0x00, 0xfc, 0x03, 0x06, 0x00, 0x08, 0xd1, 0xe3,
 0xcd, 0xd7, 0xd8, 0xf7, 0xcf, 0xcd, 0x40, 0x20,
 0x01, 0x00, 0x00, 0x95, 0xf0, 0x10, 0xd7, 0x41,
 0x3b, 0x00, 0x00, 0x00, 0x04, 0x0c, 0x01, 0x00,
 0x00, 0xd8, 0x25, 0x02, 0x00, 0xcd, 0xcb, 0x42,
 0x21, 0x01, 0x00, 0x00, 0xd7, 0xef, 0xcb, 0xcd,
 0x40, 0x20, 0x01, 0x00, 0x00, 0x9d, 0x9d, 0xd0,
 0xd7, 0x41, 0x27, 0x01, 0x00, 0x00, 0xcd, 0x40,
 0x23, 0x01, 0x00, 0x00, 0xba, 0xcc, 0x24, 0x03,
 0x00, 0x0e, 0xd7, 0x41, 0x3b, 0x00, 0x00, 0x00,
 0x04, 0x0c, 0x01, 0x00, 0x00, 0xd8, 0xcc, 0x25,
 0x03, 0x00, 0xaa, 0x04, 0xe5, 0x01, 0x01, 0x26,
 0x0d, 0x1c, 0x07, 0x28, 0x07, 0x0c, 0x07, 0x0a,
 0x3f, 0x1f, 0x20, 0x08, 0x1b, 0x22, 0x17, 0x5f,
 0x07, 0x22, 0x21, 0x0d, 0x0c, 0x1c, 0x07, 0x10,
 0x30, 0x3f, 0x20, 0x12, 0x25, 0x24, 0x1c, 0x27,
 0x20, 0x08, 0x1b, 0x22, 0x07, 0x06, 0x00, 0x0c,
 0x43, 0x0a, 0x01, 0x84, 0x04, 0x01, 0x02, 0x01,
 0x03, 0x00, 0x00, 0x00, 0x29, 0x03, 0xc8, 0x04,
 0x00, 0x01, 0x00, 0xca, 0x04, 0x00, 0x00, 0x00,
 0x10, 0x00, 0x01, 0x00, 0x08, 0xd0, 0xd7, 0xf0,
 0x11, 0xd7, 0xef, 0xf0, 0x0d, 0xcc, 0x41, 0x1f,
 0x01, 0x00, 0x00, 0xd7, 0x24, 0x01, 0x00, 0xf2,
 0x02, 0xc6, 0xcf, 0xcc, 0x40, 0x20, 0x01, 0x00,
 0x00, 0xf0, 0x09, 0xcb, 0x04, 0x2c, 0x01, 0x00,
 0x00, 0x9c, 0x28, 0xcb, 0x28, 0xaa, 0x04, 0xf0,
 0x01, 0x01, 0x0c, 0x0d, 0x14, 0x11, 0x0e, 0x34,
 0x30, 0x53, 0x19, 0x07, 0x08, 0x26, 0x2d, 0x00,
 0x0c, 0x43, 0x0a, 0x01, 0x86, 0x04, 0x02, 0x03,
 0x02, 0x06, 0x00, 0x00, 0x00, 0xca, 0x01, 0x05,
 0xc8, 0x04, 0x00, 0x01, 0x00, 0xcc, 0x04, 0x00,
 0x01, 0x00, 0xca, 0x04, 0x00, 0x00, 0x00, 0xdc,
 0x04, 0x00, 0x01, 0x00, 0x10, 0x00, 0x01, 0x00,
 0x08, 0xd1, 0xd7, 0xef, 0xd8, 0x9d, 0xbc, 0x9b,
 0xba, 0xad, 0x68, 0x84, 0x00, 0x00, 0x00, 0xd7,
 0x41, 0x3b, 0x00, 0x00, 0x00, 0x04, 0x13, 0x01,
 0x00, 0x00, 0xd8, 0x24, 0x02, 0x00, 0xd3, 0xf0,
 0x6d, 0xcb, 0x41, 0x2f, 0x01, 0x00, 0x00, 0xcb,
 0xef, 0xbb, 0x9d, 0x24, 0x01, 0x00, 0xd4, 0x01,
 0x00, 0xd8, 0x00, 0x00, 0xa8, 0xf0, 0x57, 0xcc,
 0x01, 0xff, 0xdb, 0x00, 0x00, 0xa6, 0xf0, 0x4e,
 0xcd, 0xbc, 0x42, 0x20, 0x01, 0x00, 0x00, 0xcd,
 0xbe, 0x42, 0x21, 0x01, 0x00, 0x00, 0xcd, 0x40,
 0x23, 0x01, 0x00, 0x00, 0xba, 0x1b, 0x11, 0xaf,
 0xf1, 0x04, 0x1b, 0x71, 0x1b, 0x1b, 0xd7, 0xd7,
 0xef, 0xbc, 0x9d, 0x46, 0x1b, 0x71, 0x1b, 0x48,
 0xcd, 0x40, 0x23, 0x01, 0x00, 0x00, 0xbb, 0x1b,
 0x11, 0xaf, 0xf1, 0x04, 0x1b, 0x71, 0x1b, 0x1b,
 0xd7, 0xd7, 0xef, 0xbb, 0x9d, 0x46, 0x1b, 0x71,
 0x1b, 0x48, 0xcb, 0x41, 0x30, 0x01, 0x00, 0x00,
 0xba, 0xb9, 0x25, 0x02, 0x00, 0xcb, 0x28, 0xcd,
 0xbb, 0x42, 0x20, 0x01, 0x00, 0x00, 0xcd, 0xbc,
 0x42, 0x21, 0x01, 0x00, 0x00, 0xcd, 0x40, 0x23,
 0x01, 0x00, 0x00, 0xba, 0x1b, 0x11, 0xaf, 0xf1,
 0x04, 0x1b, 0x71, 0x1b, 0x1b, 0xd7, 0xd7, 0xef,
 0xbb, 0x9d, 0x46, 0x1b, 0x71, 0x1b, 0x48, 0xd7,
 0x41, 0x3b, 0x00, 0x00, 0x00, 0x04, 0x13, 0x01,
 0x00, 0x00, 0xd8, 0xd7, 0xef, 0xbb, 0x9d, 0x25,
 0x03, 0x00, 0xaa, 0x04, 0xfa, 0x01, 0x01, 0x4e,
 0x0d, 0x0e, 0x0c, 0x1a, 0x0c, 0x0a, 0x0c, 0x0c,
 0x26, 0x25, 0x20, 0x08, 0x1b, 0x28, 0x17, 0x37,
 0x12, 0x0c, 0x20, 0x1a, 0x0c, 0x16, 0x1c, 0x37,
 0x07, 0x0a, 0x2a, 0x14, 0x07, 0x0a, 0x2b, 0x2b,
 0x26, 0x00, 0x26, 0x00, 0x52, 0x26, 0x07, 0x08,
 0x0c, 0x1a, 0x26, 0x47, 0x52, 0x26, 0x07, 0x08,
 0x0c, 0x1a, 0x26, 0x39, 0x20, 0x04, 0x1e, 0x0b,
 0x0e, 0x11, 0x26, 0x00, 0x26, 0x00, 0x52, 0x26,
 0x07, 0x08, 0x0c, 0x1a, 0x26, 0x39, 0x20, 0x08,
 0x1b, 0x28, 0x07, 0x06, 0x0c, 0x1a, 0x00, 0x0c,
 0x43, 0x0a, 0x01, 0x88, 0x04, 0x01, 0x03, 0x01,
 0x06, 0x00, 0x00, 0x00, 0x47, 0x04, 0xc8, 0x04,
 0x00, 0x01, 0x00, 0xca, 0x04, 0x00, 0x00, 0x00,
 0xba, 0x04, 0x00, 0x01, 0x00, 0x10, 0x00, 0x01,
 0x00, 0x08, 0xd1, 0xd7, 0xf0, 0x11, 0xd7, 0xef,
 0xf0, 0x0d, 0xcd, 0x41, 0x1f, 0x01, 0x00, 0x00,
 0xd7, 0x24, 0x01, 0x00, 0xf2, 0x02, 0xc6, 0xcf,
 0xcd, 0x40, 0x20, 0x01, 0x00, 0x00, 0xf0, 0x27,
 0xcd, 0x40, 0x21, 0x01, 0x00, 0x00, 0xcd, 0x40,
 0x20, 0x01, 0x00, 0x00, 0x9d, 0xd0, 0xcb, 0xcd,
 0x40, 0x23, 0x01, 0x00, 0x00, 0x41, 0x3b, 0x00,
 0x00, 0x00, 0x04, 0x13, 0x01, 0x00, 0x00, 0xba,
 0xcc, 0x24, 0x03, 0x00, 0x9c, 0x28, 0xcb, 0x28,
 0xaa, 0x04, 0x91, 0x02, 0x01, 0x12, 0x0d, 0x14,
 0x11, 0x0e, 0x34, 0x30, 0x72, 0x13, 0x2b, 0x27,
 0x07, 0x08, 0x39, 0x1c, 0x20, 0x2e, 0x22, 0x55,
 0x00, 0x0c, 0x43, 0x0a, 0x01, 0x8a, 0x04, 0x02,
 0x02, 0x02, 0x06, 0x00, 0x00, 0x00, 0x94, 0x01,
 0x04, 0xc8, 0x04, 0x00, 0x01, 0x00, 0xcc, 0x04,
 0x00, 0x01, 0x00, 0xe2, 0x04, 0x00, 0x00, 0x00,
 0x10, 0x00, 0x01, 0x00, 0x08, 0xd0, 0xd7, 0xef,
 0xd8, 0x9d, 0xbd, 0x9b, 0xd3, 0xba, 0xad, 0xf0,
 0x10, 0xd7, 0x41, 0x3b, 0x00, 0x00, 0x00, 0x04,
 0x10, 0x01, 0x00, 0x00, 0xd8, 0x25, 0x02, 0x00,
 0xcc, 0xbd, 0xcb, 0x9d, 0x42, 0x20, 0x01, 0x00,
 0x00, 0xcc, 0xbd, 0x42, 0x21, 0x01, 0x00, 0x00,
 0xcb, 0xbb, 0xad, 0xf0, 0x1d, 0xcc, 0x40, 0x23,
 0x01, 0x00, 0x00, 0xba, 0x1b, 0x11, 0xaf, 0xf1,
 0x04, 0x1b, 0x71, 0x1b, 0x1b, 0xd7, 0xd7, 0xef,
 0xbb, 0x9d, 0x46, 0x1b, 0x71, 0x1b, 0x48, 0xf2,
 0x35, 0xcc, 0x40, 0x23, 0x01, 0x00, 0x00, 0xba,
 0x1b, 0x11, 0xaf, 0xf1, 0x04, 0x1b, 0x71, 0x1b,
 0x1b, 0xd7, 0xd7, 0xef, 0xbc, 0x9d, 0x46, 0x1b,
 0x71, 0x1b, 0x48, 0xcc, 0x40, 0x23, 0x01, 0x00,
 0x00, 0xbb, 0x1b, 0x11, 0xaf, 0xf1, 0x04, 0x1b,
 0x71, 0x1b, 0x1b, 0xd7, 0xd7, 0xef, 0xbb, 0x9d,
 0x46, 0x1b, 0x71, 0x1b, 0x48, 0xd7, 0x41, 0x3b,
 0x00, 0x00, 0x00, 0x04, 0x10, 0x01, 0x00, 0x00,
 0xd8, 0xd7, 0xef, 0xcb, 0x9d, 0x25, 0x03, 0x00,
 0xaa, 0x04, 0x9a, 0x02, 0x01, 0x3c, 0x0d, 0x16,
 0x0c, 0x1a, 0x0c, 0x0a, 0x0d, 0x2d, 0x07, 0x0c,
 0x16, 0x14, 0x20, 0x08, 0x1b, 0x26, 0x17, 0x55,
 0x0c, 0x28, 0x26, 0x27, 0x26, 0x08, 0x07, 0x0c,
 0x17, 0x0f, 0x52, 0x26, 0x07, 0x08, 0x0c, 0x1a,
 0x31, 0x47, 0x52, 0x26, 0x07, 0x08, 0x0c, 0x1a,
 0x26, 0x47, 0x52, 0x26, 0x07, 0x08, 0x0c, 0x1a,
 0x27, 0x3d, 0x20, 0x08, 0x1b, 0x26, 0x07, 0x06,
 0x0c, 0x1a, 0x00, 0x0c, 0x43, 0x0a, 0x01, 0x8c,
 0x04, 0x01, 0x02, 0x01, 0x07, 0x00, 0x00, 0x00,
 0x3f, 0x03, 0xc8, 0x04, 0x00, 0x01, 0x00, 0xca,
 0x04, 0x00, 0x00, 0x00, 0x10, 0x00, 0x01, 0x00,
 0x08, 0xd0, 0xd7, 0xf0, 0x11, 0xd7, 0xef, 0xf0,
 0x0d, 0xcc, 0x41, 0x1f, 0x01, 0x00, 0x00, 0xd7,
 0x24, 0x01, 0x00, 0xf2, 0x02, 0xc6, 0xcf, 0xcc,
 0x40, 0x20, 0x01, 0x00, 0x00, 0xf0, 0x1f, 0xca,
 0x40, 0x23, 0x01, 0x00, 0x00, 0x41, 0x3b, 0x00,
 0x00, 0x00, 0x04, 0x10, 0x01, 0x00, 0x00, 0xba,
 0xbd, 0xcc, 0x40, 0x20, 0x01, 0x00, 0x00, 0x9d,
 0x24, 0x03, 0x00, 0x9c, 0x28, 0xcb, 0x28, 0xaa,
 0x04, 0xa8, 0x02, 0x01, 0x0e, 0x0d, 0x14, 0x11,
 0x0e, 0x34, 0x30, 0x53, 0x11, 0x39, 0x1c, 0x25,
 0x34, 0x3f, 0x7d, 0x00, 0x0c, 0x43, 0x0a, 0x01,
 0x8e, 0x04, 0x01, 0x01, 0x01, 0x03, 0x00, 0x00,
 0x00, 0x11, 0x02, 0xc8, 0x04, 0x00, 0x01, 0x00,
 0x10, 0x00, 0x01, 0x00, 0x08, 0xcf, 0xd7, 0x41,
 0x3b, 0x00, 0x00, 0x00, 0xcb, 0x40, 0x09, 0x01,
 0x00, 0x00, 0x25, 0x01, 0x00, 0xaa, 0x04, 0xaf,
 0x02, 0x01, 0x04, 0x0d, 0x12, 0x20, 0x1a, 0x00,
 0x0c, 0x43, 0x0a, 0x01, 0x90, 0x04, 0x01, 0x01,
 0x01, 0x03, 0x00, 0x00, 0x00, 0x16, 0x02, 0xc8,
 0x04, 0x00, 0x01, 0x00, 0x10, 0x00, 0x01, 0x00,
 0x08, 0xcf, 0xd7, 0xf0, 0x10, 0xd7, 0xef, 0xf0,
 0x0c, 0xcb, 0x41, 0x1f, 0x01, 0x00, 0x00, 0xd7,
 0x24, 0x01, 0x00, 0x28, 0xc6, 0x28, 0xaa, 0x04,
 0xb3, 0x02, 0x01, 0x06, 0x0d, 0x12, 0x11, 0x0e,
 0x34, 0x30, 0x00, 0xc5, 0x01, 0xd1, 0xc5, 0x02,
 0xd2, 0xc5, 0x03, 0xc8, 0x04, 0xc5, 0x06, 0xc8,
 0x05, 0xc5, 0x07, 0xc8, 0x06, 0xc5, 0x08, 0xc8,
 0x07, 0xc5, 0x09, 0xc8, 0x08, 0xc5, 0x0a, 0xc8,
 0x09, 0xc5, 0x0b, 0xc8, 0x0a, 0xc5, 0x0c, 0xc8,
 0x0b, 0xc5, 0x0d, 0xc8, 0x0c, 0xc5, 0x0e, 0xc8,
 0x0d, 0xc5, 0x0f, 0xc8, 0x0e, 0xc5, 0x10, 0xc8,
 0x0f, 0xc5, 0x11, 0xc8, 0x10, 0xd8, 0x04, 0x32,
 0x01, 0x00, 0x00, 0xf5, 0x40, 0xf8, 0x00, 0x00,
 0x00, 0xd3, 0x40, 0xf9, 0x00, 0x00, 0x00, 0x11,
 0xf1, 0x04, 0x0e, 0xc5, 0x00, 0xd0, 0xd7, 0xc7,
 0x04, 0x42, 0xfc, 0x00, 0x00, 0x00, 0xc7, 0x04,
 0x40, 0x3f, 0x00, 0x00, 0x00, 0xc5, 0x04, 0x42,
 0x1f, 0x01, 0x00, 0x00, 0xc7, 0x04, 0x40, 0x3f,
 0x00, 0x00, 0x00, 0xc7, 0x0a, 0x42, 0x1d, 0x01,
 0x00, 0x00, 0xc7, 0x04, 0x40, 0x3f, 0x00, 0x00,
 0x00, 0xc7, 0x09, 0x42, 0x1c, 0x01, 0x00, 0x00,
 0xc7, 0x04, 0x40, 0x3f, 0x00, 0x00, 0x00, 0xc5,
 0x05, 0x42, 0x1e, 0x01, 0x00, 0x00, 0x29, 0xaa,
 0x04, 0x01, 0x01, 0x1c, 0x00, 0x3a, 0x4c, 0x1a,
 0x41, 0x08, 0x00, 0x0d, 0x62, 0x21, 0x07, 0x30,
 0x00, 0x07, 0x3a, 0x2f, 0x00, 0x0e, 0x20, 0x00,
 0x25, 0x3c, 0x28, 0x3b, 0x25, 0x3e, 0x28, 0x3d,
 0x00, 0xc5, 0x00, 0xd3, 0x28, 0xaa, 0x04, 0x01,
 0x01, 0x00, 0x00,
};



const uint32_t t2__core_url_size = 4264;

const uint8_t t2__core_url[4264] = {
 0x1b, 0x2f, 0xe5, 0x26, 0x7b, 0x47, 0x01, 0x0e,
 0x65, 0x78, 0x70, 0x6f, 0x72, 0x74, 0x73, 0x01,
 0x0e, 0x72, 0x65, 0x71, 0x75, 0x69, 0x72, 0x65,
 0x01, 0x0c, 0x6d, 0x6f, 0x64, 0x75, 0x6c, 0x65,
 0x01, 0x14, 0x5f, 0x5f, 0x66, 0x69, 0x6c, 0x65,
 0x6e, 0x61, 0x6d, 0x65, 0x01, 0x12, 0x5f, 0x5f,
 0x64, 0x69, 0x72, 0x6e, 0x61, 0x6d, 0x65, 0x01,
 0x10, 0x5f, 0x5f, 0x6e, 0x61, 0x74, 0x69, 0x76,
 0x65, 0x01, 0x16, 0x71, 0x75, 0x65, 0x72, 0x79,
 0x73, 0x74, 0x72, 0x69, 0x6e, 0x67, 0x01, 0x16,
 0x55, 0x52, 0x4c, 0x5f, 0x50, 0x41, 0x54, 0x54,
 0x45, 0x52, 0x4e, 0x01, 0x06, 0x55, 0x72, 0x6c,
 0x01, 0x0a, 0x70, 0x61, 0x72, 0x73, 0x65, 0x01,
 0x0c, 0x66, 0x6f, 0x72, 0x6d, 0x61, 0x74, 0x01,
 0x1a, 0x66, 0x69, 0x6c, 0x65, 0x55, 0x52, 0x4c,
 0x54, 0x6f, 0x50, 0x61, 0x74, 0x68, 0x01, 0x1a,
 0x70, 0x61, 0x74, 0x68, 0x54, 0x6f, 0x46, 0x69,
 0x6c, 0x65, 0x55, 0x52, 0x4c, 0x01, 0x10, 0x70,
 0x72, 0x6f, 0x74, 0x6f, 0x63, 0x6f, 0x6c, 0x01,
 0x0e, 0x73, 0x6c, 0x61, 0x73, 0x68, 0x65, 0x73,
 0x01, 0x08, 0x61, 0x75, 0x74, 0x68, 0x01, 0x08,
 0x68, 0x6f, 0x73, 0x74, 0x01, 0x08, 0x70, 0x6f,
 0x72, 0x74, 0x01, 0x10, 0x68, 0x6f, 0x73, 0x74,
 0x6e, 0x61, 0x6d, 0x65, 0x01, 0x08, 0x68, 0x61,
 0x73, 0x68, 0x01, 0x0c, 0x73, 0x65, 0x61, 0x72,
 0x63, 0x68, 0x01, 0x0a, 0x71, 0x75, 0x65, 0x72,
 0x79, 0x01, 0x10, 0x70, 0x61, 0x74, 0x68, 0x6e,
 0x61, 0x6d, 0x65, 0x01, 0x08, 0x70, 0x61, 0x74,
 0x68, 0x01, 0x08, 0x68, 0x72, 0x65, 0x66, 0x01,
 0x12, 0x3c, 0x75, 0x6e, 0x6e, 0x61, 0x6d, 0x65,
 0x64, 0x3e, 0x01, 0x12, 0x75, 0x72, 0x6c, 0x53,
 0x74, 0x72, 0x69, 0x6e, 0x67, 0x01, 0x20, 0x70,
 0x61, 0x72, 0x73, 0x65, 0x51, 0x75, 0x65, 0x72,
 0x79, 0x53, 0x74, 0x72, 0x69, 0x6e, 0x67, 0x01,
 0x22, 0x73, 0x6c, 0x61, 0x73, 0x68, 0x65, 0x73,
 0x44, 0x65, 0x6e, 0x6f, 0x74, 0x65, 0x48, 0x6f,
 0x73, 0x74, 0x01, 0x06, 0x75, 0x72, 0x6c, 0x01,
 0x0a, 0x6d, 0x61, 0x74, 0x63, 0x68, 0x01, 0x10,
 0x68, 0x6f, 0x73, 0x74, 0x50, 0x61, 0x72, 0x74,
 0x01, 0x18, 0x68, 0x61, 0x73, 0x41, 0x75, 0x74,
 0x68, 0x6f, 0x72, 0x69, 0x74, 0x79, 0x01, 0x12,
 0x70, 0x6f, 0x72, 0x74, 0x4d, 0x61, 0x74, 0x63,
 0x68, 0x01, 0x12, 0x70, 0x61, 0x74, 0x68, 0x56,
 0x61, 0x6c, 0x75, 0x65, 0x01, 0x4c, 0x50, 0x61,
 0x72, 0x61, 0x6d, 0x65, 0x74, 0x65, 0x72, 0x20,
 0x22, 0x75, 0x72, 0x6c, 0x22, 0x20, 0x6d, 0x75,
 0x73, 0x74, 0x20, 0x62, 0x65, 0x20, 0x61, 0x20,
 0x73, 0x74, 0x72, 0x69, 0x6e, 0x67, 0x2c, 0x20,
 0x6e, 0x6f, 0x74, 0x20, 0x01, 0x08, 0x74, 0x72,
 0x69, 0x6d, 0x01, 0x16, 0x74, 0x6f, 0x4c, 0x6f,
 0x77, 0x65, 0x72, 0x43, 0x61, 0x73, 0x65, 0x01,
 0x24, 0x64, 0x65, 0x63, 0x6f, 0x64, 0x65, 0x55,
 0x52, 0x49, 0x43, 0x6f, 0x6d, 0x70, 0x6f, 0x6e,
 0x65, 0x6e, 0x74, 0x01, 0x02, 0x2f, 0x01, 0x0a,
 0x73, 0x6c, 0x69, 0x63, 0x65, 0x01, 0x12, 0x75,
 0x72, 0x6c, 0x4f, 0x62, 0x6a, 0x65, 0x63, 0x74,
 0x01, 0x0e, 0x65, 0x6e, 0x63, 0x6f, 0x64, 0x65,
 0x64, 0x01, 0x06, 0x55, 0x52, 0x4c, 0x01, 0x10,
 0x65, 0x6e, 0x64, 0x73, 0x57, 0x69, 0x74, 0x68,
 0x01, 0x02, 0x3a, 0x01, 0x0e, 0x6d, 0x61, 0x69,
 0x6c, 0x74, 0x6f, 0x3a, 0x01, 0x04, 0x2f, 0x2f,
 0x01, 0x24, 0x65, 0x6e, 0x63, 0x6f, 0x64, 0x65,
 0x55, 0x52, 0x49, 0x43, 0x6f, 0x6d, 0x70, 0x6f,
 0x6e, 0x65, 0x6e, 0x74, 0x01, 0x0e, 0x72, 0x65,
 0x70, 0x6c, 0x61, 0x63, 0x65, 0x01, 0x02, 0x40,
 0x01, 0x12, 0x73, 0x74, 0x72, 0x69, 0x6e, 0x67,
 0x69, 0x66, 0x79, 0x01, 0x02, 0x3f, 0x01, 0x14,
 0x73, 0x74, 0x61, 0x72, 0x74, 0x73, 0x57, 0x69,
 0x74, 0x68, 0x01, 0x02, 0x23, 0x01, 0x04, 0x74,
 0x6f, 0x01, 0x08, 0x62, 0x61, 0x73, 0x65, 0x01,
 0x06, 0x64, 0x69, 0x72, 0x01, 0x0c, 0x70, 0x61,
 0x72, 0x73, 0x65, 0x64, 0x01, 0x06, 0x65, 0x72,
 0x72, 0x01, 0x0a, 0x66, 0x69, 0x6c, 0x65, 0x3a,
 0x01, 0x3c, 0x54, 0x68, 0x65, 0x20, 0x55, 0x52,
 0x4c, 0x20, 0x6d, 0x75, 0x73, 0x74, 0x20, 0x62,
 0x65, 0x20, 0x6f, 0x66, 0x20, 0x73, 0x63, 0x68,
 0x65, 0x6d, 0x65, 0x20, 0x66, 0x69, 0x6c, 0x65,
 0x01, 0x2c, 0x45, 0x52, 0x52, 0x5f, 0x49, 0x4e,
 0x56, 0x41, 0x4c, 0x49, 0x44, 0x5f, 0x55, 0x52,
 0x4c, 0x5f, 0x53, 0x43, 0x48, 0x45, 0x4d, 0x45,
 0x01, 0x08, 0x63, 0x6f, 0x64, 0x65, 0x01, 0x0e,
 0x66, 0x69, 0x6c, 0x65, 0x3a, 0x2f, 0x2f, 0x01,
 0x12, 0x65, 0x6e, 0x63, 0x6f, 0x64, 0x65, 0x55,
 0x52, 0x49, 0x01, 0x0c, 0x64, 0x6f, 0x6d, 0x61,
 0x69, 0x6e, 0x01, 0x0e, 0x68, 0x74, 0x74, 0x70,
 0x3a, 0x2f, 0x2f, 0x01, 0x1e, 0x55, 0x52, 0x4c,
 0x53, 0x65, 0x61, 0x72, 0x63, 0x68, 0x50, 0x61,
 0x72, 0x61, 0x6d, 0x73, 0x01, 0x1a, 0x64, 0x6f,
 0x6d, 0x61, 0x69, 0x6e, 0x54, 0x6f, 0x41, 0x53,
 0x43, 0x49, 0x49, 0x01, 0x1e, 0x64, 0x6f, 0x6d,
 0x61, 0x69, 0x6e, 0x54, 0x6f, 0x55, 0x6e, 0x69,
 0x63, 0x6f, 0x64, 0x65, 0x0c, 0x00, 0x0a, 0x00,
 0xa8, 0x01, 0x00, 0x01, 0x00, 0x01, 0x00, 0x00,
 0x01, 0x04, 0x01, 0xaa, 0x01, 0x00, 0x00, 0x00,
 0x0c, 0x43, 0x0a, 0x01, 0x00, 0x06, 0x0a, 0x06,
 0x03, 0x06, 0x00, 0x0b, 0xaa, 0x01, 0x10, 0xe4,
 0x03, 0x00, 0x01, 0x00, 0xe6, 0x03, 0x00, 0x01,
 0x00, 0xe8, 0x03, 0x00, 0x01, 0x00, 0xea, 0x03,
 0x00, 0x01, 0x00, 0xec, 0x03, 0x00, 0x01, 0x00,
 0xee, 0x03, 0x00, 0x01, 0x00, 0xf0, 0x03, 0x01,
 0x00, 0x70, 0x04, 0xf2, 0x03, 0x01, 0x01, 0x70,
 0x03, 0xf4, 0x03, 0x02, 0x05, 0x30, 0xfe, 0x01,
 0x03, 0x03, 0x70, 0x00, 0xf4, 0x03, 0x01, 0x02,
 0x60, 0x02, 0xf6, 0x03, 0x00, 0x00, 0x40, 0x05,
 0xf8, 0x03, 0x00, 0x06, 0x40, 0x01, 0x94, 0x02,
 0x00, 0x07, 0x00, 0xfa, 0x03, 0x00, 0x08, 0x00,
 0xfc, 0x03, 0x00, 0x09, 0x00, 0x07, 0xb6, 0x01,
 0x5e, 0x28, 0x3f, 0x3a, 0x28, 0x5b, 0x61, 0x2d,
 0x7a, 0x41, 0x2d, 0x5a, 0x5d, 0x5b, 0x61, 0x2d,
 0x7a, 0x41, 0x2d, 0x5a, 0x30, 0x2d, 0x39, 0x2b,
 0x2e, 0x2d, 0x5d, 0x2a, 0x3a, 0x29, 0x29, 0x3f,
 0x28, 0x5c, 0x2f, 0x5c, 0x2f, 0x29, 0x3f, 0x28,
 0x3f, 0x3a, 0x28, 0x5b, 0x5e, 0x2f, 0x3f, 0x23,
 0x40, 0x5d, 0x2a, 0x29, 0x40, 0x29, 0x3f, 0x28,
 0x5b, 0x5e, 0x2f, 0x3f, 0x23, 0x5d, 0x2a, 0x29,
 0x3f, 0x28, 0x5b, 0x5e, 0x3f, 0x23, 0x5d, 0x2a,
 0x29, 0x3f, 0x28, 0x5c, 0x3f, 0x5b, 0x5e, 0x23,
 0x5d, 0x2a, 0x29, 0x3f, 0x28, 0x23, 0x2e, 0x2a,
 0x29, 0x3f, 0x24, 0x07, 0xd6, 0x04, 0x00, 0x00,
 0x08, 0x01, 0x23, 0x01, 0x00, 0x00, 0x0e, 0x06,
 0x00, 0x00, 0x00, 0x06, 0x0d, 0xf5, 0xff, 0xff,
 0xff, 0x13, 0x00, 0x09, 0x0f, 0x36, 0x00, 0x00,
 0x00, 0x15, 0x01, 0x01, 0x13, 0x01, 0x24, 0x02,
 0x00, 0x41, 0x00, 0x5a, 0x00, 0x61, 0x00, 0x7a,
 0x00, 0x0f, 0x1c, 0x00, 0x00, 0x00, 0x24, 0x05,
 0x00, 0x2b, 0x00, 0x2b, 0x00, 0x2d, 0x00, 0x2e,
 0x00, 0x30, 0x00, 0x39, 0x00, 0x41, 0x00, 0x5a,
 0x00, 0x61, 0x00, 0x7a, 0x00, 0x0d, 0xdf, 0xff,
 0xff, 0xff, 0x01, 0x3a, 0x00, 0x14, 0x01, 0x15,
 0x02, 0x02, 0x0f, 0x0a, 0x00, 0x00, 0x00, 0x13,
 0x02, 0x01, 0x2f, 0x00, 0x01, 0x2f, 0x00, 0x14,
 0x02, 0x0f, 0x2b, 0x00, 0x00, 0x00, 0x2a, 0x00,
 0x15, 0x03, 0x03, 0x13, 0x03, 0x0f, 0x18, 0x00,
 0x00, 0x00, 0x24, 0x04, 0x00, 0x00, 0x00, 0x22,
 0x00, 0x24, 0x00, 0x2e, 0x00, 0x30, 0x00, 0x3e,
 0x00, 0x41, 0x00, 0xff, 0xff, 0x0d, 0xe3, 0xff,
 0xff, 0xff, 0x14, 0x03, 0x01, 0x40, 0x00, 0x2b,
 0x00, 0x0f, 0x28, 0x00, 0x00, 0x00, 0x2a, 0x00,
 0x15, 0x04, 0x04, 0x13, 0x04, 0x0f, 0x18, 0x00,
 0x00, 0x00, 0x24, 0x04, 0x00, 0x00, 0x00, 0x22,
 0x00, 0x24, 0x00, 0x2e, 0x00, 0x30, 0x00, 0x3e,
 0x00, 0x40, 0x00, 0xff, 0xff, 0x0d, 0xe3, 0xff,
 0xff, 0xff, 0x14, 0x04, 0x2b, 0x00, 0x0f, 0x24,
 0x00, 0x00, 0x00, 0x2a, 0x00, 0x15, 0x05, 0x05,
 0x13, 0x05, 0x0f, 0x14, 0x00, 0x00, 0x00, 0x24,
 0x03, 0x00, 0x00, 0x00, 0x22, 0x00, 0x24, 0x00,
 0x3e, 0x00, 0x40, 0x00, 0xff, 0xff, 0x0d, 0xe7,
 0xff, 0xff, 0xff, 0x14, 0x05, 0x2b, 0x00, 0x0f,
 0x1f, 0x00, 0x00, 0x00, 0x15, 0x06, 0x06, 0x13,
 0x06, 0x01, 0x3f, 0x00, 0x0f, 0x10, 0x00, 0x00,
 0x00, 0x24, 0x02, 0x00, 0x00, 0x00, 0x22, 0x00,
 0x24, 0x00, 0xff, 0xff, 0x0d, 0xeb, 0xff, 0xff,
 0xff, 0x14, 0x06, 0x0f, 0x15, 0x00, 0x00, 0x00,
 0x15, 0x07, 0x07, 0x13, 0x07, 0x01, 0x23, 0x00,
 0x0f, 0x06, 0x00, 0x00, 0x00, 0x05, 0x0d, 0xf5,
 0xff, 0xff, 0xff, 0x14, 0x07, 0x0b, 0x14, 0x00,
 0x10, 0x0c, 0x42, 0x0b, 0x01, 0x00, 0x00, 0x01,
 0x00, 0x02, 0x00, 0x01, 0x00, 0x64, 0x01, 0x10,
 0x00, 0x01, 0x00, 0xfe, 0x01, 0x03, 0x18, 0x08,
 0xcf, 0x2b, 0x64, 0x00, 0x00, 0x11, 0xf0, 0x06,
 0xcb, 0x1b, 0x24, 0x00, 0x00, 0x0e, 0xcb, 0x07,
 0x42, 0xff, 0x00, 0x00, 0x00, 0xcb, 0x07, 0x42,
 0x00, 0x01, 0x00, 0x00, 0xcb, 0x07, 0x42, 0x01,
 0x01, 0x00, 0x00, 0xcb, 0x07, 0x42, 0x02, 0x01,
 0x00, 0x00, 0xcb, 0x07, 0x42, 0x03, 0x01, 0x00,
 0x00, 0xcb, 0x07, 0x42, 0x04, 0x01, 0x00, 0x00,
 0xcb, 0x07, 0x42, 0x05, 0x01, 0x00, 0x00, 0xcb,
 0x07, 0x42, 0x06, 0x01, 0x00, 0x00, 0xcb, 0x07,
 0x42, 0x07, 0x01, 0x00, 0x00, 0xcb, 0x07, 0x42,
 0x08, 0x01, 0x00, 0x00, 0xcb, 0x07, 0x42, 0x09,
 0x01, 0x00, 0x00, 0xcb, 0x07, 0x42, 0x0a, 0x01,
 0x00, 0x00, 0x29, 0x96, 0x04, 0x15, 0x05, 0x18,
 0x4e, 0x08, 0x26, 0x00, 0x26, 0x00, 0x26, 0x00,
 0x26, 0x00, 0x26, 0x00, 0x26, 0x00, 0x26, 0x00,
 0x26, 0x00, 0x26, 0x00, 0x26, 0x00, 0x26, 0x00,
 0x00, 0x0c, 0x42, 0x0b, 0x01, 0x00, 0x00, 0x01,
 0x00, 0x02, 0x00, 0x01, 0x00, 0x07, 0x01, 0x10,
 0x00, 0x01, 0x00, 0xf8, 0x03, 0x06, 0x00, 0x08,
 0xcf, 0xe3, 0xcb, 0x23, 0x01, 0x00, 0x96, 0x04,
 0x24, 0x05, 0x04, 0x0d, 0x16, 0x07, 0x0e, 0x00,
 0x0c, 0x41, 0x0a, 0x01, 0xf6, 0x03, 0x03, 0x10,
 0x01, 0x06, 0x00, 0x04, 0x02, 0xa9, 0x05, 0x13,
 0x98, 0x04, 0x00, 0x01, 0x00, 0x9a, 0x04, 0x00,
 0x01, 0x00, 0x9c, 0x04, 0x00, 0x01, 0x00, 0x98,
 0x04, 0x01, 0xff, 0xff, 0xff, 0xff, 0x0f, 0x20,
 0x9a, 0x04, 0x01, 0x01, 0x20, 0x9c, 0x04, 0x01,
 0x02, 0x20, 0x9e, 0x04, 0x02, 0x00, 0x30, 0xc0,
 0x01, 0x02, 0x04, 0x30, 0xa0, 0x04, 0x02, 0x05,
 0x30, 0xfe, 0x03, 0x02, 0x06, 0x30, 0x80, 0x04,
 0x02, 0x07, 0x30, 0x82, 0x04, 0x02, 0x08, 0x30,
 0xa2, 0x04, 0x02, 0x09, 0x30, 0x90, 0x04, 0x02,
 0x0a, 0x30, 0x8c, 0x04, 0x02, 0x0b, 0x30, 0x8a,
 0x04, 0x02, 0x0c, 0x30, 0xa4, 0x04, 0x02, 0x0d,
 0x30, 0xa6, 0x04, 0x08, 0x10, 0x30, 0xa8, 0x04,
 0x02, 0x0e, 0x20, 0xf4, 0x03, 0x04, 0x10, 0xf2,
 0x03, 0x01, 0x18, 0xf0, 0x03, 0x00, 0x18, 0xf8,
 0x03, 0x06, 0x00, 0x07, 0x3e, 0x5e, 0x28, 0x5c,
 0x5b, 0x5b, 0x5e, 0x5c, 0x5d, 0x5d, 0x2a, 0x5c,
 0x5d, 0x7c, 0x5b, 0x5e, 0x3a, 0x5d, 0x2a, 0x29,
 0x28, 0x3f, 0x3a, 0x3a, 0x28, 0x5c, 0x64, 0x2a,
 0x29, 0x29, 0x3f, 0x24, 0x07, 0xf0, 0x01, 0x00,
 0x00, 0x03, 0x00, 0x70, 0x00, 0x00, 0x00, 0x0e,
 0x06, 0x00, 0x00, 0x00, 0x06, 0x0d, 0xf5, 0xff,
 0xff, 0xff, 0x13, 0x00, 0x09, 0x13, 0x01, 0x0f,
 0x20, 0x00, 0x00, 0x00, 0x01, 0x5b, 0x00, 0x0f,
 0x10, 0x00, 0x00, 0x00, 0x24, 0x02, 0x00, 0x00,
 0x00, 0x5c, 0x00, 0x5e, 0x00, 0xff, 0xff, 0x0d,
 0xeb, 0xff, 0xff, 0xff, 0x01, 0x5d, 0x00, 0x0d,
 0x15, 0x00, 0x00, 0x00, 0x0f, 0x10, 0x00, 0x00,
 0x00, 0x24, 0x02, 0x00, 0x00, 0x00, 0x39, 0x00,
 0x3b, 0x00, 0xff, 0xff, 0x0d, 0xeb, 0xff, 0xff,
 0xff, 0x14, 0x01, 0x0f, 0x1b, 0x00, 0x00, 0x00,
 0x15, 0x02, 0x02, 0x01, 0x3a, 0x00, 0x13, 0x02,
 0x0f, 0x0c, 0x00, 0x00, 0x00, 0x24, 0x01, 0x00,
 0x30, 0x00, 0x39, 0x00, 0x0d, 0xef, 0xff, 0xff,
 0xff, 0x14, 0x02, 0x0b, 0x14, 0x00, 0x10, 0x60,
 0x02, 0x00, 0x60, 0x01, 0x00, 0x60, 0x00, 0x00,
 0xd7, 0xcf, 0xd8, 0x11, 0xf8, 0xf0, 0x04, 0x0e,
 0x09, 0xe0, 0xd0, 0xd9, 0x11, 0xf8, 0xf0, 0x04,
 0x0e, 0x09, 0xe1, 0xd1, 0x60, 0x0f, 0x00, 0x60,
 0x0d, 0x00, 0x60, 0x0c, 0x00, 0x60, 0x0b, 0x00,
 0x60, 0x0a, 0x00, 0x60, 0x09, 0x00, 0x60, 0x08,
 0x00, 0x60, 0x07, 0x00, 0x60, 0x06, 0x00, 0x60,
 0x05, 0x00, 0x60, 0x04, 0x00, 0x60, 0x03, 0x00,
 0x64, 0x00, 0x00, 0x11, 0x21, 0x00, 0x00, 0xd2,
 0xd7, 0x96, 0x04, 0x4c, 0x00, 0x00, 0x00, 0xae,
 0xf0, 0x1a, 0x38, 0xda, 0x00, 0x00, 0x00, 0x11,
 0x04, 0x15, 0x01, 0x00, 0x00, 0x41, 0x64, 0x00,
 0x00, 0x00, 0xd7, 0x96, 0x24, 0x01, 0x00, 0x21,
 0x01, 0x00, 0x30, 0xd7, 0x41, 0x16, 0x01, 0x00,
 0x00, 0x24, 0x00, 0x00, 0xc8, 0x04, 0x64, 0x01,
 0x00, 0x41, 0x90, 0x00, 0x00, 0x00, 0x61, 0x04,
 0x00, 0x24, 0x01, 0x00, 0xc8, 0x05, 0x61, 0x05,
 0x00, 0x95, 0xf0, 0x26, 0x61, 0x03, 0x00, 0x61,
 0x04, 0x00, 0x42, 0x0a, 0x01, 0x00, 0x00, 0x61,
 0x03, 0x00, 0x61, 0x04, 0x00, 0x42, 0x08, 0x01,
 0x00, 0x00, 0x61, 0x03, 0x00, 0x61, 0x04, 0x00,
 0x42, 0x09, 0x01, 0x00, 0x00, 0x61, 0x03, 0x00,
 0x28, 0x06, 0x11, 0xf8, 0xf1, 0x2c, 0x7e, 0x81,
 0x00, 0x0e, 0x0e, 0x81, 0x00, 0x0e, 0xc8, 0x06,
 0x81, 0x00, 0x0e, 0xc8, 0x07, 0x81, 0x00, 0x0e,
 0xc8, 0x08, 0x81, 0x00, 0x0e, 0xc8, 0x09, 0x81,
 0x00, 0x0e, 0xc8, 0x0a, 0x81, 0x00, 0x0e, 0xc8,
 0x0b, 0x81, 0x00, 0x0e, 0xc8, 0x0c, 0x83, 0xf2,
 0x07, 0x0e, 0x61, 0x05, 0x00, 0xf2, 0xd0, 0x61,
 0x03, 0x00, 0x61, 0x06, 0x00, 0xf0, 0x0e, 0x61,
 0x06, 0x00, 0x41, 0x17, 0x01, 0x00, 0x00, 0x24,
 0x00, 0x00, 0xf2, 0x02, 0x07, 0x42, 0xff, 0x00,
 0x00, 0x00, 0x61, 0x03, 0x00, 0x61, 0x07, 0x00,
 0xf0, 0x04, 0x0a, 0xf2, 0x02, 0x07, 0x42, 0x00,
 0x01, 0x00, 0x00, 0x61, 0x03, 0x00, 0x61, 0x08,
 0x00, 0xf0, 0x0c, 0x38, 0x18, 0x01, 0x00, 0x00,
 0x61, 0x08, 0x00, 0xf5, 0xf2, 0x02, 0x07, 0x42,
 0x01, 0x01, 0x00, 0x00, 0x38, 0xa3, 0x00, 0x00,
 0x00, 0x61, 0x07, 0x00, 0xf5, 0x11, 0xf1, 0x10,
 0x0e, 0xd9, 0x11, 0xf0, 0x0b, 0x0e, 0x38, 0xa3,
 0x00, 0x00, 0x00, 0x61, 0x08, 0x00, 0xf5, 0xc8,
 0x0d, 0x61, 0x0d, 0x00, 0xf0, 0x71, 0x61, 0x09,
 0x00, 0xf0, 0x6c, 0x60, 0x0e, 0x00, 0x61, 0x03,
 0x00, 0x61, 0x09, 0x00, 0x41, 0x17, 0x01, 0x00,
 0x00, 0x24, 0x00, 0x00, 0x42, 0x02, 0x01, 0x00,
 0x00, 0xc4, 0x00, 0xc4, 0x01, 0x34, 0x41, 0x90,
 0x00, 0x00, 0x00, 0x61, 0x09, 0x00, 0x24, 0x01,
 0x00, 0xc8, 0x0e, 0x61, 0x0e, 0x00, 0xf0, 0x2f,
 0x61, 0x03, 0x00, 0x61, 0x0e, 0x00, 0xbb, 0x46,
 0x41, 0x17, 0x01, 0x00, 0x00, 0x24, 0x00, 0x00,
 0x42, 0x04, 0x01, 0x00, 0x00, 0x61, 0x03, 0x00,
 0x61, 0x0e, 0x00, 0xbc, 0x46, 0xf0, 0x08, 0x61,
 0x0e, 0x00, 0xbc, 0x46, 0xf2, 0x02, 0x07, 0x42,
 0x03, 0x01, 0x00, 0x00, 0xf2, 0x11, 0x61, 0x03,
 0x00, 0x61, 0x03, 0x00, 0x40, 0x02, 0x01, 0x00,
 0x00, 0x42, 0x04, 0x01, 0x00, 0x00, 0x61, 0x0a,
 0x00, 0x11, 0xf1, 0x03, 0x0e, 0xc6, 0xc8, 0x0f,
 0x61, 0x0d, 0x00, 0x95, 0xf0, 0x12, 0x61, 0x09,
 0x00, 0xf0, 0x0d, 0x61, 0x09, 0x00, 0x61, 0x0f,
 0x00, 0x9c, 0x11, 0x62, 0x0f, 0x00, 0x0e, 0x61,
 0x03, 0x00, 0x61, 0x0f, 0x00, 0x11, 0xf1, 0x14,
 0x0e, 0x61, 0x03, 0x00, 0x40, 0x02, 0x01, 0x00,
 0x00, 0xf0, 0x08, 0x04, 0x19, 0x01, 0x00, 0x00,
 0xf2, 0x02, 0x07, 0x42, 0x08, 0x01, 0x00, 0x00,
 0x61, 0x03, 0x00, 0x61, 0x0b, 0x00, 0x11, 0xf1,
 0x03, 0x0e, 0x07, 0x42, 0x06, 0x01, 0x00, 0x00,
 0x61, 0x03, 0x00, 0x61, 0x0c, 0x00, 0x11, 0xf1,
 0x03, 0x0e, 0x07, 0x42, 0x05, 0x01, 0x00, 0x00,
 0x61, 0x03, 0x00, 0xd8, 0xf0, 0x22, 0x64, 0x02,
 0x00, 0x41, 0xfb, 0x00, 0x00, 0x00, 0x61, 0x0b,
 0x00, 0xf0, 0x0f, 0x61, 0x0b, 0x00, 0x41, 0x1a,
 0x01, 0x00, 0x00, 0xbb, 0x24, 0x01, 0x00, 0xf2,
 0x02, 0xc6, 0x24, 0x01, 0x00, 0xf2, 0x15, 0x61,
 0x0b, 0x00, 0xf0, 0x0f, 0x61, 0x0b, 0x00, 0x41,
 0x1a, 0x01, 0x00, 0x00, 0xbb, 0x24, 0x01, 0x00,
 0xf2, 0x02, 0x07, 0x42, 0x07, 0x01, 0x00, 0x00,
 0x61, 0x03, 0x00, 0x61, 0x03, 0x00, 0x40, 0x08,
 0x01, 0x00, 0x00, 0xf0, 0x19, 0x61, 0x03, 0x00,
 0x40, 0x08, 0x01, 0x00, 0x00, 0x61, 0x03, 0x00,
 0x40, 0x06, 0x01, 0x00, 0x00, 0x11, 0xf1, 0x03,
 0x0e, 0xc6, 0x9c, 0xf2, 0x0e, 0x61, 0x03, 0x00,
 0x40, 0x06, 0x01, 0x00, 0x00, 0x11, 0xf1, 0x03,
 0x0e, 0x07, 0x42, 0x09, 0x01, 0x00, 0x00, 0x61,
 0x03, 0x00, 0xe6, 0x61, 0x03, 0x00, 0xf5, 0x42,
 0x0a, 0x01, 0x00, 0x00, 0x61, 0x03, 0x00, 0x28,
 0x96, 0x04, 0x29, 0x01, 0xa7, 0x01, 0x00, 0x41,
 0x02, 0x28, 0x2c, 0x09, 0x07, 0x1c, 0x30, 0x15,
 0x52, 0x74, 0x32, 0x73, 0x20, 0x14, 0x1c, 0x13,
 0x2a, 0x22, 0x2c, 0x33, 0x21, 0x01, 0x11, 0x16,
 0x2b, 0x15, 0x11, 0x1e, 0x2b, 0x1d, 0x11, 0x16,
 0x2c, 0x07, 0xfa, 0x09, 0x16, 0x80, 0x01, 0x1d,
 0x8b, 0x01, 0x11, 0x1e, 0x1b, 0x16, 0x2a, 0x12,
 0x3a, 0x45, 0x11, 0x1c, 0x49, 0x1b, 0x11, 0x16,
 0x1b, 0x0e, 0x1b, 0x26, 0x00, 0x0c, 0x08, 0x1f,
 0x1b, 0x10, 0x2a, 0x1a, 0x1b, 0x2a, 0x1b, 0x10,
 0x22, 0x85, 0x01, 0x1b, 0x20, 0x2b, 0x1f, 0x11,
 0x16, 0x2a, 0x12, 0x5f, 0x4a, 0x2c, 0x69, 0x1c,
 0x00, 0x11, 0x1e, 0x34, 0x1a, 0x2b, 0x37, 0x11,
 0x16, 0x25, 0x1e, 0x4f, 0x33, 0x11, 0x1e, 0x00,
 0x0d, 0x08, 0x0d, 0x36, 0x15, 0x20, 0x20, 0x1c,
 0x09, 0x11, 0x16, 0x32, 0x35, 0x11, 0x1e, 0x25,
 0x1c, 0x76, 0x39, 0x11, 0x1a, 0x44, 0x19, 0x11,
 0x16, 0x44, 0x15, 0x11, 0x18, 0x12, 0x0b, 0x2a,
 0x24, 0x1b, 0x12, 0x2a, 0x0e, 0x3f, 0x41, 0x1b,
 0x12, 0x2a, 0x0e, 0x40, 0x2d, 0x11, 0x16, 0x34,
 0x1e, 0x2a, 0x20, 0x52, 0x2a, 0x5d, 0x7d, 0x11,
 0x16, 0x07, 0x0e, 0x31, 0x15, 0x00, 0x0c, 0x43,
 0x0a, 0x01, 0xf8, 0x03, 0x01, 0x08, 0x01, 0x06,
 0x00, 0x03, 0x02, 0xf6, 0x03, 0x09, 0xb6, 0x04,
 0x00, 0x01, 0x00, 0xfe, 0x03, 0x01, 0x00, 0x30,
 0x84, 0x04, 0x01, 0x01, 0x30, 0x80, 0x04, 0x01,
 0x02, 0x30, 0x82, 0x04, 0x01, 0x03, 0x30, 0x90,
 0x04, 0x01, 0x04, 0x30, 0x8c, 0x04, 0x01, 0x05,
 0x20, 0xb8, 0x04, 0x07, 0x08, 0x30, 0x8a, 0x04,
 0x01, 0x06, 0x20, 0xf8, 0x03, 0x06, 0x00, 0xf6,
 0x03, 0x05, 0x00, 0xf0, 0x03, 0x00, 0x18, 0x07,
 0x06, 0x25, 0x33, 0x41, 0x07, 0x42, 0x02, 0x00,
 0x01, 0x00, 0x19, 0x00, 0x00, 0x00, 0x0e, 0x06,
 0x00, 0x00, 0x00, 0x06, 0x0d, 0xf5, 0xff, 0xff,
 0xff, 0x13, 0x00, 0x02, 0x25, 0x00, 0x02, 0x33,
 0x00, 0x02, 0x41, 0x00, 0x14, 0x00, 0x10, 0x60,
 0x07, 0x00, 0x60, 0x05, 0x00, 0x60, 0x04, 0x00,
 0x60, 0x03, 0x00, 0x60, 0x02, 0x00, 0x60, 0x01,
 0x00, 0x60, 0x00, 0x00, 0xd7, 0x96, 0x04, 0x4c,
 0x00, 0x00, 0x00, 0xad, 0xf0, 0x08, 0xe3, 0xe4,
 0xd7, 0xf5, 0x23, 0x01, 0x00, 0xd7, 0x38, 0x1d,
 0x01, 0x00, 0x00, 0xa9, 0xf0, 0x08, 0xd7, 0x40,
 0x0a, 0x01, 0x00, 0x00, 0x28, 0xd7, 0x40, 0xff,
 0x00, 0x00, 0x00, 0xf0, 0x34, 0xd7, 0x40, 0xff,
 0x00, 0x00, 0x00, 0x41, 0x1e, 0x01, 0x00, 0x00,
 0x04, 0x1f, 0x01, 0x00, 0x00, 0x24, 0x01, 0x00,
 0xf0, 0x09, 0xd7, 0x40, 0xff, 0x00, 0x00, 0x00,
 0xf2, 0x18, 0xc6, 0x41, 0x64, 0x00, 0x00, 0x00,
 0xd7, 0x40, 0xff, 0x00, 0x00, 0x00, 0x04, 0x1f,
 0x01, 0x00, 0x00, 0x24, 0x02, 0x00, 0xf2, 0x02,
 0xc6, 0xcf, 0xd7, 0x40, 0x02, 0x01, 0x00, 0x00,
 0x11, 0xf1, 0x32, 0x0e, 0xd7, 0x40, 0x04, 0x01,
 0x00, 0x00, 0xf0, 0x28, 0xd7, 0x40, 0x04, 0x01,
 0x00, 0x00, 0xd7, 0x40, 0x03, 0x01, 0x00, 0x00,
 0xf0, 0x16, 0x04, 0x1f, 0x01, 0x00, 0x00, 0x41,
 0x64, 0x00, 0x00, 0x00, 0xd7, 0x40, 0x03, 0x01,
 0x00, 0x00, 0x24, 0x01, 0x00, 0xf2, 0x02, 0xc6,
 0x9c, 0xf2, 0x02, 0xc6, 0xd0, 0xd7, 0x40, 0x00,
 0x01, 0x00, 0x00, 0x11, 0xf1, 0x10, 0x0e, 0x61,
 0x01, 0x00, 0xf0, 0x13, 0x61, 0x00, 0x00, 0x04,
 0x20, 0x01, 0x00, 0x00, 0xae, 0xf0, 0x08, 0x04,
 0x21, 0x01, 0x00, 0x00, 0xf2, 0x02, 0xc6, 0xd1,
 0xd7, 0x40, 0x01, 0x01, 0x00, 0x00, 0xf0, 0x2f,
 0xc6, 0x41, 0x64, 0x00, 0x00, 0x00, 0x38, 0x22,
 0x01, 0x00, 0x00, 0xd7, 0x40, 0x01, 0x01, 0x00,
 0x00, 0xf5, 0x41, 0x23, 0x01, 0x00, 0x00, 0xc4,
 0x00, 0xc4, 0x01, 0x34, 0x04, 0x1f, 0x01, 0x00,
 0x00, 0x24, 0x02, 0x00, 0x04, 0x24, 0x01, 0x00,
 0x00, 0x24, 0x02, 0x00, 0xf2, 0x02, 0xc6, 0xd2,
 0xd7, 0x40, 0x08, 0x01, 0x00, 0x00, 0x11, 0xf1,
 0x03, 0x0e, 0xc6, 0xc8, 0x04, 0xd7, 0x40, 0x06,
 0x01, 0x00, 0x00, 0x11, 0xf1, 0x03, 0x0e, 0xc6,
 0xc8, 0x05, 0x61, 0x05, 0x00, 0x95, 0xf0, 0x4b,
 0xd7, 0x40, 0x07, 0x01, 0x00, 0x00, 0xf0, 0x43,
 0xd7, 0x40, 0x07, 0x01, 0x00, 0x00, 0x96, 0x04,
 0x4d, 0x00, 0x00, 0x00, 0xad, 0xf0, 0x34, 0x60,
 0x06, 0x00, 0x64, 0x02, 0x00, 0x41, 0x25, 0x01,
 0x00, 0x00, 0xd7, 0x40, 0x07, 0x01, 0x00, 0x00,
 0x24, 0x01, 0x00, 0xc8, 0x06, 0x61, 0x06, 0x00,
 0xf0, 0x13, 0x04, 0x26, 0x01, 0x00, 0x00, 0x41,
 0x64, 0x00, 0x00, 0x00, 0x61, 0x06, 0x00, 0x24,
 0x01, 0x00, 0xf2, 0x02, 0xc6, 0x11, 0x62, 0x05,
 0x00, 0x0e, 0x61, 0x05, 0x00, 0xf0, 0x29, 0x61,
 0x05, 0x00, 0x41, 0x27, 0x01, 0x00, 0x00, 0x04,
 0x26, 0x01, 0x00, 0x00, 0x24, 0x01, 0x00, 0x95,
 0xf0, 0x16, 0x04, 0x26, 0x01, 0x00, 0x00, 0x41,
 0x64, 0x00, 0x00, 0x00, 0x61, 0x05, 0x00, 0x24,
 0x01, 0x00, 0x11, 0x62, 0x05, 0x00, 0x0e, 0xd7,
 0x40, 0x05, 0x01, 0x00, 0x00, 0x11, 0xf1, 0x03,
 0x0e, 0xc6, 0xc8, 0x07, 0x61, 0x07, 0x00, 0xf0,
 0x29, 0x61, 0x07, 0x00, 0x41, 0x27, 0x01, 0x00,
 0x00, 0x04, 0x28, 0x01, 0x00, 0x00, 0x24, 0x01,
 0x00, 0x95, 0xf0, 0x16, 0x04, 0x28, 0x01, 0x00,
 0x00, 0x41, 0x64, 0x00, 0x00, 0x00, 0x61, 0x07,
 0x00, 0x24, 0x01, 0x00, 0x11, 0x62, 0x07, 0x00,
 0x0e, 0x61, 0x00, 0x00, 0x61, 0x02, 0x00, 0x9c,
 0x61, 0x03, 0x00, 0x9c, 0x61, 0x01, 0x00, 0x9c,
 0x61, 0x04, 0x00, 0x9c, 0x61, 0x05, 0x00, 0x9c,
 0x61, 0x07, 0x00, 0x9c, 0x28, 0x96, 0x04, 0x66,
 0x01, 0x6e, 0x6c, 0x1e, 0x07, 0x1c, 0x30, 0x1b,
 0x07, 0x0e, 0x07, 0x0c, 0x1e, 0x27, 0x07, 0x2a,
 0x2b, 0x1b, 0x28, 0x0c, 0x2b, 0x13, 0x39, 0x26,
 0x34, 0x20, 0x48, 0x30, 0x5f, 0x69, 0x35, 0x0f,
 0x2b, 0x0a, 0x20, 0x2c, 0x5c, 0x2a, 0x00, 0x11,
 0x0a, 0x49, 0x34, 0x2c, 0x1b, 0x10, 0x11, 0x1a,
 0x58, 0x5b, 0x48, 0x28, 0x1b, 0x26, 0x3e, 0x20,
 0x80, 0x65, 0x45, 0x07, 0x45, 0x0f, 0x20, 0x14,
 0x2a, 0x34, 0x20, 0x28, 0x3f, 0x51, 0x2a, 0x2c,
 0x3b, 0x39, 0x4d, 0x1c, 0x4b, 0x2d, 0x1b, 0x16,
 0x2a, 0x0e, 0x3a, 0x23, 0x34, 0x1a, 0x3c, 0x0b,
 0x45, 0x0d, 0x1b, 0x12, 0x2a, 0x0a, 0x3a, 0x1b,
 0x34, 0x16, 0x3c, 0x0f, 0x11, 0x16, 0x16, 0x14,
 0x16, 0x0e, 0x16, 0x0e, 0x16, 0x16, 0x16, 0x12,
 0x00, 0x0c, 0x43, 0x0a, 0x01, 0x94, 0x02, 0x02,
 0x03, 0x02, 0x05, 0x00, 0x02, 0x02, 0xcd, 0x01,
 0x05, 0x86, 0x02, 0x00, 0x01, 0x00, 0xd2, 0x04,
 0x00, 0x01, 0x00, 0xd4, 0x04, 0x05, 0x00, 0x30,
 0xbc, 0x01, 0x05, 0x01, 0x30, 0xd6, 0x04, 0x0a,
 0x02, 0x30, 0xf6, 0x03, 0x05, 0x00, 0xf8, 0x03,
 0x06, 0x00, 0x07, 0x0c, 0x5b, 0x5e, 0x2f, 0x5d,
 0x2a, 0x24, 0x07, 0x5c, 0x00, 0x00, 0x01, 0x00,
 0x26, 0x00, 0x00, 0x00, 0x0e, 0x06, 0x00, 0x00,
 0x00, 0x06, 0x0d, 0xf5, 0xff, 0xff, 0xff, 0x13,
 0x00, 0x0f, 0x10, 0x00, 0x00, 0x00, 0x24, 0x02,
 0x00, 0x00, 0x00, 0x2e, 0x00, 0x30, 0x00, 0xff,
 0xff, 0x0d, 0xeb, 0xff, 0xff, 0xff, 0x0b, 0x14,
 0x00, 0x10, 0x6b, 0x16, 0x00, 0x00, 0x00, 0x38,
 0x1d, 0x01, 0x00, 0x00, 0x11, 0xd8, 0xd7, 0x21,
 0x02, 0x00, 0x40, 0x0a, 0x01, 0x00, 0x00, 0x6e,
 0x28, 0x0e, 0x6b, 0xb3, 0x00, 0x00, 0x00, 0x60,
 0x01, 0x00, 0x60, 0x00, 0x00, 0xe3, 0xd7, 0xf5,
 0xcf, 0xe3, 0xd8, 0xf5, 0xd0, 0x61, 0x01, 0x00,
 0x40, 0xff, 0x00, 0x00, 0x00, 0x11, 0xf1, 0x0a,
 0x0e, 0x61, 0x01, 0x00, 0x40, 0x02, 0x01, 0x00,
 0x00, 0xf0, 0x08, 0xe4, 0x61, 0x01, 0x00, 0xf5,
 0x6e, 0x28, 0xd8, 0x41, 0x27, 0x01, 0x00, 0x00,
 0x04, 0x19, 0x01, 0x00, 0x00, 0x24, 0x01, 0x00,
 0xf0, 0x0c, 0x61, 0x00, 0x00, 0xd8, 0x42, 0x08,
 0x01, 0x00, 0x00, 0xf2, 0x31, 0x60, 0x02, 0x00,
 0x61, 0x00, 0x00, 0x40, 0x08, 0x01, 0x00, 0x00,
 0x11, 0xf1, 0x07, 0x0e, 0x04, 0x19, 0x01, 0x00,
 0x00, 0x41, 0x23, 0x01, 0x00, 0x00, 0xc4, 0x00,
 0xc4, 0x01, 0x34, 0xc6, 0x24, 0x02, 0x00, 0xd1,
 0x61, 0x00, 0x00, 0x61, 0x02, 0x00, 0xd8, 0x9c,
 0x42, 0x08, 0x01, 0x00, 0x00, 0x61, 0x00, 0x00,
 0x61, 0x01, 0x00, 0x40, 0x06, 0x01, 0x00, 0x00,
 0x42, 0x06, 0x01, 0x00, 0x00, 0x61, 0x00, 0x00,
 0x61, 0x01, 0x00, 0x40, 0x05, 0x01, 0x00, 0x00,
 0x42, 0x05, 0x01, 0x00, 0x00, 0x61, 0x00, 0x00,
 0x07, 0x42, 0x09, 0x01, 0x00, 0x00, 0x61, 0x00,
 0x00, 0x07, 0x42, 0x0a, 0x01, 0x00, 0x00, 0xe4,
 0x61, 0x00, 0x00, 0xf5, 0x6e, 0x28, 0x30, 0x96,
 0x04, 0x93, 0x01, 0x01, 0x3a, 0x00, 0x05, 0x08,
 0x26, 0x20, 0x08, 0x07, 0x08, 0x77, 0x0b, 0x07,
 0x0c, 0x12, 0x07, 0x07, 0x0c, 0x13, 0x21, 0x3e,
 0x26, 0x35, 0x17, 0x07, 0x0e, 0x23, 0x1b, 0x20,
 0x06, 0x35, 0x05, 0x11, 0x20, 0x3b, 0x05, 0x70,
 0x2c, 0x36, 0x45, 0x11, 0x20, 0x11, 0x0c, 0x28,
 0x33, 0x11, 0x1c, 0x44, 0x1b, 0x11, 0x18, 0x44,
 0x17, 0x30, 0x00, 0x31, 0x0e, 0x07, 0x0e, 0x00,
 0x0c, 0x43, 0x0a, 0x01, 0xfa, 0x03, 0x01, 0x02,
 0x01, 0x03, 0x00, 0x00, 0x00, 0x5e, 0x03, 0x9e,
 0x04, 0x00, 0x01, 0x00, 0xd8, 0x04, 0x01, 0x00,
 0x30, 0xda, 0x04, 0x03, 0x01, 0x30, 0x60, 0x00,
 0x00, 0xd7, 0x96, 0x04, 0x4c, 0x00, 0x00, 0x00,
 0xad, 0xf0, 0x0d, 0x38, 0x1d, 0x01, 0x00, 0x00,
 0x11, 0xd7, 0x21, 0x01, 0x00, 0xf2, 0x02, 0xd7,
 0xcf, 0x61, 0x00, 0x00, 0x40, 0xff, 0x00, 0x00,
 0x00, 0x04, 0x2e, 0x01, 0x00, 0x00, 0xae, 0xf0,
 0x24, 0x60, 0x01, 0x00, 0x38, 0xda, 0x00, 0x00,
 0x00, 0x11, 0x04, 0x2f, 0x01, 0x00, 0x00, 0x21,
 0x01, 0x00, 0xd0, 0x61, 0x01, 0x00, 0x04, 0x30,
 0x01, 0x00, 0x00, 0x42, 0x31, 0x01, 0x00, 0x00,
 0x61, 0x01, 0x00, 0x30, 0x38, 0x18, 0x01, 0x00,
 0x00, 0x61, 0x00, 0x00, 0x40, 0x08, 0x01, 0x00,
 0x00, 0x23, 0x01, 0x00, 0x96, 0x04, 0xb1, 0x01,
 0x01, 0x18, 0x12, 0x34, 0x07, 0x10, 0x2f, 0x1e,
 0x20, 0x08, 0x20, 0x0e, 0x0e, 0x67, 0x2a, 0x28,
 0x3a, 0x07, 0x4f, 0x1f, 0x45, 0x0c, 0x19, 0x05,
 0x1b, 0x26, 0x00, 0x0c, 0x43, 0x0a, 0x01, 0xfc,
 0x03, 0x01, 0x00, 0x01, 0x08, 0x00, 0x00, 0x02,
 0x30, 0x01, 0x92, 0x04, 0x00, 0x01, 0x00, 0x07,
 0x08, 0x5b, 0x3f, 0x23, 0x5d, 0x07, 0x46, 0x01,
 0x00, 0x01, 0x00, 0x1b, 0x00, 0x00, 0x00, 0x0e,
 0x06, 0x00, 0x00, 0x00, 0x06, 0x0d, 0xf5, 0xff,
 0xff, 0xff, 0x13, 0x00, 0x24, 0x02, 0x00, 0x23,
 0x00, 0x23, 0x00, 0x3f, 0x00, 0x3f, 0x00, 0x14,
 0x00, 0x10, 0x38, 0x1d, 0x01, 0x00, 0x00, 0x11,
 0x04, 0x32, 0x01, 0x00, 0x00, 0x41, 0x64, 0x00,
 0x00, 0x00, 0x38, 0x33, 0x01, 0x00, 0x00, 0xd7,
 0xf5, 0x41, 0x23, 0x01, 0x00, 0x00, 0xc4, 0x00,
 0xc4, 0x01, 0x34, 0x38, 0x22, 0x01, 0x00, 0x00,
 0x24, 0x02, 0x00, 0x24, 0x01, 0x00, 0x21, 0x01,
 0x00, 0x28, 0x96, 0x04, 0xbf, 0x01, 0x01, 0x0a,
 0x03, 0x1e, 0x52, 0x1c, 0x1b, 0x14, 0x25, 0x0c,
 0x1b, 0x22, 0x00, 0x0c, 0x42, 0x0a, 0x01, 0x00,
 0x01, 0x00, 0x01, 0x06, 0x00, 0x00, 0x00, 0x2d,
 0x01, 0xe8, 0x04, 0x00, 0x01, 0x00, 0x6b, 0x22,
 0x00, 0x00, 0x00, 0x38, 0x1d, 0x01, 0x00, 0x00,
 0x11, 0x04, 0x35, 0x01, 0x00, 0x00, 0x41, 0x64,
 0x00, 0x00, 0x00, 0xd7, 0x24, 0x01, 0x00, 0x21,
 0x01, 0x00, 0x40, 0x04, 0x01, 0x00, 0x00, 0x6e,
 0x28, 0x0e, 0x6b, 0x07, 0x00, 0x00, 0x00, 0xc6,
 0x6e, 0x28, 0x30, 0x96, 0x04, 0xcc, 0x01, 0x14,
 0x04, 0x1d, 0x08, 0x52, 0x1c, 0x00, 0x0c, 0x42,
 0x0a, 0x01, 0x00, 0x00, 0x00, 0x00, 0x01, 0x00,
 0x00, 0x00, 0x02, 0x00, 0xc6, 0x28, 0x96, 0x04,
 0xd3, 0x01, 0x16, 0x00, 0x00, 0xc5, 0x04, 0xc8,
 0x05, 0xc5, 0x05, 0xc8, 0x06, 0xc5, 0x06, 0xc8,
 0x07, 0xc5, 0x07, 0xc8, 0x08, 0xc5, 0x08, 0xc8,
 0x09, 0x60, 0x04, 0x00, 0x60, 0x01, 0x00, 0x60,
 0x00, 0x00, 0xd8, 0x04, 0xf8, 0x00, 0x00, 0x00,
 0xf5, 0xcf, 0xc4, 0x00, 0xc4, 0x01, 0x34, 0xd0,
 0x60, 0x02, 0x00, 0x06, 0x60, 0x03, 0x00, 0xc4,
 0x02, 0x55, 0xfa, 0x00, 0x00, 0x00, 0x00, 0xc5,
 0x03, 0x53, 0xfc, 0x00, 0x00, 0x00, 0x00, 0x06,
 0xd2, 0x0e, 0xd5, 0x67, 0x03, 0x00, 0xc8, 0x04,
 0xd9, 0x0b, 0xc7, 0x05, 0x4b, 0xfb, 0x00, 0x00,
 0x00, 0xc7, 0x06, 0x4b, 0xfc, 0x00, 0x00, 0x00,
 0xc7, 0x07, 0x4b, 0x8a, 0x00, 0x00, 0x00, 0x61,
 0x04, 0x00, 0x4b, 0xfa, 0x00, 0x00, 0x00, 0x38,
 0x1d, 0x01, 0x00, 0x00, 0x4b, 0x1d, 0x01, 0x00,
 0x00, 0x38, 0x36, 0x01, 0x00, 0x00, 0x4b, 0x36,
 0x01, 0x00, 0x00, 0xc7, 0x08, 0x4b, 0xfd, 0x00,
 0x00, 0x00, 0xc7, 0x09, 0x4b, 0xfe, 0x00, 0x00,
 0x00, 0xc5, 0x09, 0x4c, 0x37, 0x01, 0x00, 0x00,
 0x4b, 0x37, 0x01, 0x00, 0x00, 0xc5, 0x0a, 0x4c,
 0x38, 0x01, 0x00, 0x00, 0x4b, 0x38, 0x01, 0x00,
 0x00, 0x42, 0xf2, 0x00, 0x00, 0x00, 0x29, 0x96,
 0x04, 0x01, 0x01, 0x09, 0x00, 0x1d, 0x1c, 0x28,
 0x00, 0x2e, 0xe8, 0x02, 0x27, 0x00, 0xc5, 0x00,
 0xd3, 0x28, 0x96, 0x04, 0x01, 0x01, 0x00, 0x00,
};



const uint32_t t2__core_util_size = 9325;

const uint8_t t2__core_util[9325] = {
 0x1b, 0xed, 0x58, 0xf3, 0xef, 0xba, 0x01, 0x01,
 0x0e, 0x65, 0x78, 0x70, 0x6f, 0x72, 0x74, 0x73,
 0x01, 0x0e, 0x72, 0x65, 0x71, 0x75, 0x69, 0x72,
 0x65, 0x01, 0x0c, 0x6d, 0x6f, 0x64, 0x75, 0x6c,
 0x65, 0x01, 0x14, 0x5f, 0x5f, 0x66, 0x69, 0x6c,
 0x65, 0x6e, 0x61, 0x6d, 0x65, 0x01, 0x12, 0x5f,
 0x5f, 0x64, 0x69, 0x72, 0x6e, 0x61, 0x6d, 0x65,
 0x01, 0x10, 0x5f, 0x5f, 0x6e, 0x61, 0x74, 0x69,
 0x76, 0x65, 0x01, 0x1c, 0x6b, 0x43, 0x75, 0x73,
 0x74, 0x6f, 0x6d, 0x49, 0x6e, 0x73, 0x70, 0x65,
 0x63, 0x74, 0x01, 0x14, 0x6b, 0x50, 0x72, 0x6f,
 0x6d, 0x69, 0x73, 0x69, 0x66, 0x79, 0x01, 0x10,
 0x69, 0x73, 0x4f, 0x62, 0x6a, 0x65, 0x63, 0x74,
 0x01, 0x16, 0x71, 0x75, 0x6f, 0x74, 0x65, 0x53,
 0x74, 0x72, 0x69, 0x6e, 0x67, 0x01, 0x14, 0x49,
 0x44, 0x45, 0x4e, 0x54, 0x49, 0x46, 0x49, 0x45,
 0x52, 0x01, 0x0e, 0x69, 0x6e, 0x73, 0x70, 0x65,
 0x63, 0x74, 0x01, 0x0c, 0x66, 0x6f, 0x72, 0x6d,
 0x61, 0x74, 0x01, 0x12, 0x70, 0x72, 0x6f, 0x6d,
 0x69, 0x73, 0x69, 0x66, 0x79, 0x01, 0x16, 0x63,
 0x61, 0x6c, 0x6c, 0x62, 0x61, 0x63, 0x6b, 0x69,
 0x66, 0x79, 0x01, 0x10, 0x64, 0x65, 0x62, 0x75,
 0x67, 0x6c, 0x6f, 0x67, 0x01, 0x10, 0x69, 0x6e,
 0x68, 0x65, 0x72, 0x69, 0x74, 0x73, 0x01, 0x12,
 0x64, 0x65, 0x70, 0x72, 0x65, 0x63, 0x61, 0x74,
 0x65, 0x01, 0x0a, 0x74, 0x79, 0x70, 0x65, 0x73,
 0x01, 0x20, 0x6c, 0x65, 0x67, 0x61, 0x63, 0x79,
 0x54, 0x79, 0x70, 0x65, 0x43, 0x68, 0x65, 0x63,
 0x6b, 0x73, 0x01, 0x22, 0x69, 0x73, 0x44, 0x65,
 0x65, 0x70, 0x53, 0x74, 0x72, 0x69, 0x63, 0x74,
 0x45, 0x71, 0x75, 0x61, 0x6c, 0x01, 0x12, 0x3c,
 0x75, 0x6e, 0x6e, 0x61, 0x6d, 0x65, 0x64, 0x3e,
 0x01, 0x0e, 0x65, 0x73, 0x63, 0x61, 0x70, 0x65,
 0x64, 0x01, 0x0e, 0x72, 0x65, 0x70, 0x6c, 0x61,
 0x63, 0x65, 0x01, 0x04, 0x5c, 0x5c, 0x01, 0x04,
 0x5c, 0x6e, 0x01, 0x04, 0x5c, 0x74, 0x01, 0x04,
 0x5c, 0x72, 0x01, 0x10, 0x69, 0x6e, 0x63, 0x6c,
 0x75, 0x64, 0x65, 0x73, 0x01, 0x02, 0x27, 0x01,
 0x02, 0x22, 0x01, 0x04, 0x5c, 0x27, 0x01, 0x0e,
 0x6f, 0x70, 0x74, 0x69, 0x6f, 0x6e, 0x73, 0x01,
 0x08, 0x6f, 0x70, 0x74, 0x73, 0x01, 0x0a, 0x64,
 0x65, 0x70, 0x74, 0x68, 0x01, 0x18, 0x66, 0x6f,
 0x72, 0x6d, 0x61, 0x74, 0x4f, 0x62, 0x6a, 0x65,
 0x63, 0x74, 0x01, 0x06, 0x76, 0x61, 0x6c, 0x01,
 0x12, 0x72, 0x65, 0x6d, 0x61, 0x69, 0x6e, 0x69,
 0x6e, 0x67, 0x01, 0x08, 0x73, 0x65, 0x65, 0x6e,
 0x01, 0x02, 0x6e, 0x01, 0x04, 0x69, 0x73, 0x01,
 0x04, 0x2d, 0x30, 0x01, 0x04, 0x3a, 0x20, 0x01,
 0x18, 0x20, 0x28, 0x61, 0x6e, 0x6f, 0x6e, 0x79,
 0x6d, 0x6f, 0x75, 0x73, 0x29, 0x01, 0x12, 0x5b,
 0x46, 0x75, 0x6e, 0x63, 0x74, 0x69, 0x6f, 0x6e,
 0x01, 0x02, 0x5d, 0x01, 0x1a, 0x5b, 0x43, 0x69,
 0x72, 0x63, 0x75, 0x6c, 0x61, 0x72, 0x20, 0x2a,
 0x31, 0x5d, 0x01, 0x0a, 0x69, 0x73, 0x4e, 0x61,
 0x4e, 0x01, 0x0e, 0x67, 0x65, 0x74, 0x54, 0x69,
 0x6d, 0x65, 0x01, 0x18, 0x49, 0x6e, 0x76, 0x61,
 0x6c, 0x69, 0x64, 0x20, 0x44, 0x61, 0x74, 0x65,
 0x01, 0x16, 0x74, 0x6f, 0x49, 0x53, 0x4f, 0x53,
 0x74, 0x72, 0x69, 0x6e, 0x67, 0x01, 0x0e, 0x69,
 0x73, 0x41, 0x72, 0x72, 0x61, 0x79, 0x01, 0x0e,
 0x5b, 0x41, 0x72, 0x72, 0x61, 0x79, 0x5d, 0x01,
 0x10, 0x5b, 0x4f, 0x62, 0x6a, 0x65, 0x63, 0x74,
 0x5d, 0x01, 0x0a, 0x73, 0x68, 0x6f, 0x77, 0x6e,
 0x01, 0x08, 0x6d, 0x6f, 0x72, 0x65, 0x01, 0x0e,
 0x65, 0x6e, 0x74, 0x72, 0x69, 0x65, 0x73, 0x01,
 0x0a, 0x70, 0x61, 0x72, 0x74, 0x73, 0x01, 0x02,
 0x62, 0x01, 0x10, 0x70, 0x61, 0x64, 0x53, 0x74,
 0x61, 0x72, 0x74, 0x01, 0x0a, 0x65, 0x6e, 0x74,
 0x72, 0x79, 0x01, 0x02, 0x6b, 0x01, 0x02, 0x76,
 0x01, 0x08, 0x20, 0x3d, 0x3e, 0x20, 0x01, 0x06,
 0x6b, 0x65, 0x79, 0x01, 0x08, 0x74, 0x65, 0x73,
 0x74, 0x01, 0x1e, 0x5b, 0x47, 0x65, 0x74, 0x74,
 0x65, 0x72, 0x2f, 0x53, 0x65, 0x74, 0x74, 0x65,
 0x72, 0x5d, 0x01, 0x0c, 0x42, 0x75, 0x66, 0x66,
 0x65, 0x72, 0x01, 0x10, 0x69, 0x73, 0x42, 0x75,
 0x66, 0x66, 0x65, 0x72, 0x01, 0x10, 0x73, 0x75,
 0x62, 0x61, 0x72, 0x72, 0x61, 0x79, 0x01, 0x06,
 0x6d, 0x61, 0x70, 0x01, 0x0a, 0x20, 0x2e, 0x2e,
 0x2e, 0x20, 0x01, 0x16, 0x20, 0x6d, 0x6f, 0x72,
 0x65, 0x20, 0x62, 0x79, 0x74, 0x65, 0x73, 0x01,
 0x10, 0x3c, 0x42, 0x75, 0x66, 0x66, 0x65, 0x72,
 0x20, 0x01, 0x02, 0x20, 0x01, 0x02, 0x3e, 0x01,
 0x04, 0x5b, 0x20, 0x01, 0x04, 0x2c, 0x20, 0x01,
 0x04, 0x20, 0x5d, 0x01, 0x08, 0x5b, 0x20, 0x20,
 0x5d, 0x01, 0x04, 0x5b, 0x5d, 0x01, 0x0c, 0x69,
 0x73, 0x56, 0x69, 0x65, 0x77, 0x01, 0x02, 0x28,
 0x01, 0x08, 0x29, 0x20, 0x5b, 0x20, 0x01, 0x08,
 0x4d, 0x61, 0x70, 0x28, 0x01, 0x06, 0x29, 0x20,
 0x7b, 0x01, 0x02, 0x7d, 0x01, 0x08, 0x53, 0x65,
 0x74, 0x28, 0x01, 0x2a, 0x50, 0x72, 0x6f, 0x6d,
 0x69, 0x73, 0x65, 0x20, 0x7b, 0x20, 0x3c, 0x70,
 0x65, 0x6e, 0x64, 0x69, 0x6e, 0x67, 0x3e, 0x20,
 0x7d, 0x01, 0x14, 0x73, 0x68, 0x6f, 0x77, 0x48,
 0x69, 0x64, 0x64, 0x65, 0x6e, 0x01, 0x26, 0x67,
 0x65, 0x74, 0x4f, 0x77, 0x6e, 0x50, 0x72, 0x6f,
 0x70, 0x65, 0x72, 0x74, 0x79, 0x4e, 0x61, 0x6d,
 0x65, 0x73, 0x01, 0x32, 0x5b, 0x4f, 0x62, 0x6a,
 0x65, 0x63, 0x74, 0x3a, 0x20, 0x6e, 0x75, 0x6c,
 0x6c, 0x20, 0x70, 0x72, 0x6f, 0x74, 0x6f, 0x74,
 0x79, 0x70, 0x65, 0x5d, 0x20, 0x01, 0x04, 0x7b,
 0x7d, 0x01, 0x04, 0x7b, 0x20, 0x01, 0x04, 0x20,
 0x7d, 0x01, 0x08, 0x61, 0x72, 0x67, 0x73, 0x01,
 0x10, 0x74, 0x65, 0x6d, 0x70, 0x6c, 0x61, 0x74,
 0x65, 0x01, 0x12, 0x66, 0x6f, 0x72, 0x6d, 0x61,
 0x74, 0x74, 0x65, 0x64, 0x01, 0x08, 0x72, 0x65,
 0x73, 0x74, 0x01, 0x06, 0x61, 0x72, 0x67, 0x01,
 0x0a, 0x74, 0x6f, 0x6b, 0x65, 0x6e, 0x01, 0x04,
 0x25, 0x25, 0x01, 0x02, 0x25, 0x01, 0x04, 0x25,
 0x73, 0x01, 0x04, 0x25, 0x64, 0x01, 0x04, 0x25,
 0x69, 0x01, 0x10, 0x70, 0x61, 0x72, 0x73, 0x65,
 0x49, 0x6e, 0x74, 0x01, 0x04, 0x25, 0x66, 0x01,
 0x14, 0x70, 0x61, 0x72, 0x73, 0x65, 0x46, 0x6c,
 0x6f, 0x61, 0x74, 0x01, 0x04, 0x25, 0x6a, 0x01,
 0x12, 0x73, 0x74, 0x72, 0x69, 0x6e, 0x67, 0x69,
 0x66, 0x79, 0x01, 0x14, 0x5b, 0x43, 0x69, 0x72,
 0x63, 0x75, 0x6c, 0x61, 0x72, 0x5d, 0x01, 0x04,
 0x25, 0x6f, 0x01, 0x04, 0x25, 0x4f, 0x01, 0x04,
 0x25, 0x63, 0x01, 0x0a, 0x73, 0x6c, 0x69, 0x63,
 0x65, 0x01, 0x10, 0x6f, 0x72, 0x69, 0x67, 0x69,
 0x6e, 0x61, 0x6c, 0x01, 0x06, 0x65, 0x72, 0x72,
 0x01, 0x16, 0x70, 0x72, 0x6f, 0x6d, 0x69, 0x73,
 0x69, 0x66, 0x69, 0x65, 0x64, 0x01, 0x08, 0x63,
 0x61, 0x6c, 0x6c, 0x01, 0x60, 0x54, 0x68, 0x65,
 0x20, 0x22, 0x6f, 0x72, 0x69, 0x67, 0x69, 0x6e,
 0x61, 0x6c, 0x22, 0x20, 0x61, 0x72, 0x67, 0x75,
 0x6d, 0x65, 0x6e, 0x74, 0x20, 0x6d, 0x75, 0x73,
 0x74, 0x20, 0x62, 0x65, 0x20, 0x6f, 0x66, 0x20,
 0x74, 0x79, 0x70, 0x65, 0x20, 0x66, 0x75, 0x6e,
 0x63, 0x74, 0x69, 0x6f, 0x6e, 0x01, 0x28, 0x45,
 0x52, 0x52, 0x5f, 0x49, 0x4e, 0x56, 0x41, 0x4c,
 0x49, 0x44, 0x5f, 0x41, 0x52, 0x47, 0x5f, 0x54,
 0x59, 0x50, 0x45, 0x01, 0x08, 0x63, 0x6f, 0x64,
 0x65, 0x01, 0x1a, 0x63, 0x61, 0x6c, 0x6c, 0x62,
 0x61, 0x63, 0x6b, 0x69, 0x66, 0x69, 0x65, 0x64,
 0x01, 0x10, 0x63, 0x61, 0x6c, 0x6c, 0x62, 0x61,
 0x63, 0x6b, 0x01, 0x0e, 0x70, 0x72, 0x6f, 0x63,
 0x65, 0x73, 0x73, 0x01, 0x10, 0x6e, 0x65, 0x78,
 0x74, 0x54, 0x69, 0x63, 0x6b, 0x01, 0x4e, 0x50,
 0x72, 0x6f, 0x6d, 0x69, 0x73, 0x65, 0x20, 0x77,
 0x61, 0x73, 0x20, 0x72, 0x65, 0x6a, 0x65, 0x63,
 0x74, 0x65, 0x64, 0x20, 0x77, 0x69, 0x74, 0x68,
 0x20, 0x61, 0x20, 0x66, 0x61, 0x6c, 0x73, 0x79,
 0x20, 0x76, 0x61, 0x6c, 0x75, 0x65, 0x01, 0x06,
 0x70, 0x6f, 0x70, 0x01, 0x0e, 0x73, 0x65, 0x63,
 0x74, 0x69, 0x6f, 0x6e, 0x01, 0x0e, 0x65, 0x6e,
 0x61, 0x62, 0x6c, 0x65, 0x64, 0x01, 0x08, 0x6e,
 0x6f, 0x6f, 0x70, 0x01, 0x0a, 0x64, 0x65, 0x62,
 0x75, 0x67, 0x01, 0x0e, 0x63, 0x6f, 0x6e, 0x73,
 0x6f, 0x6c, 0x65, 0x01, 0x16, 0x74, 0x6f, 0x55,
 0x70, 0x70, 0x65, 0x72, 0x43, 0x61, 0x73, 0x65,
 0x01, 0x06, 0x70, 0x69, 0x64, 0x01, 0x06, 0x65,
 0x6e, 0x76, 0x01, 0x14, 0x4e, 0x4f, 0x44, 0x45,
 0x5f, 0x44, 0x45, 0x42, 0x55, 0x47, 0x01, 0x08,
 0x73, 0x6f, 0x6d, 0x65, 0x01, 0x08, 0x63, 0x74,
 0x6f, 0x72, 0x01, 0x12, 0x73, 0x75, 0x70, 0x65,
 0x72, 0x43, 0x74, 0x6f, 0x72, 0x01, 0x0c, 0x73,
 0x75, 0x70, 0x65, 0x72, 0x5f, 0x01, 0x04, 0x66,
 0x6e, 0x01, 0x0c, 0x77, 0x61, 0x72, 0x6e, 0x65,
 0x64, 0x01, 0x14, 0x64, 0x65, 0x70, 0x72, 0x65,
 0x63, 0x61, 0x74, 0x65, 0x64, 0x01, 0x16, 0x65,
 0x6d, 0x69, 0x74, 0x57, 0x61, 0x72, 0x6e, 0x69,
 0x6e, 0x67, 0x01, 0x02, 0x5b, 0x01, 0x04, 0x5d,
 0x20, 0x01, 0x02, 0x61, 0x01, 0x0c, 0x61, 0x73,
 0x73, 0x65, 0x72, 0x74, 0x01, 0x1e, 0x64, 0x65,
 0x65, 0x70, 0x53, 0x74, 0x72, 0x69, 0x63, 0x74,
 0x45, 0x71, 0x75, 0x61, 0x6c, 0x01, 0x0c, 0x73,
 0x74, 0x64, 0x6f, 0x75, 0x74, 0x01, 0x0a, 0x77,
 0x72, 0x69, 0x74, 0x65, 0x01, 0x02, 0x0a, 0x01,
 0x0c, 0x73, 0x74, 0x64, 0x65, 0x72, 0x72, 0x01,
 0x0e, 0x44, 0x45, 0x42, 0x55, 0x47, 0x3a, 0x20,
 0x01, 0x06, 0x6c, 0x6f, 0x67, 0x01, 0x34, 0x6e,
 0x6f, 0x64, 0x65, 0x6a, 0x73, 0x2e, 0x75, 0x74,
 0x69, 0x6c, 0x2e, 0x69, 0x6e, 0x73, 0x70, 0x65,
 0x63, 0x74, 0x2e, 0x63, 0x75, 0x73, 0x74, 0x6f,
 0x6d, 0x01, 0x38, 0x6e, 0x6f, 0x64, 0x65, 0x6a,
 0x73, 0x2e, 0x75, 0x74, 0x69, 0x6c, 0x2e, 0x70,
 0x72, 0x6f, 0x6d, 0x69, 0x73, 0x69, 0x66, 0x79,
 0x2e, 0x63, 0x75, 0x73, 0x74, 0x6f, 0x6d, 0x01,
 0x0c, 0x63, 0x75, 0x73, 0x74, 0x6f, 0x6d, 0x01,
 0x0c, 0x69, 0x73, 0x44, 0x61, 0x74, 0x65, 0x01,
 0x10, 0x69, 0x73, 0x52, 0x65, 0x67, 0x45, 0x78,
 0x70, 0x01, 0x0a, 0x69, 0x73, 0x4d, 0x61, 0x70,
 0x01, 0x0a, 0x69, 0x73, 0x53, 0x65, 0x74, 0x01,
 0x12, 0x69, 0x73, 0x50, 0x72, 0x6f, 0x6d, 0x69,
 0x73, 0x65, 0x01, 0x1a, 0x69, 0x73, 0x4e, 0x61,
 0x74, 0x69, 0x76, 0x65, 0x45, 0x72, 0x72, 0x6f,
 0x72, 0x01, 0x18, 0x69, 0x73, 0x54, 0x79, 0x70,
 0x65, 0x64, 0x41, 0x72, 0x72, 0x61, 0x79, 0x01,
 0x1a, 0x69, 0x73, 0x41, 0x72, 0x72, 0x61, 0x79,
 0x42, 0x75, 0x66, 0x66, 0x65, 0x72, 0x01, 0x14,
 0x69, 0x73, 0x44, 0x61, 0x74, 0x61, 0x56, 0x69,
 0x65, 0x77, 0x01, 0x1e, 0x69, 0x73, 0x41, 0x73,
 0x79, 0x6e, 0x63, 0x46, 0x75, 0x6e, 0x63, 0x74,
 0x69, 0x6f, 0x6e, 0x01, 0x26, 0x69, 0x73, 0x47,
 0x65, 0x6e, 0x65, 0x72, 0x61, 0x74, 0x6f, 0x72,
 0x46, 0x75, 0x6e, 0x63, 0x74, 0x69, 0x6f, 0x6e,
 0x01, 0x12, 0x69, 0x73, 0x42, 0x6f, 0x6f, 0x6c,
 0x65, 0x61, 0x6e, 0x01, 0x0e, 0x69, 0x73, 0x45,
 0x72, 0x72, 0x6f, 0x72, 0x01, 0x14, 0x69, 0x73,
 0x46, 0x75, 0x6e, 0x63, 0x74, 0x69, 0x6f, 0x6e,
 0x01, 0x0c, 0x69, 0x73, 0x4e, 0x75, 0x6c, 0x6c,
 0x01, 0x22, 0x69, 0x73, 0x4e, 0x75, 0x6c, 0x6c,
 0x4f, 0x72, 0x55, 0x6e, 0x64, 0x65, 0x66, 0x69,
 0x6e, 0x65, 0x64, 0x01, 0x10, 0x69, 0x73, 0x4e,
 0x75, 0x6d, 0x62, 0x65, 0x72, 0x01, 0x16, 0x69,
 0x73, 0x50, 0x72, 0x69, 0x6d, 0x69, 0x74, 0x69,
 0x76, 0x65, 0x01, 0x10, 0x69, 0x73, 0x53, 0x74,
 0x72, 0x69, 0x6e, 0x67, 0x01, 0x10, 0x69, 0x73,
 0x53, 0x79, 0x6d, 0x62, 0x6f, 0x6c, 0x01, 0x16,
 0x69, 0x73, 0x55, 0x6e, 0x64, 0x65, 0x66, 0x69,
 0x6e, 0x65, 0x64, 0x01, 0x22, 0x66, 0x6f, 0x72,
 0x6d, 0x61, 0x74, 0x57, 0x69, 0x74, 0x68, 0x4f,
 0x70, 0x74, 0x69, 0x6f, 0x6e, 0x73, 0x01, 0x16,
 0x54, 0x65, 0x78, 0x74, 0x45, 0x6e, 0x63, 0x6f,
 0x64, 0x65, 0x72, 0x01, 0x16, 0x54, 0x65, 0x78,
 0x74, 0x44, 0x65, 0x63, 0x6f, 0x64, 0x65, 0x72,
 0x01, 0x0a, 0x70, 0x72, 0x69, 0x6e, 0x74, 0x01,
 0x08, 0x70, 0x75, 0x74, 0x73, 0x0c, 0x00, 0x0a,
 0x00, 0xa8, 0x01, 0x00, 0x01, 0x00, 0x01, 0x00,
 0x00, 0x01, 0x04, 0x01, 0xaa, 0x01, 0x00, 0x00,
 0x00, 0x0c, 0x43, 0x0a, 0x01, 0x00, 0x06, 0x0f,
 0x06, 0x04, 0x08, 0x00, 0x2b, 0xe3, 0x04, 0x15,
 0xe4, 0x03, 0x00, 0x01, 0x00, 0xe6, 0x03, 0x00,
 0x01, 0x40, 0x07, 0xe8, 0x03, 0x00, 0x01, 0x00,
 0xea, 0x03, 0x00, 0x01, 0x00, 0xec, 0x03, 0x00,
 0x01, 0x00, 0xee, 0x03, 0x00, 0x01, 0x00, 0xf0,
 0x03, 0x01, 0x00, 0x70, 0x01, 0xf2, 0x03, 0x01,
 0x01, 0x70, 0x04, 0xf4, 0x03, 0x00, 0x00, 0x40,
 0x06, 0xf6, 0x03, 0x00, 0x03, 0x40, 0x00, 0xf8,
 0x03, 0x01, 0x02, 0x70, 0x02, 0xfa, 0x03, 0x00,
 0x04, 0x40, 0x03, 0xfc, 0x03, 0x00, 0x06, 0x40,
 0x05, 0xfe, 0x03, 0x00, 0x07, 0x00, 0x80, 0x04,
 0x00, 0x08, 0x00, 0x82, 0x04, 0x00, 0x09, 0x00,
 0x84, 0x04, 0x00, 0x0a, 0x00, 0x86, 0x04, 0x00,
 0x0b, 0x00, 0x88, 0x04, 0x01, 0x05, 0x30, 0x8a,
 0x04, 0x01, 0x0d, 0x30, 0x8c, 0x04, 0x00, 0x0c,
 0x00, 0x0c, 0x43, 0x0a, 0x01, 0xf4, 0x03, 0x01,
 0x00, 0x01, 0x02, 0x00, 0x00, 0x00, 0x10, 0x01,
 0x88, 0x01, 0x00, 0x01, 0x00, 0xd7, 0x07, 0xae,
 0x11, 0xf0, 0x0a, 0x0e, 0xd7, 0x96, 0x04, 0x4d,
 0x00, 0x00, 0x00, 0xad, 0x28, 0x8e, 0x04, 0x12,
 0x01, 0x08, 0x03, 0x16, 0x07, 0x14, 0x20, 0x1e,
 0x07, 0x14, 0x00, 0x0c, 0x43, 0x0a, 0x01, 0xf6,
 0x03, 0x01, 0x01, 0x01, 0x06, 0x00, 0x00, 0x0a,
 0xb0, 0x01, 0x02, 0x88, 0x01, 0x00, 0x01, 0x00,
 0x90, 0x04, 0x01, 0x00, 0x30, 0x07, 0x04, 0x5c,
 0x5c, 0x07, 0x36, 0x01, 0x00, 0x01, 0x00, 0x13,
 0x00, 0x00, 0x00, 0x0e, 0x06, 0x00, 0x00, 0x00,
 0x06, 0x0d, 0xf5, 0xff, 0xff, 0xff, 0x13, 0x00,
 0x01, 0x5c, 0x00, 0x14, 0x00, 0x10, 0x07, 0x04,
 0x5c, 0x6e, 0x07, 0x36, 0x01, 0x00, 0x01, 0x00,
 0x13, 0x00, 0x00, 0x00, 0x0e, 0x06, 0x00, 0x00,
 0x00, 0x06, 0x0d, 0xf5, 0xff, 0xff, 0xff, 0x13,
 0x00, 0x01, 0x0a, 0x00, 0x14, 0x00, 0x10, 0x07,
 0x04, 0x5c, 0x74, 0x07, 0x36, 0x01, 0x00, 0x01,
 0x00, 0x13, 0x00, 0x00, 0x00, 0x0e, 0x06, 0x00,
 0x00, 0x00, 0x06, 0x0d, 0xf5, 0xff, 0xff, 0xff,
 0x13, 0x00, 0x01, 0x09, 0x00, 0x14, 0x00, 0x10,
 0x07, 0x04, 0x5c, 0x72, 0x07, 0x36, 0x01, 0x00,
 0x01, 0x00, 0x13, 0x00, 0x00, 0x00, 0x0e, 0x06,
 0x00, 0x00, 0x00, 0x06, 0x0d, 0xf5, 0xff, 0xff,
 0xff, 0x13, 0x00, 0x01, 0x0d, 0x00, 0x14, 0x00,
 0x10, 0x07, 0x02, 0x27, 0x07, 0x36, 0x01, 0x00,
 0x01, 0x00, 0x13, 0x00, 0x00, 0x00, 0x0e, 0x06,
 0x00, 0x00, 0x00, 0x06, 0x0d, 0xf5, 0xff, 0xff,
 0xff, 0x13, 0x00, 0x01, 0x27, 0x00, 0x14, 0x00,
 0x10, 0x60, 0x00, 0x00, 0xd7, 0x41, 0x09, 0x01,
 0x00, 0x00, 0xc4, 0x00, 0xc4, 0x01, 0x34, 0x04,
 0x0a, 0x01, 0x00, 0x00, 0x24, 0x02, 0x00, 0x41,
 0x09, 0x01, 0x00, 0x00, 0xc4, 0x02, 0xc4, 0x03,
 0x34, 0x04, 0x0b, 0x01, 0x00, 0x00, 0x24, 0x02,
 0x00, 0x41, 0x09, 0x01, 0x00, 0x00, 0xc4, 0x04,
 0xc4, 0x05, 0x34, 0x04, 0x0c, 0x01, 0x00, 0x00,
 0x24, 0x02, 0x00, 0x41, 0x09, 0x01, 0x00, 0x00,
 0xc4, 0x06, 0xc4, 0x07, 0x34, 0x04, 0x0d, 0x01,
 0x00, 0x00, 0x24, 0x02, 0x00, 0xcf, 0x61, 0x00,
 0x00, 0x41, 0x0e, 0x01, 0x00, 0x00, 0x04, 0x0f,
 0x01, 0x00, 0x00, 0x24, 0x01, 0x00, 0xf0, 0x2a,
 0x61, 0x00, 0x00, 0x41, 0x0e, 0x01, 0x00, 0x00,
 0x04, 0x10, 0x01, 0x00, 0x00, 0x24, 0x01, 0x00,
 0x95, 0xf0, 0x17, 0x04, 0x10, 0x01, 0x00, 0x00,
 0x41, 0x64, 0x00, 0x00, 0x00, 0x61, 0x00, 0x00,
 0x04, 0x10, 0x01, 0x00, 0x00, 0x24, 0x02, 0x00,
 0x28, 0x04, 0x0f, 0x01, 0x00, 0x00, 0x41, 0x64,
 0x00, 0x00, 0x00, 0x61, 0x00, 0x00, 0x41, 0x09,
 0x01, 0x00, 0x00, 0xc4, 0x08, 0xc4, 0x09, 0x34,
 0x04, 0x11, 0x01, 0x00, 0x00, 0x24, 0x02, 0x00,
 0x04, 0x0f, 0x01, 0x00, 0x00, 0x24, 0x02, 0x00,
 0x28, 0x8e, 0x04, 0x18, 0x01, 0x18, 0x12, 0x28,
 0x21, 0x15, 0x5d, 0x00, 0x5d, 0x00, 0x5d, 0x00,
 0x4a, 0x04, 0x2a, 0x10, 0x34, 0x24, 0x2a, 0x10,
 0x6c, 0x3d, 0x71, 0x00, 0x2a, 0x10, 0x00, 0x07,
 0x34, 0x5e, 0x5b, 0x41, 0x2d, 0x5a, 0x61, 0x2d,
 0x7a, 0x5f, 0x24, 0x5d, 0x5b, 0x41, 0x2d, 0x5a,
 0x61, 0x2d, 0x7a, 0x30, 0x2d, 0x39, 0x5f, 0x24,
 0x5d, 0x2a, 0x24, 0x07, 0x9c, 0x01, 0x00, 0x00,
 0x01, 0x00, 0x46, 0x00, 0x00, 0x00, 0x0e, 0x06,
 0x00, 0x00, 0x00, 0x06, 0x0d, 0xf5, 0xff, 0xff,
 0xff, 0x13, 0x00, 0x09, 0x24, 0x04, 0x00, 0x24,
 0x00, 0x24, 0x00, 0x41, 0x00, 0x5a, 0x00, 0x5f,
 0x00, 0x5f, 0x00, 0x61, 0x00, 0x7a, 0x00, 0x0f,
 0x1c, 0x00, 0x00, 0x00, 0x24, 0x05, 0x00, 0x24,
 0x00, 0x24, 0x00, 0x30, 0x00, 0x39, 0x00, 0x41,
 0x00, 0x5a, 0x00, 0x5f, 0x00, 0x5f, 0x00, 0x61,
 0x00, 0x7a, 0x00, 0x0d, 0xdf, 0xff, 0xff, 0xff,
 0x0b, 0x14, 0x00, 0x10, 0x0c, 0x41, 0x0a, 0x01,
 0xfa, 0x03, 0x02, 0x06, 0x01, 0x05, 0x03, 0x03,
 0x02, 0x62, 0x08, 0x88, 0x01, 0x00, 0x01, 0x00,
 0xa4, 0x04, 0x00, 0x01, 0x00, 0x88, 0x01, 0x01,
 0xff, 0xff, 0xff, 0xff, 0x0f, 0x20, 0xa4, 0x04,
 0x01, 0x01, 0x20, 0xa6, 0x04, 0x02, 0x06, 0x70,
 0x00, 0xa8, 0x04, 0x02, 0x03, 0x30, 0xfc, 0x03,
 0x00, 0x00, 0x40, 0x02, 0xaa, 0x04, 0x00, 0x05,
 0x40, 0x01, 0xf6, 0x03, 0x03, 0x00, 0xf0, 0x03,
 0x00, 0x18, 0xf8, 0x03, 0x04, 0x18, 0x0c, 0x43,
 0x0a, 0x01, 0xfc, 0x03, 0x03, 0x01, 0x03, 0x05,
 0x00, 0x04, 0x00, 0xa7, 0x03, 0x04, 0xac, 0x04,
 0x00, 0x01, 0x00, 0xae, 0x04, 0x00, 0x01, 0x00,
 0xb0, 0x04, 0x00, 0x01, 0x00, 0x74, 0x0d, 0x00,
 0x30, 0xf6, 0x03, 0x00, 0x02, 0xf0, 0x03, 0x01,
 0x1a, 0xa6, 0x04, 0x02, 0x18, 0xaa, 0x04, 0x05,
 0x00, 0xd7, 0x96, 0x04, 0x4c, 0x00, 0x00, 0x00,
 0xad, 0xf0, 0x06, 0xe3, 0xd7, 0x23, 0x01, 0x00,
 0xd7, 0x96, 0x04, 0x96, 0x00, 0x00, 0x00, 0xad,
 0xf0, 0x10, 0xc6, 0x41, 0x64, 0x00, 0x00, 0x00,
 0xd7, 0x04, 0x19, 0x01, 0x00, 0x00, 0x25, 0x02,
 0x00, 0xd7, 0x96, 0x04, 0x4e, 0x00, 0x00, 0x00,
 0xad, 0x11, 0xf1, 0x10, 0x0e, 0xd7, 0x96, 0x04,
 0x4b, 0x00, 0x00, 0x00, 0xad, 0x11, 0xf1, 0x04,
 0x0e, 0xd7, 0xfa, 0xf0, 0x0a, 0x38, 0xa2, 0x00,
 0x00, 0x00, 0xd7, 0x23, 0x01, 0x00, 0xd7, 0x96,
 0x04, 0x4a, 0x00, 0x00, 0x00, 0xad, 0xf0, 0x21,
 0x38, 0x9e, 0x00, 0x00, 0x00, 0x41, 0x1a, 0x01,
 0x00, 0x00, 0xd7, 0xba, 0x8b, 0x24, 0x02, 0x00,
 0xf0, 0x07, 0x04, 0x1b, 0x01, 0x00, 0x00, 0x28,
 0x38, 0xa2, 0x00, 0x00, 0x00, 0xd7, 0xf5, 0x28,
 0xd7, 0xf9, 0xf0, 0x07, 0x04, 0x01, 0x00, 0x00,
 0x00, 0x28, 0xd7, 0xfb, 0xf0, 0x3c, 0x60, 0x00,
 0x00, 0xd7, 0x40, 0x3a, 0x00, 0x00, 0x00, 0xf0,
 0x16, 0x04, 0x1c, 0x01, 0x00, 0x00, 0x41, 0x64,
 0x00, 0x00, 0x00, 0xd7, 0x40, 0x3a, 0x00, 0x00,
 0x00, 0x24, 0x01, 0x00, 0xf2, 0x06, 0x04, 0x1d,
 0x01, 0x00, 0x00, 0xcf, 0x04, 0x1e, 0x01, 0x00,
 0x00, 0x41, 0x64, 0x00, 0x00, 0x00, 0x61, 0x00,
 0x00, 0x04, 0x1f, 0x01, 0x00, 0x00, 0x25, 0x02,
 0x00, 0xd9, 0x41, 0x6b, 0x00, 0x00, 0x00, 0xd7,
 0x24, 0x01, 0x00, 0xf0, 0x07, 0x04, 0x20, 0x01,
 0x00, 0x00, 0x28, 0xd7, 0x38, 0xa8, 0x00, 0x00,
 0x00, 0xa9, 0xf0, 0x22, 0x38, 0x21, 0x01, 0x00,
 0x00, 0xd7, 0x41, 0x22, 0x01, 0x00, 0x00, 0x24,
 0x00, 0x00, 0xf5, 0xf0, 0x07, 0x04, 0x23, 0x01,
 0x00, 0x00, 0x28, 0xd7, 0x41, 0x24, 0x01, 0x00,
 0x00, 0x24, 0x00, 0x00, 0x28, 0xd7, 0x38, 0xac,
 0x00, 0x00, 0x00, 0xa9, 0xf0, 0x0a, 0x38, 0xa2,
 0x00, 0x00, 0x00, 0xd7, 0x23, 0x01, 0x00, 0xd7,
 0x38, 0xa0, 0x00, 0x00, 0x00, 0xa9, 0xf0, 0x26,
 0xd7, 0x40, 0x39, 0x00, 0x00, 0x00, 0x11, 0xf1,
 0x1c, 0x0e, 0xc6, 0x41, 0x64, 0x00, 0x00, 0x00,
 0xd7, 0x40, 0x3a, 0x00, 0x00, 0x00, 0x04, 0x1c,
 0x01, 0x00, 0x00, 0xd7, 0x40, 0x34, 0x00, 0x00,
 0x00, 0x24, 0x03, 0x00, 0x28, 0xd7, 0x64, 0x01,
 0x00, 0x46, 0xfb, 0xf0, 0x15, 0x38, 0xa2, 0x00,
 0x00, 0x00, 0xd7, 0x64, 0x01, 0x00, 0x47, 0xd8,
 0x64, 0x02, 0x00, 0x24, 0x02, 0x00, 0x23, 0x01,
 0x00, 0xd8, 0xba, 0xa5, 0xf0, 0x1d, 0x38, 0x9f,
 0x00, 0x00, 0x00, 0x41, 0x25, 0x01, 0x00, 0x00,
 0xd7, 0x24, 0x01, 0x00, 0xf0, 0x07, 0x04, 0x26,
 0x01, 0x00, 0x00, 0x28, 0x04, 0x27, 0x01, 0x00,
 0x00, 0x28, 0xd9, 0x41, 0x70, 0x00, 0x00, 0x00,
 0xd7, 0x24, 0x01, 0x00, 0x0e, 0x6b, 0x10, 0x00,
 0x00, 0x00, 0xe6, 0xd7, 0xd8, 0xd9, 0xf7, 0x6e,
 0x6c, 0x0b, 0x00, 0x00, 0x00, 0x28, 0x6c, 0x05,
 0x00, 0x00, 0x00, 0x30, 0xd9, 0x41, 0x09, 0x00,
 0x00, 0x00, 0xd7, 0x24, 0x01, 0x00, 0x0e, 0x6d,
 0x8e, 0x04, 0x2c, 0x05, 0x88, 0x01, 0x03, 0x1e,
 0x07, 0x10, 0x30, 0x0f, 0x07, 0x18, 0x19, 0x17,
 0x07, 0x10, 0x4e, 0x09, 0x32, 0x05, 0x07, 0x10,
 0x39, 0x26, 0x07, 0x10, 0x39, 0x28, 0x07, 0x10,
 0x12, 0x7d, 0x1b, 0x0e, 0x19, 0x0d, 0x07, 0x10,
 0x31, 0x0f, 0x34, 0x14, 0x48, 0x24, 0x1b, 0x0e,
 0x14, 0x53, 0x07, 0x10, 0x00, 0x09, 0x08, 0x01,
 0x07, 0x10, 0x21, 0x03, 0x5c, 0x20, 0x8b, 0x13,
 0x3c, 0x25, 0x20, 0x12, 0x00, 0x0c, 0x08, 0x11,
 0x07, 0x1e, 0x2b, 0x0f, 0x1b, 0x0c, 0x20, 0x08,
 0x3e, 0x3c, 0x20, 0x08, 0x19, 0x65, 0x07, 0x1e,
 0x2b, 0x0f, 0x1b, 0x0e, 0x19, 0x1b, 0x07, 0x1e,
 0x2b, 0x0f, 0x52, 0x20, 0x39, 0x1a, 0x37, 0x39,
 0x07, 0x08, 0x16, 0x28, 0x12, 0x2f, 0x1b, 0x0e,
 0x07, 0x08, 0x16, 0x20, 0x07, 0x16, 0x32, 0x59,
 0x07, 0x18, 0x17, 0x09, 0x34, 0x1c, 0x5f, 0x31,
 0x20, 0x12, 0x37, 0x04, 0x07, 0x1a, 0x07, 0x0a,
 0x07, 0x16, 0x4f, 0x47, 0x20, 0x18, 0x00, 0x0c,
 0x43, 0x0a, 0x01, 0xaa, 0x04, 0x03, 0x09, 0x03,
 0x09, 0x03, 0x04, 0x05, 0xe4, 0x05, 0x0c, 0xac,
 0x04, 0x00, 0x01, 0x40, 0x02, 0xae, 0x04, 0x00,
 0x01, 0x00, 0xb0, 0x04, 0x00, 0x01, 0x40, 0x01,
 0xe4, 0x01, 0x01, 0x00, 0x70, 0x00, 0xd0, 0x04,
 0x03, 0x09, 0x30, 0xd2, 0x04, 0x03, 0x02, 0x30,
 0xd4, 0x04, 0x09, 0x09, 0x30, 0xd4, 0x04, 0x0b,
 0x09, 0x30, 0x62, 0x01, 0x01, 0x30, 0xd6, 0x04,
 0x01, 0x06, 0x30, 0x7e, 0x01, 0x07, 0x30, 0x74,
 0x01, 0x08, 0x30, 0xfc, 0x03, 0x04, 0x00, 0xf8,
 0x03, 0x02, 0x1a, 0xf6, 0x03, 0x00, 0x02, 0xa6,
 0x04, 0x02, 0x18, 0x0c, 0x42, 0x0a, 0x01, 0x00,
 0x01, 0x00, 0x01, 0x04, 0x00, 0x00, 0x01, 0x16,
 0x01, 0xd8, 0x04, 0x00, 0x01, 0x00, 0x07, 0x02,
 0x30, 0xd7, 0x41, 0x3b, 0x00, 0x00, 0x00, 0xc2,
 0x10, 0x24, 0x01, 0x00, 0x41, 0x2d, 0x01, 0x00,
 0x00, 0xbc, 0xc4, 0x00, 0x25, 0x02, 0x00, 0x8e,
 0x04, 0x6d, 0x38, 0x06, 0x02, 0x0a, 0x20, 0x04,
 0x34, 0x1a, 0x00, 0x0c, 0x42, 0x0a, 0x01, 0x00,
 0x01, 0x00, 0x01, 0x04, 0x00, 0x03, 0x00, 0x09,
 0x01, 0xdc, 0x04, 0x00, 0x01, 0x00, 0xfc, 0x03,
 0x00, 0x02, 0xe4, 0x01, 0x00, 0x18, 0xb0, 0x04,
 0x02, 0x01, 0xe3, 0xd7, 0x64, 0x01, 0x00, 0xe5,
 0x23, 0x03, 0x00, 0x8e, 0x04, 0x74, 0x21, 0x08,
 0x02, 0x12, 0x07, 0x0e, 0x07, 0x0e, 0x11, 0x0c,
 0x00, 0x0c, 0x40, 0x0a, 0x01, 0x00, 0x01, 0x02,
 0x01, 0x08, 0x00, 0x03, 0x00, 0x27, 0x03, 0x00,
 0x00, 0x01, 0x00, 0xde, 0x04, 0x00, 0x00, 0x00,
 0xe0, 0x04, 0x00, 0x01, 0x00, 0xfc, 0x03, 0x00,
 0x02, 0xe4, 0x01, 0x00, 0x18, 0xb0, 0x04, 0x02,
 0x01, 0xd7, 0x7e, 0x81, 0x00, 0x0e, 0xcf, 0x81,
 0x00, 0x0e, 0xd0, 0x83, 0xc6, 0x41, 0x64, 0x00,
 0x00, 0x00, 0xe3, 0xcb, 0x64, 0x01, 0x00, 0xe5,
 0xf7, 0x04, 0x31, 0x01, 0x00, 0x00, 0xe3, 0xcc,
 0x64, 0x01, 0x00, 0xe5, 0xf7, 0x25, 0x03, 0x00,
 0x8e, 0x04, 0x7d, 0x26, 0x10, 0x57, 0x26, 0x07,
 0x0e, 0x07, 0x06, 0x11, 0x0c, 0x25, 0x18, 0x07,
 0x0e, 0x07, 0x06, 0x11, 0x0c, 0x00, 0x0c, 0x42,
 0x0a, 0x01, 0x00, 0x01, 0x00, 0x01, 0x04, 0x00,
 0x03, 0x00, 0x09, 0x01, 0xdc, 0x04, 0x00, 0x01,
 0x00, 0xfc, 0x03, 0x00, 0x02, 0xe4, 0x01, 0x00,
 0x18, 0xb0, 0x04, 0x02, 0x01, 0xe3, 0xd7, 0x64,
 0x01, 0x00, 0xe5, 0x23, 0x03, 0x00, 0x8e, 0x04,
 0x83, 0x01, 0x2a, 0x08, 0x02, 0x12, 0x07, 0x0e,
 0x07, 0x0e, 0x11, 0x0c, 0x00, 0x0c, 0x42, 0x0a,
 0x01, 0x00, 0x01, 0x02, 0x01, 0x05, 0x00, 0x06,
 0x00, 0x5d, 0x03, 0xe4, 0x04, 0x00, 0x01, 0x00,
 0xd0, 0x04, 0x01, 0x00, 0x30, 0xdc, 0x04, 0x01,
 0x01, 0x20, 0xf8, 0x03, 0x01, 0x1a, 0xf6, 0x03,
 0x02, 0x02, 0xfc, 0x03, 0x00, 0x02, 0xac, 0x04,
 0x00, 0x01, 0xe4, 0x01, 0x00, 0x18, 0xb0, 0x04,
 0x02, 0x01, 0x60, 0x01, 0x00, 0x60, 0x00, 0x00,
 0x64, 0x00, 0x00, 0x41, 0x33, 0x01, 0x00, 0x00,
 0xd7, 0x24, 0x01, 0x00, 0xf0, 0x04, 0xd7, 0xf2,
 0x04, 0xe4, 0xd7, 0xf5, 0xcf, 0x06, 0xd0, 0x6b,
 0x17, 0x00, 0x00, 0x00, 0xe5, 0xe6, 0xd7, 0x46,
 0x64, 0x04, 0x00, 0x5d, 0x05, 0x00, 0xf7, 0x11,
 0x62, 0x01, 0x00, 0x0e, 0x0e, 0xf2, 0x15, 0x0e,
 0x6b, 0x11, 0x00, 0x00, 0x00, 0x04, 0x34, 0x01,
 0x00, 0x00, 0x11, 0x62, 0x01, 0x00, 0x0e, 0x0e,
 0xf2, 0x02, 0x30, 0xc6, 0x41, 0x64, 0x00, 0x00,
 0x00, 0x61, 0x00, 0x00, 0x04, 0x1c, 0x01, 0x00,
 0x00, 0x61, 0x01, 0x00, 0x25, 0x03, 0x00, 0x8e,
 0x04, 0x8d, 0x01, 0x20, 0x1c, 0x21, 0x09, 0x2a,
 0x20, 0x20, 0x0e, 0x11, 0x0c, 0x07, 0x18, 0x00,
 0x0a, 0x0a, 0x55, 0x07, 0x0e, 0x07, 0x08, 0x0c,
 0x0c, 0x11, 0x0c, 0x5e, 0x3d, 0x69, 0x0c, 0x2a,
 0x14, 0x00, 0x60, 0x08, 0x00, 0x60, 0x07, 0x00,
 0x60, 0x06, 0x00, 0x60, 0x05, 0x00, 0x60, 0x00,
 0x00, 0xd8, 0xbb, 0x9d, 0xcf, 0x37, 0x35, 0x01,
 0x00, 0x00, 0xfa, 0xf1, 0x7b, 0x38, 0x35, 0x01,
 0x00, 0x00, 0x41, 0x36, 0x01, 0x00, 0x00, 0xd7,
 0x24, 0x01, 0x00, 0xf0, 0x6b, 0x60, 0x02, 0x00,
 0x60, 0x01, 0x00, 0x26, 0x00, 0x00, 0xba, 0xd7,
 0x41, 0x37, 0x01, 0x00, 0x00, 0xba, 0xc2, 0x32,
 0x24, 0x02, 0x00, 0x51, 0x0e, 0x41, 0x38, 0x01,
 0x00, 0x00, 0xc5, 0x00, 0x24, 0x01, 0x00, 0xd0,
 0xd7, 0xef, 0xc2, 0x32, 0xa7, 0xf0, 0x1a, 0x04,
 0x39, 0x01, 0x00, 0x00, 0x41, 0x64, 0x00, 0x00,
 0x00, 0xd7, 0xef, 0xc2, 0x32, 0x9d, 0x04, 0x3a,
 0x01, 0x00, 0x00, 0x24, 0x02, 0x00, 0xf2, 0x02,
 0xc6, 0xd1, 0x04, 0x3b, 0x01, 0x00, 0x00, 0x41,
 0x64, 0x00, 0x00, 0x00, 0x61, 0x01, 0x00, 0x41,
 0x63, 0x00, 0x00, 0x00, 0x04, 0x3c, 0x01, 0x00,
 0x00, 0x24, 0x01, 0x00, 0x61, 0x02, 0x00, 0x04,
 0x3d, 0x01, 0x00, 0x00, 0x25, 0x03, 0x00, 0x38,
 0x9f, 0x00, 0x00, 0x00, 0x41, 0x25, 0x01, 0x00,
 0x00, 0xd7, 0x24, 0x01, 0x00, 0xf0, 0x3d, 0x04,
 0x3e, 0x01, 0x00, 0x00, 0x41, 0x64, 0x00, 0x00,
 0x00, 0xd7, 0x41, 0x38, 0x01, 0x00, 0x00, 0xc5,
 0x01, 0x24, 0x01, 0x00, 0x41, 0x63, 0x00, 0x00,
 0x00, 0x04, 0x3f, 0x01, 0x00, 0x00, 0x24, 0x01,
 0x00, 0x04, 0x40, 0x01, 0x00, 0x00, 0x24, 0x02,
 0x00, 0x41, 0x09, 0x01, 0x00, 0x00, 0x04, 0x41,
 0x01, 0x00, 0x00, 0x04, 0x42, 0x01, 0x00, 0x00,
 0x25, 0x02, 0x00, 0x38, 0xad, 0x00, 0x00, 0x00,
 0x41, 0x43, 0x01, 0x00, 0x00, 0xd7, 0x24, 0x01,
 0x00, 0xf0, 0x3a, 0xc6, 0x41, 0x64, 0x00, 0x00,
 0x00, 0xd7, 0x40, 0x40, 0x00, 0x00, 0x00, 0x40,
 0x3a, 0x00, 0x00, 0x00, 0x04, 0x44, 0x01, 0x00,
 0x00, 0xd7, 0xef, 0x04, 0x45, 0x01, 0x00, 0x00,
 0x26, 0x00, 0x00, 0xba, 0xd7, 0x51, 0x0e, 0x41,
 0x63, 0x00, 0x00, 0x00, 0x04, 0x3f, 0x01, 0x00,
 0x00, 0x24, 0x01, 0x00, 0x04, 0x40, 0x01, 0x00,
 0x00, 0x25, 0x06, 0x00, 0xd7, 0x38, 0xbf, 0x00,
 0x00, 0x00, 0xa9, 0xf0, 0x5e, 0x60, 0x03, 0x00,
 0x26, 0x00, 0x00, 0xba, 0xd7, 0x51, 0x0e, 0x41,
 0x38, 0x01, 0x00, 0x00, 0xc5, 0x02, 0x24, 0x01,
 0x00, 0xd2, 0x04, 0x46, 0x01, 0x00, 0x00, 0x41,
 0x64, 0x00, 0x00, 0x00, 0xd7, 0x40, 0x32, 0x00,
 0x00, 0x00, 0x04, 0x47, 0x01, 0x00, 0x00, 0x61,
 0x03, 0x00, 0xef, 0xf0, 0x25, 0x04, 0x3c, 0x01,
 0x00, 0x00, 0x41, 0x64, 0x00, 0x00, 0x00, 0x61,
 0x03, 0x00, 0x41, 0x63, 0x00, 0x00, 0x00, 0x04,
 0x3f, 0x01, 0x00, 0x00, 0x24, 0x01, 0x00, 0x04,
 0x3c, 0x01, 0x00, 0x00, 0x24, 0x02, 0x00, 0xf2,
 0x02, 0xc6, 0x04, 0x48, 0x01, 0x00, 0x00, 0x25,
 0x04, 0x00, 0xd7, 0x38, 0xc0, 0x00, 0x00, 0x00,
 0xa9, 0xf0, 0x5f, 0x60, 0x04, 0x00, 0x26, 0x00,
 0x00, 0xba, 0xd7, 0x51, 0x0e, 0x41, 0x38, 0x01,
 0x00, 0x00, 0xc5, 0x03, 0x24, 0x01, 0x00, 0xc8,
 0x04, 0x04, 0x49, 0x01, 0x00, 0x00, 0x41, 0x64,
 0x00, 0x00, 0x00, 0xd7, 0x40, 0x32, 0x00, 0x00,
 0x00, 0x04, 0x47, 0x01, 0x00, 0x00, 0x61, 0x04,
 0x00, 0xef, 0xf0, 0x25, 0x04, 0x3c, 0x01, 0x00,
 0x00, 0x41, 0x64, 0x00, 0x00, 0x00, 0x61, 0x04,
 0x00, 0x41, 0x63, 0x00, 0x00, 0x00, 0x04, 0x3f,
 0x01, 0x00, 0x00, 0x24, 0x01, 0x00, 0x04, 0x3c,
 0x01, 0x00, 0x00, 0x24, 0x02, 0x00, 0xf2, 0x02,
 0xc6, 0x04, 0x48, 0x01, 0x00, 0x00, 0x25, 0x04,
 0x00, 0x37, 0xce, 0x00, 0x00, 0x00, 0xfa, 0xf1,
 0x10, 0xd7, 0x38, 0xce, 0x00, 0x00, 0x00, 0xa9,
 0xf0, 0x07, 0x04, 0x4a, 0x01, 0x00, 0x00, 0x28,
 0x64, 0x03, 0x00, 0x40, 0x4b, 0x01, 0x00, 0x00,
 0xf0, 0x11, 0x38, 0x9e, 0x00, 0x00, 0x00, 0x41,
 0x4c, 0x01, 0x00, 0x00, 0xd7, 0x24, 0x01, 0x00,
 0xf2, 0x0f, 0x38, 0x9e, 0x00, 0x00, 0x00, 0x41,
 0x31, 0x00, 0x00, 0x00, 0xd7, 0x24, 0x01, 0x00,
 0xc8, 0x05, 0x61, 0x05, 0x00, 0x41, 0x38, 0x01,
 0x00, 0x00, 0xc5, 0x04, 0x24, 0x01, 0x00, 0xc8,
 0x06, 0x38, 0x9e, 0x00, 0x00, 0x00, 0x41, 0x67,
 0x00, 0x00, 0x00, 0xd7, 0x24, 0x01, 0x00, 0xc8,
 0x07, 0x61, 0x07, 0x00, 0xf9, 0xf0, 0x08, 0x04,
 0x4d, 0x01, 0x00, 0x00, 0xf2, 0x3e, 0x61, 0x07,
 0x00, 0x40, 0x40, 0x00, 0x00, 0x00, 0xf0, 0x33,
 0x61, 0x07, 0x00, 0x40, 0x40, 0x00, 0x00, 0x00,
 0x40, 0x3a, 0x00, 0x00, 0x00, 0x04, 0x9e, 0x00,
 0x00, 0x00, 0xae, 0xf0, 0x1e, 0xc6, 0x41, 0x64,
 0x00, 0x00, 0x00, 0x61, 0x07, 0x00, 0x40, 0x40,
 0x00, 0x00, 0x00, 0x40, 0x3a, 0x00, 0x00, 0x00,
 0x04, 0x3c, 0x01, 0x00, 0x00, 0x24, 0x02, 0x00,
 0xf2, 0x02, 0xc6, 0xc8, 0x08, 0x61, 0x06, 0x00,
 0xef, 0xba, 0xad, 0xf0, 0x13, 0xc6, 0x41, 0x64,
 0x00, 0x00, 0x00, 0x61, 0x08, 0x00, 0x04, 0x4e,
 0x01, 0x00, 0x00, 0x24, 0x02, 0x00, 0x28, 0xc6,
 0x41, 0x64, 0x00, 0x00, 0x00, 0x61, 0x08, 0x00,
 0x04, 0x4f, 0x01, 0x00, 0x00, 0x61, 0x06, 0x00,
 0x41, 0x63, 0x00, 0x00, 0x00, 0x04, 0x3f, 0x01,
 0x00, 0x00, 0x24, 0x01, 0x00, 0x04, 0x50, 0x01,
 0x00, 0x00, 0x24, 0x04, 0x00, 0x28, 0x8e, 0x04,
 0x69, 0x05, 0x8e, 0x01, 0x4e, 0x22, 0x07, 0x18,
 0x13, 0x1b, 0x1b, 0x16, 0x11, 0x1e, 0x34, 0x20,
 0x53, 0x3d, 0x20, 0x08, 0x43, 0x2a, 0x21, 0x3b,
 0x0c, 0x1a, 0x4d, 0x1a, 0x0c, 0x1a, 0x81, 0x43,
 0x2a, 0x0c, 0x2a, 0x18, 0x3c, 0x47, 0x34, 0x1c,
 0x53, 0x03, 0x20, 0x10, 0x34, 0x48, 0x6c, 0x65,
 0x46, 0x09, 0x34, 0x26, 0x3f, 0x11, 0x52, 0x30,
 0x39, 0x2a, 0x2a, 0x0a, 0x55, 0x77, 0x07, 0x1e,
 0x4e, 0x0a, 0x2a, 0x0a, 0x54, 0x15, 0x39, 0x1c,
 0x52, 0x2a, 0x2a, 0x10, 0x8c, 0x71, 0x07, 0x1e,
 0x4e, 0x0a, 0x2a, 0x12, 0x59, 0x1d, 0x39, 0x1c,
 0x52, 0x2a, 0x2a, 0x10, 0x8c, 0x63, 0x1b, 0x18,
 0x11, 0x1e, 0x07, 0x1e, 0x00, 0x0e, 0x08, 0x4f,
 0x34, 0x24, 0x34, 0x36, 0x20, 0x0e, 0x34, 0x18,
 0x21, 0x7d, 0x2a, 0x12, 0x00, 0x07, 0x1c, 0x09,
 0x34, 0x2c, 0x21, 0x35, 0x11, 0x1c, 0x36, 0x27,
 0x34, 0x32, 0x43, 0x3e, 0x49, 0x63, 0x87, 0x0b,
 0x16, 0x22, 0x34, 0x0e, 0x5c, 0x1c, 0x2a, 0x12,
 0x2a, 0x0c, 0x00, 0x60, 0x01, 0x00, 0x60, 0x00,
 0x00, 0xd7, 0xcf, 0xd8, 0x11, 0xf8, 0xf0, 0x04,
 0x0e, 0x0b, 0xe0, 0xd0, 0xc5, 0x00, 0xc8, 0x04,
 0xc5, 0x01, 0xc8, 0x05, 0x60, 0x03, 0x00, 0x60,
 0x02, 0x00, 0xd8, 0x96, 0x04, 0x4b, 0x00, 0x00,
 0x00, 0xad, 0xf0, 0x0a, 0x0b, 0xd8, 0x4b, 0x4b,
 0x01, 0x00, 0x00, 0xf2, 0x02, 0xd8, 0xd1, 0x61,
 0x02, 0x00, 0x40, 0x14, 0x01, 0x00, 0x00, 0x38,
 0x49, 0x00, 0x00, 0x00, 0xad, 0xf0, 0x04, 0xbc,
 0xf2, 0x09, 0x61, 0x02, 0x00, 0x40, 0x14, 0x01,
 0x00, 0x00, 0xd2, 0xc7, 0x04, 0xd7, 0x61, 0x03,
 0x00, 0x38, 0xc0, 0x00, 0x00, 0x00, 0x11, 0x21,
 0x00, 0x00, 0x23, 0x03, 0x00, 0x8e, 0x04, 0x26,
 0x01, 0x16, 0x9e, 0x30, 0x07, 0x18, 0x34, 0x34,
 0x2a, 0x18, 0x0d, 0x6f, 0x2a, 0x1e, 0x39, 0x20,
 0x31, 0x4b, 0x0c, 0x0e, 0x07, 0x0e, 0x11, 0x16,
 0x00, 0x0c, 0x41, 0x0a, 0x01, 0xfc, 0x03, 0x01,
 0x04, 0x00, 0x07, 0x02, 0x01, 0x05, 0x90, 0x01,
 0x05, 0xa2, 0x05, 0x00, 0x01, 0x40, 0x01, 0xa4,
 0x05, 0x01, 0x00, 0x30, 0xbe, 0x01, 0x01, 0x01,
 0x60, 0x00, 0xa6, 0x05, 0x01, 0x02, 0x30, 0xa8,
 0x05, 0x01, 0x03, 0x30, 0xfa, 0x03, 0x05, 0x00,
 0x0c, 0x42, 0x0a, 0x01, 0x00, 0x01, 0x00, 0x01,
 0x02, 0x00, 0x01, 0x00, 0x10, 0x01, 0xaa, 0x05,
 0x00, 0x01, 0x00, 0xfa, 0x03, 0x00, 0x02, 0xd7,
 0x96, 0x04, 0x4c, 0x00, 0x00, 0x00, 0xad, 0xf0,
 0x03, 0xd7, 0x28, 0xe3, 0xd7, 0xf5, 0x28, 0x8e,
 0x04, 0xac, 0x01, 0x19, 0x0a, 0x02, 0x1e, 0x07,
 0x10, 0x2f, 0x16, 0x0c, 0x0c, 0x07, 0x10, 0x00,
 0x07, 0x18, 0x25, 0x5b, 0x73, 0x64, 0x69, 0x66,
 0x6a, 0x6f, 0x4f, 0x63, 0x25, 0x5d, 0x07, 0x74,
 0x01, 0x00, 0x01, 0x00, 0x32, 0x00, 0x00, 0x00,
 0x0e, 0x06, 0x00, 0x00, 0x00, 0x06, 0x0d, 0xf5,
 0xff, 0xff, 0xff, 0x13, 0x00, 0x01, 0x25, 0x00,
 0x24, 0x07, 0x00, 0x25, 0x00, 0x25, 0x00, 0x4f,
 0x00, 0x4f, 0x00, 0x63, 0x00, 0x64, 0x00, 0x66,
 0x00, 0x66, 0x00, 0x69, 0x00, 0x6a, 0x00, 0x6f,
 0x00, 0x6f, 0x00, 0x73, 0x00, 0x73, 0x00, 0x14,
 0x00, 0x10, 0x0c, 0x42, 0x0a, 0x01, 0x00, 0x01,
 0x01, 0x01, 0x05, 0x00, 0x03, 0x00, 0xcc, 0x02,
 0x02, 0xac, 0x05, 0x00, 0x01, 0x00, 0xaa, 0x05,
 0x01, 0x00, 0x30, 0xbe, 0x01, 0x01, 0x10, 0xa2,
 0x05, 0x00, 0x01, 0xfa, 0x03, 0x00, 0x02, 0x60,
 0x00, 0x00, 0xd7, 0x04, 0x57, 0x01, 0x00, 0x00,
 0xad, 0xf0, 0x07, 0x04, 0x58, 0x01, 0x00, 0x00,
 0x28, 0x64, 0x00, 0x00, 0xe4, 0xef, 0xa8, 0xf0,
 0x03, 0xd7, 0x28, 0xe4, 0x64, 0x00, 0x00, 0x90,
 0x65, 0x00, 0x00, 0x46, 0xcf, 0xd7, 0x11, 0x04,
 0x59, 0x01, 0x00, 0x00, 0xad, 0xf0, 0x2b, 0x61,
 0x00, 0x00, 0x96, 0x04, 0x4d, 0x00, 0x00, 0x00,
 0xad, 0xf0, 0x15, 0x61, 0x00, 0x00, 0x07, 0xae,
 0xf0, 0x0e, 0xe5, 0x61, 0x00, 0x00, 0x0b, 0xba,
 0x4b, 0x14, 0x01, 0x00, 0x00, 0xf6, 0x28, 0x38,
 0xa2, 0x00, 0x00, 0x00, 0x61, 0x00, 0x00, 0xf5,
 0x28, 0x11, 0x04, 0x5a, 0x01, 0x00, 0x00, 0xad,
 0xf0, 0x2f, 0x61, 0x00, 0x00, 0x96, 0x04, 0x96,
 0x00, 0x00, 0x00, 0xad, 0xf0, 0x13, 0xc6, 0x41,
 0x64, 0x00, 0x00, 0x00, 0x61, 0x00, 0x00, 0x04,
 0x19, 0x01, 0x00, 0x00, 0x24, 0x02, 0x00, 0x28,
 0x38, 0xa2, 0x00, 0x00, 0x00, 0x38, 0xa1, 0x00,
 0x00, 0x00, 0x61, 0x00, 0x00, 0xf5, 0xf5, 0x28,
 0x11, 0x04, 0x5b, 0x01, 0x00, 0x00, 0xad, 0xf0,
 0x31, 0x61, 0x00, 0x00, 0x96, 0x04, 0x96, 0x00,
 0x00, 0x00, 0xad, 0xf0, 0x13, 0xc6, 0x41, 0x64,
 0x00, 0x00, 0x00, 0x61, 0x00, 0x00, 0x04, 0x19,
 0x01, 0x00, 0x00, 0x24, 0x02, 0x00, 0x28, 0x38,
 0xa2, 0x00, 0x00, 0x00, 0x38, 0x5c, 0x01, 0x00,
 0x00, 0x61, 0x00, 0x00, 0xc2, 0x0a, 0xf6, 0xf5,
 0x28, 0x11, 0x04, 0x5d, 0x01, 0x00, 0x00, 0xad,
 0xf0, 0x12, 0x38, 0xa2, 0x00, 0x00, 0x00, 0x38,
 0x5e, 0x01, 0x00, 0x00, 0x61, 0x00, 0x00, 0xf5,
 0x23, 0x01, 0x00, 0x11, 0x04, 0x5f, 0x01, 0x00,
 0x00, 0xad, 0xf0, 0x26, 0x6b, 0x16, 0x00, 0x00,
 0x00, 0x38, 0xa7, 0x00, 0x00, 0x00, 0x41, 0x60,
 0x01, 0x00, 0x00, 0x61, 0x00, 0x00, 0x24, 0x01,
 0x00, 0x6e, 0x28, 0x0e, 0x6b, 0x0b, 0x00, 0x00,
 0x00, 0x04, 0x61, 0x01, 0x00, 0x00, 0x6e, 0x28,
 0x30, 0x11, 0x04, 0x62, 0x01, 0x00, 0x00, 0xad,
 0xf0, 0x15, 0xe5, 0x61, 0x00, 0x00, 0x0b, 0x0a,
 0x4b, 0x4b, 0x01, 0x00, 0x00, 0xbe, 0x4b, 0x14,
 0x01, 0x00, 0x00, 0x23, 0x02, 0x00, 0x11, 0x04,
 0x63, 0x01, 0x00, 0x00, 0xad, 0xf0, 0x08, 0xe5,
 0x61, 0x00, 0x00, 0x23, 0x01, 0x00, 0x11, 0x04,
 0x64, 0x01, 0x00, 0x00, 0xad, 0xf0, 0x03, 0xc6,
 0x28, 0xd7, 0x28, 0x8e, 0x04, 0xb2, 0x01, 0x39,
 0x53, 0x12, 0x57, 0x07, 0x14, 0x00, 0x0e, 0x08,
 0x13, 0x11, 0x12, 0x1c, 0x03, 0x0f, 0x02, 0x07,
 0x0a, 0x31, 0x11, 0x36, 0x1c, 0x11, 0x10, 0x2f,
 0x18, 0x11, 0x10, 0x16, 0x0e, 0x07, 0x10, 0x3e,
 0x2a, 0x1b, 0x0e, 0x4a, 0x8d, 0x01, 0x11, 0x10,
 0x4d, 0x1c, 0x3e, 0x12, 0x1b, 0x0e, 0x1b, 0x0e,
 0x4f, 0x59, 0x11, 0x10, 0x4d, 0x1c, 0x3e, 0x12,
 0x1b, 0x0e, 0x1b, 0x12, 0x59, 0x6b, 0x1b, 0x0e,
 0x1b, 0x16, 0x6e, 0x1b, 0x34, 0x1e, 0x00, 0x1f,
 0x0a, 0x25, 0x07, 0x10, 0x90, 0x0f, 0x07, 0x10,
 0x00, 0x11, 0x0a, 0x0f, 0x00, 0x0c, 0x42, 0x0a,
 0x01, 0x00, 0x01, 0x00, 0x01, 0x02, 0x00, 0x01,
 0x00, 0x10, 0x01, 0xaa, 0x05, 0x00, 0x01, 0x00,
 0xfa, 0x03, 0x00, 0x02, 0xd7, 0x96, 0x04, 0x4c,
 0x00, 0x00, 0x00, 0xad, 0xf0, 0x03, 0xd7, 0x28,
 0xe3, 0xd7, 0xf5, 0x28, 0x8e, 0x04, 0xd8, 0x01,
 0x28, 0x0a, 0x02, 0x1e, 0x07, 0x10, 0x2f, 0x16,
 0x0c, 0x0c, 0x07, 0x10, 0x00, 0x0d, 0x00, 0x00,
 0xdb, 0x60, 0x03, 0x00, 0x60, 0x02, 0x00, 0x60,
 0x01, 0x00, 0x60, 0x00, 0x00, 0xd7, 0xba, 0x46,
 0x96, 0x04, 0x4c, 0x00, 0x00, 0x00, 0xae, 0xf0,
 0x19, 0xd7, 0x41, 0x38, 0x01, 0x00, 0x00, 0xc5,
 0x00, 0x24, 0x01, 0x00, 0x41, 0x63, 0x00, 0x00,
 0x00, 0x04, 0x3c, 0x01, 0x00, 0x00, 0x25, 0x01,
 0x00, 0xd7, 0xba, 0x46, 0xcf, 0xbb, 0xd0, 0x61,
 0x00, 0x00, 0x41, 0x09, 0x01, 0x00, 0x00, 0xc4,
 0x01, 0xc4, 0x02, 0x34, 0xc5, 0x03, 0x24, 0x02,
 0x00, 0xd1, 0xd7, 0x41, 0x65, 0x01, 0x00, 0x00,
 0x61, 0x01, 0x00, 0x24, 0x01, 0x00, 0x41, 0x38,
 0x01, 0x00, 0x00, 0xc5, 0x04, 0x24, 0x01, 0x00,
 0xd2, 0x61, 0x03, 0x00, 0xef, 0xf0, 0x23, 0xc6,
 0x41, 0x64, 0x00, 0x00, 0x00, 0x61, 0x02, 0x00,
 0x04, 0x3c, 0x01, 0x00, 0x00, 0x61, 0x03, 0x00,
 0x41, 0x63, 0x00, 0x00, 0x00, 0x04, 0x3c, 0x01,
 0x00, 0x00, 0x24, 0x01, 0x00, 0x24, 0x03, 0x00,
 0x28, 0x61, 0x02, 0x00, 0x28, 0x8e, 0x04, 0xaa,
 0x01, 0x01, 0x22, 0x53, 0x1e, 0x11, 0x18, 0x30,
 0x17, 0x20, 0x12, 0x34, 0x6e, 0x2d, 0x73, 0x23,
 0x02, 0x2a, 0x12, 0x00, 0x0b, 0x4c, 0x1b, 0x20,
 0x16, 0x39, 0x16, 0x22, 0x37, 0x3e, 0x22, 0x2a,
 0x1a, 0x2a, 0x0a, 0x3e, 0x1c, 0x00, 0x0c, 0x43,
 0x0a, 0x01, 0xfe, 0x03, 0x01, 0x02, 0x01, 0x06,
 0x01, 0x01, 0x01, 0x7c, 0x03, 0xcc, 0x05, 0x00,
 0x01, 0x40, 0x00, 0xce, 0x05, 0x03, 0x00, 0x30,
 0xd0, 0x05, 0x00, 0x00, 0x00, 0xf2, 0x03, 0x01,
 0x18, 0x0c, 0x41, 0x0a, 0x01, 0xd0, 0x05, 0x01,
 0x01, 0x00, 0x03, 0x02, 0x01, 0x01, 0x12, 0x02,
 0xa2, 0x05, 0x00, 0x01, 0x40, 0x01, 0x10, 0x00,
 0x01, 0x40, 0x00, 0xcc, 0x05, 0x00, 0x01, 0x0c,
 0x42, 0x0a, 0x01, 0x00, 0x02, 0x00, 0x02, 0x05,
 0x02, 0x03, 0x01, 0x17, 0x02, 0x94, 0x02, 0x00,
 0x01, 0x40, 0x01, 0x96, 0x02, 0x00, 0x01, 0x40,
 0x00, 0xcc, 0x05, 0x00, 0x02, 0x10, 0x00, 0x00,
 0xa2, 0x05, 0x00, 0x01, 0x0c, 0x40, 0x0a, 0x01,
 0x00, 0x02, 0x00, 0x01, 0x03, 0x00, 0x02, 0x00,
 0x13, 0x02, 0xce, 0x05, 0x00, 0x01, 0x00, 0xe6,
 0x01, 0x00, 0x01, 0x00, 0x96, 0x02, 0x01, 0x01,
 0x94, 0x02, 0x00, 0x01, 0x0d, 0x01, 0x00, 0xdc,
 0xd7, 0xf0, 0x06, 0xe3, 0xd7, 0xf5, 0x0e, 0x29,
 0xe4, 0xd8, 0xba, 0x46, 0xf5, 0x0e, 0x29, 0x8e,
 0x04, 0xee, 0x01, 0x2a, 0x0a, 0x17, 0x29, 0x12,
 0x00, 0x07, 0x0e, 0x18, 0x0d, 0x07, 0x10, 0x00,
 0xe3, 0x41, 0x69, 0x01, 0x00, 0x00, 0xe4, 0x26,
 0x01, 0x00, 0xbb, 0xe5, 0x51, 0xc5, 0x00, 0x50,
 0x8e, 0x0e, 0x18, 0x27, 0x00, 0x00, 0x29, 0x8e,
 0x04, 0xed, 0x01, 0x14, 0x06, 0x03, 0x0d, 0x20,
 0x1c, 0x1b, 0x12, 0x00, 0x08, 0xcf, 0x0d, 0x00,
 0x00, 0xdb, 0x38, 0xce, 0x00, 0x00, 0x00, 0x11,
 0xc5, 0x00, 0x21, 0x01, 0x00, 0x28, 0x8e, 0x04,
 0xec, 0x01, 0x05, 0x02, 0x21, 0x1e, 0x00, 0xc5,
 0x00, 0xd0, 0xd7, 0xfb, 0xf1, 0x24, 0x60, 0x00,
 0x00, 0x38, 0xda, 0x00, 0x00, 0x00, 0x11, 0x04,
 0x6a, 0x01, 0x00, 0x00, 0x21, 0x01, 0x00, 0xcf,
 0x61, 0x00, 0x00, 0x04, 0x6b, 0x01, 0x00, 0x00,
 0x42, 0x6c, 0x01, 0x00, 0x00, 0x61, 0x00, 0x00,
 0x30, 0xd7, 0x64, 0x00, 0x00, 0x46, 0xf0, 0x07,
 0xd7, 0x64, 0x00, 0x00, 0x46, 0x28, 0x38, 0x9e,
 0x00, 0x00, 0x00, 0x41, 0x68, 0x00, 0x00, 0x00,
 0xcc, 0x38, 0x9e, 0x00, 0x00, 0x00, 0x41, 0x67,
 0x00, 0x00, 0x00, 0xd7, 0x24, 0x01, 0x00, 0x24,
 0x02, 0x00, 0x0e, 0x38, 0x9e, 0x00, 0x00, 0x00,
 0x41, 0x6d, 0x00, 0x00, 0x00, 0xcc, 0x04, 0x3a,
 0x00, 0x00, 0x00, 0x0b, 0xd7, 0x40, 0x3a, 0x00,
 0x00, 0x00, 0x4b, 0x44, 0x00, 0x00, 0x00, 0x0a,
 0x4b, 0x41, 0x00, 0x00, 0x00, 0x24, 0x03, 0x00,
 0x0e, 0xcc, 0x28, 0x8e, 0x04, 0xdf, 0x01, 0x01,
 0x24, 0x12, 0x1e, 0x07, 0x1a, 0x21, 0x07, 0x4f,
 0x1f, 0x45, 0x0c, 0x19, 0x0b, 0x07, 0x12, 0x21,
 0x03, 0x07, 0x12, 0x00, 0x05, 0x1e, 0x27, 0x34,
 0x2c, 0x07, 0x1a, 0x34, 0x2c, 0x2b, 0x71, 0x34,
 0x2c, 0x25, 0x3c, 0x6d, 0x59, 0x00, 0x0c, 0x43,
 0x0a, 0x01, 0x80, 0x04, 0x01, 0x02, 0x01, 0x06,
 0x01, 0x00, 0x01, 0x52, 0x03, 0xcc, 0x05, 0x00,
 0x01, 0x40, 0x00, 0xce, 0x05, 0x03, 0x00, 0x30,
 0xda, 0x05, 0x00, 0x00, 0x00, 0x0c, 0x41, 0x0a,
 0x01, 0xda, 0x05, 0x01, 0x02, 0x00, 0x06, 0x01,
 0x01, 0x02, 0x38, 0x03, 0xa2, 0x05, 0x00, 0x01,
 0x00, 0xdc, 0x05, 0x01, 0x00, 0x70, 0x00, 0x10,
 0x00, 0x01, 0x00, 0xcc, 0x05, 0x00, 0x01, 0x0c,
 0x42, 0x0a, 0x01, 0x00, 0x01, 0x00, 0x01, 0x05,
 0x00, 0x01, 0x00, 0x12, 0x01, 0x88, 0x01, 0x00,
 0x01, 0x00, 0xdc, 0x05, 0x00, 0x18, 0x38, 0x6f,
 0x01, 0x00, 0x00, 0x41, 0x70, 0x01, 0x00, 0x00,
 0x64, 0x00, 0x00, 0x07, 0xd7, 0x25, 0x03, 0x00,
 0x8e, 0x04, 0x8d, 0x02, 0x0d, 0x06, 0x02, 0x12,
 0x34, 0x22, 0x16, 0x20, 0x00, 0x0c, 0x42, 0x0a,
 0x01, 0x00, 0x01, 0x00, 0x01, 0x06, 0x00, 0x01,
 0x00, 0x23, 0x01, 0xa8, 0x02, 0x00, 0x01, 0x00,
 0xdc, 0x05, 0x00, 0x18, 0x38, 0x6f, 0x01, 0x00,
 0x00, 0x41, 0x70, 0x01, 0x00, 0x00, 0x64, 0x00,
 0x00, 0xd7, 0x11, 0xf1, 0x10, 0x0e, 0x38, 0xa0,
 0x00, 0x00, 0x00, 0x11, 0x04, 0x71, 0x01, 0x00,
 0x00, 0x21, 0x01, 0x00, 0x25, 0x02, 0x00, 0x8e,
 0x04, 0x90, 0x02, 0x0d, 0x08, 0x02, 0x14, 0x34,
 0x22, 0x11, 0x14, 0x1b, 0x1c, 0x00, 0x08, 0xd0,
 0x0d, 0x00, 0x00, 0xdb, 0x60, 0x00, 0x00, 0xd7,
 0x41, 0x72, 0x01, 0x00, 0x00, 0x24, 0x00, 0x00,
 0xcf, 0x38, 0xce, 0x00, 0x00, 0x00, 0x41, 0x8a,
 0x00, 0x00, 0x00, 0xe3, 0x41, 0x62, 0x00, 0x00,
 0x00, 0xcc, 0xd7, 0x24, 0x02, 0x00, 0x24, 0x01,
 0x00, 0x41, 0x89, 0x00, 0x00, 0x00, 0xc5, 0x00,
 0xc5, 0x01, 0x24, 0x02, 0x00, 0x29, 0x8e, 0x04,
 0x89, 0x02, 0x05, 0x0e, 0x30, 0x2a, 0x20, 0x0a,
 0x18, 0x2b, 0x34, 0x20, 0x20, 0x1e, 0x07, 0x0c,
 0x3f, 0x41, 0x00, 0xc5, 0x00, 0xd0, 0xd7, 0xfb,
 0xf1, 0x24, 0x60, 0x00, 0x00, 0x38, 0xda, 0x00,
 0x00, 0x00, 0x11, 0x04, 0x6a, 0x01, 0x00, 0x00,
 0x21, 0x01, 0x00, 0xcf, 0x61, 0x00, 0x00, 0x04,
 0x6b, 0x01, 0x00, 0x00, 0x42, 0x6c, 0x01, 0x00,
 0x00, 0x61, 0x00, 0x00, 0x30, 0x38, 0x9e, 0x00,
 0x00, 0x00, 0x41, 0x6d, 0x00, 0x00, 0x00, 0xcc,
 0x04, 0x3a, 0x00, 0x00, 0x00, 0x0b, 0xd7, 0x40,
 0x3a, 0x00, 0x00, 0x00, 0x4b, 0x44, 0x00, 0x00,
 0x00, 0x0a, 0x4b, 0x41, 0x00, 0x00, 0x00, 0x24,
 0x03, 0x00, 0x0e, 0xcc, 0x28, 0x8e, 0x04, 0x80,
 0x02, 0x01, 0x14, 0x12, 0x1e, 0x07, 0x1a, 0x21,
 0x07, 0x4f, 0x1f, 0x45, 0x0c, 0x00, 0x04, 0x1c,
 0x13, 0x34, 0x2c, 0x25, 0x40, 0x6d, 0x5d, 0x00,
 0x0c, 0x43, 0x0a, 0x01, 0x82, 0x04, 0x01, 0x01,
 0x01, 0x04, 0x01, 0x01, 0x05, 0x3b, 0x02, 0xe6,
 0x05, 0x00, 0x01, 0x40, 0x00, 0xe8, 0x05, 0x01,
 0x00, 0x30, 0xfc, 0x03, 0x06, 0x00, 0x07, 0x0c,
 0x5b, 0x5c, 0x73, 0x2c, 0x5d, 0x2b, 0x07, 0x98,
 0x01, 0x00, 0x00, 0x01, 0x00, 0x44, 0x00, 0x00,
 0x00, 0x0e, 0x06, 0x00, 0x00, 0x00, 0x06, 0x0d,
 0xf5, 0xff, 0xff, 0xff, 0x13, 0x00, 0x24, 0x0b,
 0x00, 0x09, 0x00, 0x0d, 0x00, 0x20, 0x00, 0x20,
 0x00, 0x2c, 0x00, 0x2c, 0x00, 0xa0, 0x00, 0xa0,
 0x00, 0x80, 0x16, 0x80, 0x16, 0x00, 0x20, 0x0a,
 0x20, 0x28, 0x20, 0x29, 0x20, 0x2f, 0x20, 0x2f,
 0x20, 0x5f, 0x20, 0x5f, 0x20, 0x00, 0x30, 0x00,
 0x30, 0xff, 0xfe, 0xff, 0xfe, 0x0e, 0xcc, 0xff,
 0xff, 0xff, 0x14, 0x00, 0x10, 0x0c, 0x42, 0x0a,
 0x01, 0x00, 0x01, 0x00, 0x01, 0x02, 0x00, 0x01,
 0x00, 0x0f, 0x01, 0xdc, 0x04, 0x00, 0x01, 0x00,
 0xe6, 0x05, 0x00, 0x01, 0xd7, 0xe3, 0xad, 0x11,
 0xf1, 0x09, 0x0e, 0xd7, 0x04, 0x87, 0x00, 0x00,
 0x00, 0xad, 0x28, 0x8e, 0x04, 0x9f, 0x02, 0x0f,
 0x08, 0x02, 0x12, 0x07, 0x14, 0x20, 0x16, 0x07,
 0x14, 0x00, 0x0c, 0x43, 0x0a, 0x01, 0xea, 0x05,
 0x00, 0x00, 0x00, 0x00, 0x00, 0x00, 0x00, 0x01,
 0x00, 0x29, 0x8e, 0x04, 0xa2, 0x02, 0x10, 0x00,
 0x00, 0x0c, 0x41, 0x0a, 0x01, 0xec, 0x05, 0x01,
 0x00, 0x00, 0x0c, 0x00, 0x02, 0x00, 0x45, 0x01,
 0xa2, 0x05, 0x00, 0x01, 0x00, 0xe6, 0x05, 0x00,
 0x01, 0xfc, 0x03, 0x00, 0x02, 0x0d, 0x00, 0x00,
 0xdb, 0x38, 0x77, 0x01, 0x00, 0x00, 0x41, 0x37,
 0x00, 0x00, 0x00, 0xc6, 0x41, 0x64, 0x00, 0x00,
 0x00, 0xe3, 0x41, 0x78, 0x01, 0x00, 0x00, 0x24,
 0x00, 0x00, 0x04, 0x3c, 0x01, 0x00, 0x00, 0x38,
 0x6f, 0x01, 0x00, 0x00, 0x40, 0x79, 0x01, 0x00,
 0x00, 0x04, 0x1c, 0x01, 0x00, 0x00, 0xe4, 0x26,
 0x00, 0x00, 0xba, 0xd7, 0x51, 0x0e, 0x06, 0x1b,
 0x27, 0x00, 0x00, 0x24, 0x05, 0x00, 0x24, 0x01,
 0x00, 0x29, 0x8e, 0x04, 0xa5, 0x02, 0x0c, 0x0e,
 0x17, 0x05, 0x34, 0x10, 0x20, 0x12, 0x20, 0x10,
 0x2a, 0x22, 0x4d, 0x20, 0x1b, 0x14, 0x00, 0x60,
 0x00, 0x00, 0x38, 0x6f, 0x01, 0x00, 0x00, 0x40,
 0x7a, 0x01, 0x00, 0x00, 0x40, 0x7b, 0x01, 0x00,
 0x00, 0x11, 0xf1, 0x03, 0x0e, 0xc6, 0x41, 0x65,
 0x00, 0x00, 0x00, 0xc4, 0x00, 0xc4, 0x01, 0x34,
 0x24, 0x01, 0x00, 0x41, 0x7c, 0x01, 0x00, 0x00,
 0xc5, 0x02, 0x24, 0x01, 0x00, 0xcf, 0x61, 0x00,
 0x00, 0x95, 0xf0, 0x04, 0xc5, 0x03, 0x28, 0xc5,
 0x04, 0x28, 0x8e, 0x04, 0x9c, 0x02, 0x01, 0x08,
 0x12, 0x2a, 0x80, 0x17, 0x44, 0x0a, 0x22, 0x09,
 0x00, 0x0c, 0x43, 0x0a, 0x01, 0x84, 0x04, 0x02,
 0x00, 0x02, 0x06, 0x00, 0x00, 0x00, 0x41, 0x02,
 0xfa, 0x05, 0x00, 0x01, 0x00, 0xfc, 0x05, 0x00,
 0x01, 0x00, 0x38, 0x9e, 0x00, 0x00, 0x00, 0x41,
 0x6d, 0x00, 0x00, 0x00, 0xd7, 0x04, 0x7f, 0x01,
 0x00, 0x00, 0x0b, 0xd8, 0x4b, 0x44, 0x00, 0x00,
 0x00, 0x0a, 0x4b, 0x42, 0x00, 0x00, 0x00, 0x0a,
 0x4b, 0x41, 0x00, 0x00, 0x00, 0x24, 0x03, 0x00,
 0x0e, 0x38, 0x9e, 0x00, 0x00, 0x00, 0x41, 0x68,
 0x00, 0x00, 0x00, 0xd7, 0x40, 0x3f, 0x00, 0x00,
 0x00, 0xd8, 0x40, 0x3f, 0x00, 0x00, 0x00, 0x24,
 0x02, 0x00, 0x29, 0x8e, 0x04, 0xaa, 0x02, 0x01,
 0x0e, 0x03, 0x08, 0x34, 0x2c, 0x26, 0x15, 0x00,
 0x16, 0x08, 0x15, 0x34, 0x2c, 0x20, 0x20, 0x00,
 0x0c, 0x43, 0x0a, 0x01, 0x86, 0x04, 0x03, 0x01,
 0x03, 0x01, 0x04, 0x00, 0x01, 0x08, 0x04, 0x80,
 0x06, 0x00, 0x01, 0x40, 0x03, 0x68, 0x00, 0x01,
 0x40, 0x02, 0xd8, 0x05, 0x00, 0x01, 0x40, 0x01,
 0x82, 0x06, 0x01, 0x00, 0x60, 0x00, 0x0c, 0x41,
 0x0a, 0x01, 0x84, 0x06, 0x01, 0x01, 0x00, 0x07,
 0x00, 0x04, 0x00, 0x6a, 0x02, 0xa2, 0x05, 0x00,
 0x01, 0x00, 0x10, 0x00, 0x01, 0x00, 0x82, 0x06,
 0x00, 0x10, 0xd8, 0x05, 0x02, 0x01, 0x68, 0x01,
 0x01, 0x80, 0x06, 0x00, 0x01, 0x08, 0xcf, 0x0d,
 0x00, 0x00, 0xdb, 0x64, 0x00, 0x00, 0x95, 0xf0,
 0x54, 0x0a, 0x11, 0x65, 0x00, 0x00, 0x0e, 0x37,
 0x6f, 0x01, 0x00, 0x00, 0xfa, 0xf1, 0x37, 0x38,
 0x6f, 0x01, 0x00, 0x00, 0x40, 0x83, 0x01, 0x00,
 0x00, 0xf0, 0x2b, 0x38, 0x6f, 0x01, 0x00, 0x00,
 0x41, 0x83, 0x01, 0x00, 0x00, 0xe4, 0xf0, 0x17,
 0x04, 0x84, 0x01, 0x00, 0x00, 0x41, 0x64, 0x00,
 0x00, 0x00, 0xe4, 0x04, 0x85, 0x01, 0x00, 0x00,
 0xe5, 0x24, 0x03, 0x00, 0xf2, 0x02, 0xe5, 0x24,
 0x01, 0x00, 0x0e, 0xf2, 0x10, 0x38, 0x77, 0x01,
 0x00, 0x00, 0x41, 0x37, 0x00, 0x00, 0x00, 0xe5,
 0x24, 0x01, 0x00, 0x0e, 0xe6, 0x41, 0x62, 0x00,
 0x00, 0x00, 0xcb, 0xd7, 0x25, 0x02, 0x00, 0x8e,
 0x04, 0xb6, 0x02, 0x0c, 0x20, 0x21, 0x04, 0x21,
 0x01, 0x22, 0x16, 0x1b, 0x18, 0x11, 0x1e, 0x3f,
 0x43, 0x34, 0x28, 0x43, 0x16, 0x20, 0x12, 0x20,
 0x18, 0x27, 0x67, 0x34, 0x1c, 0x00, 0x05, 0x08,
 0x1d, 0x20, 0x12, 0x07, 0x0c, 0x00, 0x60, 0x00,
 0x00, 0x09, 0xcf, 0xc5, 0x00, 0x28, 0x8e, 0x04,
 0xb3, 0x02, 0x01, 0x00, 0x00, 0x0c, 0x42, 0x0a,
 0x01, 0x00, 0x01, 0x00, 0x01, 0x02, 0x00, 0x00,
 0x00, 0x08, 0x01, 0x88, 0x01, 0x00, 0x01, 0x00,
 0xd7, 0x38, 0xa8, 0x00, 0x00, 0x00, 0xa9, 0x28,
 0x8e, 0x04, 0xc8, 0x02, 0x0d, 0x04, 0x02, 0x12,
 0x07, 0x22, 0x00, 0x0c, 0x42, 0x0a, 0x01, 0x00,
 0x01, 0x00, 0x01, 0x02, 0x00, 0x00, 0x00, 0x08,
 0x01, 0x88, 0x01, 0x00, 0x01, 0x00, 0xd7, 0x38,
 0xac, 0x00, 0x00, 0x00, 0xa9, 0x28, 0x8e, 0x04,
 0xc9, 0x02, 0x0f, 0x04, 0x02, 0x12, 0x07, 0x22,
 0x00, 0x0c, 0x42, 0x0a, 0x01, 0x00, 0x01, 0x00,
 0x01, 0x02, 0x00, 0x00, 0x00, 0x08, 0x01, 0x88,
 0x01, 0x00, 0x01, 0x00, 0xd7, 0x38, 0xbf, 0x00,
 0x00, 0x00, 0xa9, 0x28, 0x8e, 0x04, 0xca, 0x02,
 0x0c, 0x04, 0x02, 0x12, 0x07, 0x22, 0x00, 0x0c,
 0x42, 0x0a, 0x01, 0x00, 0x01, 0x00, 0x01, 0x02,
 0x00, 0x00, 0x00, 0x08, 0x01, 0x88, 0x01, 0x00,
 0x01, 0x00, 0xd7, 0x38, 0xc0, 0x00, 0x00, 0x00,
 0xa9, 0x28, 0x8e, 0x04, 0xcb, 0x02, 0x0c, 0x04,
 0x02, 0x12, 0x07, 0x22, 0x00, 0x0c, 0x42, 0x0a,
 0x01, 0x00, 0x01, 0x00, 0x01, 0x02, 0x00, 0x00,
 0x00, 0x08, 0x01, 0x88, 0x01, 0x00, 0x01, 0x00,
 0xd7, 0x38, 0xce, 0x00, 0x00, 0x00, 0xa9, 0x28,
 0x8e, 0x04, 0xcc, 0x02, 0x10, 0x04, 0x02, 0x12,
 0x07, 0x22, 0x00, 0x0c, 0x42, 0x0a, 0x01, 0x00,
 0x01, 0x00, 0x01, 0x02, 0x00, 0x00, 0x00, 0x08,
 0x01, 0x88, 0x01, 0x00, 0x01, 0x00, 0xd7, 0x38,
 0xa0, 0x00, 0x00, 0x00, 0xa9, 0x28, 0x8e, 0x04,
 0xcd, 0x02, 0x14, 0x04, 0x02, 0x12, 0x07, 0x22,
 0x00, 0x0c, 0x42, 0x0a, 0x01, 0x00, 0x01, 0x00,
 0x01, 0x03, 0x00, 0x00, 0x00, 0x1b, 0x01, 0x88,
 0x01, 0x00, 0x01, 0x00, 0x38, 0xad, 0x00, 0x00,
 0x00, 0x41, 0x43, 0x01, 0x00, 0x00, 0xd7, 0x24,
 0x01, 0x00, 0x11, 0xf0, 0x0a, 0x0e, 0xd7, 0x38,
 0xbb, 0x00, 0x00, 0x00, 0xa9, 0x95, 0x28, 0x8e,
 0x04, 0xce, 0x02, 0x13, 0x08, 0x02, 0x12, 0x34,
 0x26, 0x2a, 0x18, 0x07, 0x22, 0x00, 0x0c, 0x42,
 0x0a, 0x01, 0x00, 0x01, 0x00, 0x01, 0x02, 0x00,
 0x00, 0x00, 0x08, 0x01, 0x88, 0x01, 0x00, 0x01,
 0x00, 0xd7, 0x38, 0xad, 0x00, 0x00, 0x00, 0xa9,
 0x28, 0x8e, 0x04, 0xcf, 0x02, 0x14, 0x04, 0x02,
 0x12, 0x07, 0x22, 0x00, 0x0c, 0x42, 0x0a, 0x01,
 0x00, 0x01, 0x00, 0x01, 0x02, 0x00, 0x00, 0x00,
 0x08, 0x01, 0x88, 0x01, 0x00, 0x01, 0x00, 0xd7,
 0x38, 0xbb, 0x00, 0x00, 0x00, 0xa9, 0x28, 0x8e,
 0x04, 0xd0, 0x02, 0x11, 0x04, 0x02, 0x12, 0x07,
 0x22, 0x00, 0x0c, 0x42, 0x0a, 0x01, 0x00, 0x01,
 0x00, 0x01, 0x02, 0x00, 0x00, 0x00, 0x22, 0x01,
 0x88, 0x01, 0x00, 0x01, 0x00, 0xd7, 0xfb, 0x11,
 0xf0, 0x1d, 0x0e, 0xd7, 0x40, 0x40, 0x00, 0x00,
 0x00, 0x11, 0xf0, 0x13, 0x0e, 0xd7, 0x40, 0x40,
 0x00, 0x00, 0x00, 0x40, 0x3a, 0x00, 0x00, 0x00,
 0x04, 0xd1, 0x00, 0x00, 0x00, 0xad, 0x28, 0x8e,
 0x04, 0xd1, 0x02, 0x16, 0x0a, 0x02, 0x20, 0x07,
 0x14, 0x1c, 0x4d, 0x34, 0x2a, 0x39, 0x36, 0x00,
 0x0c, 0x42, 0x0a, 0x01, 0x00, 0x01, 0x00, 0x01,
 0x02, 0x00, 0x00, 0x00, 0x22, 0x01, 0x88, 0x01,
 0x00, 0x01, 0x00, 0xd7, 0xfb, 0x11, 0xf0, 0x1d,
 0x0e, 0xd7, 0x40, 0x40, 0x00, 0x00, 0x00, 0x11,
 0xf0, 0x13, 0x0e, 0xd7, 0x40, 0x40, 0x00, 0x00,
 0x00, 0x40, 0x3a, 0x00, 0x00, 0x00, 0x04, 0xaa,
 0x00, 0x00, 0x00, 0xad, 0x28, 0x8e, 0x04, 0xd3,
 0x02, 0x1a, 0x0a, 0x02, 0x20, 0x07, 0x14, 0x1c,
 0x55, 0x34, 0x2a, 0x39, 0x36, 0x00, 0x0c, 0x42,
 0x0a, 0x01, 0x00, 0x01, 0x00, 0x01, 0x02, 0x00,
 0x00, 0x00, 0x09, 0x01, 0x88, 0x01, 0x00, 0x01,
 0x00, 0xd7, 0x96, 0x04, 0x4b, 0x00, 0x00, 0x00,
 0xad, 0x28, 0x8e, 0x04, 0xde, 0x02, 0x10, 0x04,
 0x02, 0x20, 0x07, 0x14, 0x00, 0x0c, 0x42, 0x0a,
 0x01, 0x00, 0x01, 0x00, 0x01, 0x03, 0x00, 0x00,
 0x00, 0x19, 0x01, 0x88, 0x01, 0x00, 0x01, 0x00,
 0x37, 0x35, 0x01, 0x00, 0x00, 0xfa, 0xf1, 0x10,
 0x38, 0x35, 0x01, 0x00, 0x00, 0x41, 0x36, 0x01,
 0x00, 0x00, 0xd7, 0x24, 0x01, 0x00, 0x28, 0x09,
 0x28, 0x8e, 0x04, 0xdf, 0x02, 0x0f, 0x08, 0x02,
 0x22, 0x1b, 0x16, 0x11, 0x1c, 0x34, 0x20, 0x00,
 0x0c, 0x42, 0x0a, 0x01, 0x00, 0x01, 0x00, 0x01,
 0x02, 0x00, 0x00, 0x00, 0x08, 0x01, 0x88, 0x01,
 0x00, 0x01, 0x00, 0xd7, 0x38, 0xa8, 0x00, 0x00,
 0x00, 0xa9, 0x28, 0x8e, 0x04, 0xe0, 0x02, 0x0d,
 0x04, 0x02, 0x12, 0x07, 0x22, 0x00, 0x0c, 0x42,
 0x0a, 0x01, 0x00, 0x01, 0x00, 0x01, 0x02, 0x00,
 0x00, 0x00, 0x08, 0x01, 0x88, 0x01, 0x00, 0x01,
 0x00, 0xd7, 0x38, 0xa0, 0x00, 0x00, 0x00, 0xa9,
 0x28, 0x8e, 0x04, 0xe1, 0x02, 0x0e, 0x04, 0x02,
 0x12, 0x07, 0x22, 0x00, 0x0c, 0x42, 0x0a, 0x01,
 0x00, 0x01, 0x00, 0x01, 0x01, 0x00, 0x00, 0x00,
 0x03, 0x01, 0x88, 0x01, 0x00, 0x01, 0x00, 0xd7,
 0xfb, 0x28, 0x8e, 0x04, 0xe2, 0x02, 0x11, 0x04,
 0x02, 0x20, 0x07, 0x14, 0x00, 0x0c, 0x42, 0x0a,
 0x01, 0x00, 0x01, 0x00, 0x01, 0x01, 0x00, 0x00,
 0x00, 0x03, 0x01, 0x88, 0x01, 0x00, 0x01, 0x00,
 0xd7, 0xf9, 0x28, 0x8e, 0x04, 0xe3, 0x02, 0x0d,
 0x04, 0x02, 0x12, 0x07, 0x14, 0x00, 0x0c, 0x42,
 0x0a, 0x01, 0x00, 0x01, 0x00, 0x01, 0x02, 0x00,
 0x00, 0x00, 0x0e, 0x01, 0x88, 0x01, 0x00, 0x01,
 0x00, 0xd7, 0xf9, 0x11, 0xf1, 0x09, 0x0e, 0xd7,
 0x38, 0x49, 0x00, 0x00, 0x00, 0xad, 0x28, 0x8e,
 0x04, 0xe4, 0x02, 0x18, 0x08, 0x02, 0x12, 0x07,
 0x14, 0x1b, 0x10, 0x07, 0x14, 0x00, 0x0c, 0x42,
 0x0a, 0x01, 0x00, 0x01, 0x00, 0x01, 0x02, 0x00,
 0x00, 0x00, 0x09, 0x01, 0x88, 0x01, 0x00, 0x01,
 0x00, 0xd7, 0x96, 0x04, 0x4a, 0x00, 0x00, 0x00,
 0xad, 0x28, 0x8e, 0x04, 0xe5, 0x02, 0x0f, 0x04,
 0x02, 0x20, 0x07, 0x14, 0x00, 0x0c, 0x42, 0x0a,
 0x01, 0x00, 0x01, 0x00, 0x01, 0x03, 0x00, 0x01,
 0x00, 0x17, 0x01, 0x88, 0x01, 0x00, 0x01, 0x00,
 0xf4, 0x03, 0x02, 0x00, 0xe3, 0xd7, 0xf5, 0x11,
 0xf0, 0x11, 0x0e, 0x38, 0x9f, 0x00, 0x00, 0x00,
 0x41, 0x25, 0x01, 0x00, 0x00, 0xd7, 0x24, 0x01,
 0x00, 0x95, 0x28, 0x8e, 0x04, 0xe6, 0x02, 0x0f,
 0x08, 0x02, 0x12, 0x07, 0x12, 0x20, 0x16, 0x34,
 0x1c, 0x00, 0x0c, 0x42, 0x0a, 0x01, 0x00, 0x01,
 0x00, 0x01, 0x02, 0x00, 0x00, 0x00, 0x1b, 0x01,
 0x88, 0x01, 0x00, 0x01, 0x00, 0xd7, 0xf9, 0x11,
 0xf1, 0x16, 0x0e, 0xd7, 0x96, 0x04, 0x4d, 0x00,
 0x00, 0x00, 0xae, 0x11, 0xf0, 0x0a, 0x0e, 0xd7,
 0x96, 0x04, 0x1b, 0x00, 0x00, 0x00, 0xae, 0x28,
 0x8e, 0x04, 0xe7, 0x02, 0x12, 0x0c, 0x02, 0x12,
 0x07, 0x14, 0x1b, 0x20, 0x07, 0x14, 0x39, 0x26,
 0x07, 0x14, 0x00, 0x0c, 0x42, 0x0a, 0x01, 0x00,
 0x01, 0x00, 0x01, 0x02, 0x00, 0x00, 0x00, 0x08,
 0x01, 0x88, 0x01, 0x00, 0x01, 0x00, 0xd7, 0x38,
 0xac, 0x00, 0x00, 0x00, 0xa9, 0x28, 0x8e, 0x04,
 0xe8, 0x02, 0x0f, 0x04, 0x02, 0x12, 0x07, 0x22,
 0x00, 0x0c, 0x42, 0x0a, 0x01, 0x00, 0x01, 0x00,
 0x01, 0x02, 0x00, 0x00, 0x00, 0x09, 0x01, 0x88,
 0x01, 0x00, 0x01, 0x00, 0xd7, 0x96, 0x04, 0x4c,
 0x00, 0x00, 0x00, 0xad, 0x28, 0x8e, 0x04, 0xe9,
 0x02, 0x0f, 0x04, 0x02, 0x20, 0x07, 0x14, 0x00,
 0x0c, 0x42, 0x0a, 0x01, 0x00, 0x01, 0x00, 0x01,
 0x02, 0x00, 0x00, 0x00, 0x09, 0x01, 0x88, 0x01,
 0x00, 0x01, 0x00, 0xd7, 0x96, 0x04, 0x4e, 0x00,
 0x00, 0x00, 0xad, 0x28, 0x8e, 0x04, 0xea, 0x02,
 0x0f, 0x04, 0x02, 0x20, 0x07, 0x14, 0x00, 0x0c,
 0x42, 0x0a, 0x01, 0x00, 0x01, 0x00, 0x01, 0x02,
 0x00, 0x00, 0x00, 0x08, 0x01, 0x88, 0x01, 0x00,
 0x01, 0x00, 0xd7, 0x38, 0x49, 0x00, 0x00, 0x00,
 0xad, 0x28, 0x8e, 0x04, 0xeb, 0x02, 0x12, 0x04,
 0x02, 0x12, 0x07, 0x14, 0x00, 0x0c, 0x43, 0x0a,
 0x01, 0x8c, 0x04, 0x02, 0x00, 0x02, 0x05, 0x00,
 0x01, 0x00, 0x24, 0x02, 0x8c, 0x06, 0x00, 0x01,
 0x00, 0xd8, 0x04, 0x00, 0x01, 0x00, 0xe6, 0x03,
 0x01, 0x01, 0x6b, 0x19, 0x00, 0x00, 0x00, 0xe3,
 0x04, 0x87, 0x01, 0x00, 0x00, 0xf5, 0x41, 0x88,
 0x01, 0x00, 0x00, 0xd7, 0xd8, 0x24, 0x02, 0x00,
 0x0e, 0x0a, 0x6e, 0x28, 0x0e, 0x6b, 0x07, 0x00,
 0x00, 0x00, 0x09, 0x6e, 0x28, 0x30, 0x8e, 0x04,
 0xf0, 0x02, 0x01, 0x06, 0x1d, 0x10, 0x3e, 0x44,
 0x07, 0x06, 0x00, 0x0c, 0x40, 0x0a, 0x01, 0x00,
 0x02, 0x00, 0x01, 0x04, 0x00, 0x01, 0x00, 0x12,
 0x02, 0xa4, 0x04, 0x00, 0x01, 0x00, 0xa2, 0x05,
 0x00, 0x01, 0x00, 0xfc, 0x03, 0x06, 0x00, 0x0d,
 0x01, 0x00, 0xdc, 0xe3, 0x26, 0x00, 0x00, 0xba,
 0xd8, 0x51, 0x0e, 0x06, 0x1b, 0x27, 0x00, 0x00,
 0x28, 0x8e, 0x04, 0xfe, 0x02, 0x18, 0x04, 0x16,
 0x2c, 0x1b, 0x14, 0x00, 0x0c, 0x40, 0x0a, 0x01,
 0x00, 0x01, 0x00, 0x00, 0x05, 0x00, 0x00, 0x00,
 0x20, 0x01, 0xa2, 0x05, 0x00, 0x01, 0x00, 0x0d,
 0x00, 0x00, 0xdb, 0x38, 0x6f, 0x01, 0x00, 0x00,
 0x40, 0x89, 0x01, 0x00, 0x00, 0x41, 0x8a, 0x01,
 0x00, 0x00, 0xd7, 0x41, 0x63, 0x00, 0x00, 0x00,
 0xc6, 0x24, 0x01, 0x00, 0x25, 0x01, 0x00, 0x8e,
 0x04, 0x8c, 0x03, 0x0c, 0x06, 0x16, 0x1a, 0x4d,
 0x2a, 0x20, 0x0a, 0x00, 0x0c, 0x40, 0x0a, 0x01,
 0x00, 0x01, 0x00, 0x00, 0x07, 0x00, 0x00, 0x00,
 0x2e, 0x01, 0xa2, 0x05, 0x00, 0x01, 0x00, 0x0d,
 0x00, 0x00, 0xdb, 0x38, 0x6f, 0x01, 0x00, 0x00,
 0x40, 0x89, 0x01, 0x00, 0x00, 0x41, 0x8a, 0x01,
 0x00, 0x00, 0xc6, 0x41, 0x64, 0x00, 0x00, 0x00,
 0xd7, 0x41, 0x63, 0x00, 0x00, 0x00, 0xc6, 0x24,
 0x01, 0x00, 0x04, 0x8b, 0x01, 0x00, 0x00, 0x24,
 0x02, 0x00, 0x25, 0x01, 0x00, 0x8e, 0x04, 0x8d,
 0x03, 0x0b, 0x08, 0x16, 0x1a, 0x4d, 0x1e, 0x20,
 0x12, 0x20, 0x0a, 0x00, 0x0c, 0x42, 0x0a, 0x01,
 0x00, 0x01, 0x00, 0x01, 0x06, 0x00, 0x00, 0x00,
 0x25, 0x01, 0x68, 0x00, 0x01, 0x00, 0x38, 0x6f,
 0x01, 0x00, 0x00, 0x40, 0x8c, 0x01, 0x00, 0x00,
 0x41, 0x8a, 0x01, 0x00, 0x00, 0x04, 0x8d, 0x01,
 0x00, 0x00, 0x41, 0x64, 0x00, 0x00, 0x00, 0xd7,
 0x04, 0x8b, 0x01, 0x00, 0x00, 0x24, 0x02, 0x00,
 0x25, 0x01, 0x00, 0x8e, 0x04, 0x8e, 0x03, 0x0c,
 0x06, 0x02, 0x16, 0x4d, 0x1e, 0x34, 0x20, 0x00,
 0x0c, 0x40, 0x0a, 0x01, 0x00, 0x01, 0x00, 0x00,
 0x07, 0x00, 0x00, 0x00, 0x2e, 0x01, 0xa2, 0x05,
 0x00, 0x01, 0x00, 0x0d, 0x00, 0x00, 0xdb, 0x38,
 0x6f, 0x01, 0x00, 0x00, 0x40, 0x8c, 0x01, 0x00,
 0x00, 0x41, 0x8a, 0x01, 0x00, 0x00, 0xc6, 0x41,
 0x64, 0x00, 0x00, 0x00, 0xd7, 0x41, 0x63, 0x00,
 0x00, 0x00, 0xc6, 0x24, 0x01, 0x00, 0x04, 0x8b,
 0x01, 0x00, 0x00, 0x24, 0x02, 0x00, 0x25, 0x01,
 0x00, 0x8e, 0x04, 0x8f, 0x03, 0x0c, 0x08, 0x16,
 0x1a, 0x4d, 0x1e, 0x20, 0x12, 0x20, 0x0a, 0x00,
 0x0c, 0x42, 0x0a, 0x01, 0x00, 0x01, 0x00, 0x01,
 0x03, 0x00, 0x00, 0x00, 0x0e, 0x01, 0x68, 0x00,
 0x01, 0x00, 0x38, 0x77, 0x01, 0x00, 0x00, 0x41,
 0x8e, 0x01, 0x00, 0x00, 0xd7, 0x25, 0x01, 0x00,
 0x8e, 0x04, 0x90, 0x03, 0x0a, 0x04, 0x02, 0x16,
 0x34, 0x18, 0x00, 0xc5, 0x00, 0xd1, 0xc5, 0x01,
 0xd2, 0xc5, 0x04, 0xc8, 0x05, 0xc5, 0x05, 0xc8,
 0x06, 0xc5, 0x06, 0xc8, 0x07, 0xc5, 0x07, 0xc8,
 0x08, 0xc5, 0x08, 0xc8, 0x09, 0xc5, 0x09, 0xc8,
 0x0a, 0xc5, 0x0a, 0xc8, 0x0b, 0xc5, 0x24, 0xc8,
 0x0e, 0x60, 0x0d, 0x00, 0x60, 0x0c, 0x00, 0x60,
 0x04, 0x00, 0x60, 0x01, 0x00, 0x60, 0x00, 0x00,
 0x38, 0xa4, 0x00, 0x00, 0x00, 0x41, 0x11, 0x00,
 0x00, 0x00, 0x04, 0x8f, 0x01, 0x00, 0x00, 0x24,
 0x01, 0x00, 0xcf, 0x38, 0xa4, 0x00, 0x00, 0x00,
 0x41, 0x11, 0x00, 0x00, 0x00, 0x04, 0x90, 0x01,
 0x00, 0x00, 0x24, 0x01, 0x00, 0xd0, 0xc4, 0x02,
 0xc4, 0x03, 0x34, 0xc8, 0x04, 0xc7, 0x05, 0x61,
 0x00, 0x00, 0x42, 0x91, 0x01, 0x00, 0x00, 0xc7,
 0x07, 0x61, 0x01, 0x00, 0x42, 0x91, 0x01, 0x00,
 0x00, 0x0b, 0xc5, 0x0b, 0x4c, 0x92, 0x01, 0x00,
 0x00, 0x4b, 0x92, 0x01, 0x00, 0x00, 0xc5, 0x0c,
 0x4c, 0x93, 0x01, 0x00, 0x00, 0x4b, 0x93, 0x01,
 0x00, 0x00, 0xc5, 0x0d, 0x4c, 0x94, 0x01, 0x00,
 0x00, 0x4b, 0x94, 0x01, 0x00, 0x00, 0xc5, 0x0e,
 0x4c, 0x95, 0x01, 0x00, 0x00, 0x4b, 0x95, 0x01,
 0x00, 0x00, 0xc5, 0x0f, 0x4c, 0x96, 0x01, 0x00,
 0x00, 0x4b, 0x96, 0x01, 0x00, 0x00, 0xc5, 0x10,
 0x4c, 0x97, 0x01, 0x00, 0x00, 0x4b, 0x97, 0x01,
 0x00, 0x00, 0xc5, 0x11, 0x4c, 0x98, 0x01, 0x00,
 0x00, 0x4b, 0x98, 0x01, 0x00, 0x00, 0xc5, 0x12,
 0x4c, 0x99, 0x01, 0x00, 0x00, 0x4b, 0x99, 0x01,
 0x00, 0x00, 0xc5, 0x13, 0x4c, 0x9a, 0x01, 0x00,
 0x00, 0x4b, 0x9a, 0x01, 0x00, 0x00, 0xc5, 0x14,
 0x4c, 0x9b, 0x01, 0x00, 0x00, 0x4b, 0x9b, 0x01,
 0x00, 0x00, 0xc5, 0x15, 0x4c, 0x9c, 0x01, 0x00,
 0x00, 0x4b, 0x9c, 0x01, 0x00, 0x00, 0xc8, 0x0c,
 0x0b, 0x38, 0x9f, 0x00, 0x00, 0x00, 0x40, 0x25,
 0x01, 0x00, 0x00, 0x4b, 0x25, 0x01, 0x00, 0x00,
 0xc5, 0x16, 0x4c, 0x9d, 0x01, 0x00, 0x00, 0x4b,
 0x9d, 0x01, 0x00, 0x00, 0xc5, 0x17, 0x4c, 0x36,
 0x01, 0x00, 0x00, 0x4b, 0x36, 0x01, 0x00, 0x00,
 0xc5, 0x18, 0x4c, 0x92, 0x01, 0x00, 0x00, 0x4b,
 0x92, 0x01, 0x00, 0x00, 0xc5, 0x19, 0x4c, 0x9e,
 0x01, 0x00, 0x00, 0x4b, 0x9e, 0x01, 0x00, 0x00,
 0xc5, 0x1a, 0x4c, 0x9f, 0x01, 0x00, 0x00, 0x4b,
 0x9f, 0x01, 0x00, 0x00, 0xc5, 0x1b, 0x4c, 0xa0,
 0x01, 0x00, 0x00, 0x4b, 0xa0, 0x01, 0x00, 0x00,
 0xc5, 0x1c, 0x4c, 0xa1, 0x01, 0x00, 0x00, 0x4b,
 0xa1, 0x01, 0x00, 0x00, 0xc5, 0x1d, 0x4c, 0xa2,
 0x01, 0x00, 0x00, 0x4b, 0xa2, 0x01, 0x00, 0x00,
 0xc5, 0x1e, 0x4c, 0xfa, 0x00, 0x00, 0x00, 0x4b,
 0xfa, 0x00, 0x00, 0x00, 0xc5, 0x1f, 0x4c, 0xa3,
 0x01, 0x00, 0x00, 0x4b, 0xa3, 0x01, 0x00, 0x00,
 0xc5, 0x20, 0x4c, 0x93, 0x01, 0x00, 0x00, 0x4b,
 0x93, 0x01, 0x00, 0x00, 0xc5, 0x21, 0x4c, 0xa4,
 0x01, 0x00, 0x00, 0x4b, 0xa4, 0x01, 0x00, 0x00,
 0xc5, 0x22, 0x4c, 0xa5, 0x01, 0x00, 0x00, 0x4b,
 0xa5, 0x01, 0x00, 0x00, 0xc5, 0x23, 0x4c, 0xa6,
 0x01, 0x00, 0x00, 0x4b, 0xa6, 0x01, 0x00, 0x00,
 0xc8, 0x0d, 0xd9, 0x0b, 0xc7, 0x06, 0x4b, 0xfe,
 0x00, 0x00, 0x00, 0xc5, 0x25, 0x4c, 0xa7, 0x01,
 0x00, 0x00, 0x4b, 0xa7, 0x01, 0x00, 0x00, 0xc7,
 0x05, 0x4b, 0xfd, 0x00, 0x00, 0x00, 0xc7, 0x07,
 0x4b, 0xff, 0x00, 0x00, 0x00, 0xc7, 0x08, 0x4b,
 0x00, 0x01, 0x00, 0x00, 0xc7, 0x0a, 0x4b, 0x02,
 0x01, 0x00, 0x00, 0xc7, 0x0b, 0x4b, 0x03, 0x01,
 0x00, 0x00, 0xc7, 0x09, 0x4b, 0x01, 0x01, 0x00,
 0x00, 0x61, 0x0c, 0x00, 0x4b, 0x04, 0x01, 0x00,
 0x00, 0xc7, 0x0e, 0x4b, 0x06, 0x01, 0x00, 0x00,
 0x38, 0xa8, 0x01, 0x00, 0x00, 0x4b, 0xa8, 0x01,
 0x00, 0x00, 0x38, 0xa9, 0x01, 0x00, 0x00, 0x4b,
 0xa9, 0x01, 0x00, 0x00, 0x61, 0x0d, 0x00, 0x07,
 0x52, 0x06, 0x0e, 0x0e, 0xc5, 0x26, 0x4c, 0xaa,
 0x01, 0x00, 0x00, 0x4b, 0xaa, 0x01, 0x00, 0x00,
 0xc5, 0x27, 0x4c, 0xab, 0x01, 0x00, 0x00, 0x4b,
 0xab, 0x01, 0x00, 0x00, 0xc5, 0x28, 0x4c, 0x76,
 0x01, 0x00, 0x00, 0x4b, 0x76, 0x01, 0x00, 0x00,
 0xc5, 0x29, 0x4c, 0x37, 0x00, 0x00, 0x00, 0x4b,
 0x37, 0x00, 0x00, 0x00, 0xc5, 0x2a, 0x4c, 0x8e,
 0x01, 0x00, 0x00, 0x4b, 0x8e, 0x01, 0x00, 0x00,
 0x42, 0xf2, 0x00, 0x00, 0x00, 0x29, 0x8e, 0x04,
 0x01, 0x01, 0x27, 0x00, 0x35, 0x1c, 0x2e, 0x34,
 0x0e, 0x30, 0x15, 0x34, 0x0e, 0x00, 0x10, 0xac,
 0x02, 0x33, 0x0c, 0x22, 0x00, 0x08, 0xb0, 0x01,
 0x21, 0x0c, 0x26, 0x00, 0x90, 0x01, 0xbe, 0x01,
 0x0b, 0x00, 0xb9, 0x01, 0x3a, 0x19, 0x00, 0x62,
 0x1e, 0x0e, 0x00, 0xc5, 0x00, 0xd3, 0x28, 0x8e,
 0x04, 0x01, 0x01, 0x00, 0x00,
};

const t2_builtin_t t2_core_modules[] = {
    { "assert", t2__core_assert, sizeof(t2__core_assert) },
    { "constants", t2__core_constants, sizeof(t2__core_constants) },
    { "events", t2__core_events, sizeof(t2__core_events) },
    { "fs", t2__core_fs, sizeof(t2__core_fs) },
    { "querystring", t2__core_querystring, sizeof(t2__core_querystring) },
    { "stream", t2__core_stream, sizeof(t2__core_stream) },
    { "string_decoder", t2__core_string_decoder, sizeof(t2__core_string_decoder) },
    { "url", t2__core_url, sizeof(t2__core_url) },
    { "util", t2__core_util, sizeof(t2__core_util) },
    { NULL, NULL, 0 }
};
